"物料ID","物料编码","物料名称","当前一级","当前一级名称","建议一级","建议一级名称","建议二级","建议二级名称","命中依据","置信度","分组","备注"
"1","MAT001","PET薄膜透明125μm","C01","薄膜/片材/离型膜/保护膜","C01","薄膜/片材/离型膜/保护膜","C01-01","PET","PET","高","同级细化",""
"2","MAT002","PET薄膜白色188μm","C01","薄膜/片材/离型膜/保护膜","C01","薄膜/片材/离型膜/保护膜","C01-01","PET","PET","高","同级细化",""
"3","MAT003","PVC薄膜透明0.15mm","C01","薄膜/片材/离型膜/保护膜","C01","薄膜/片材/离型膜/保护膜","C01-03","PVC","PVC","高","同级细化",""
"4","MAT004","不干胶PET银色","C01","薄膜/片材/离型膜/保护膜","C01","薄膜/片材/离型膜/保护膜","C01-01","PET","PET","高","同级细化",""
"5","MAT005","不干胶PVC白色","C01","薄膜/片材/离型膜/保护膜","C01","薄膜/片材/离型膜/保护膜","C01-03","PVC","PVC","高","同级细化",""
"6","MAT006","丝印油墨-黑色","C03","油墨/涂料/UV/功能浆料","C03","油墨/涂料/UV/功能浆料","C03-01","UV油墨","油墨","低","字形相近","字形并列（C03-01 / C03-02）必须人工确认"
"7","MAT007","丝印油墨-白色","C03","油墨/涂料/UV/功能浆料","C03","油墨/涂料/UV/功能浆料","C03-01","UV油墨","油墨","低","字形相近","字形并列（C03-01 / C03-02）必须人工确认"
"8","MAT008","导电银浆","C03","油墨/涂料/UV/功能浆料","C03","油墨/涂料/UV/功能浆料","C03-05","导电碳浆","导电","低","字形相近","仅字形相近，必须人工确认"
"9","MAT009","UV光油","C03","油墨/涂料/UV/功能浆料","C03","油墨/涂料/UV/功能浆料","C03-03","光油","光油","中","同级细化",""
"10","MAT010","网版感光胶","C05","丝印/制版/网版耗材","C05","丝印/制版/网版耗材","C05-05","感光胶","感光胶","高","同级细化","次选 C05-01(2)"
"11","MAT011","空调控制面板标签","C06","标签/碳带/打印耗材与设备","C06","标签/碳带/打印耗材与设备","C06-02","标签","标签","中","同级细化",""
"12","MAT012","洗衣机控制面板","C06","标签/碳带/打印耗材与设备","","","","","","需人工","零命中","C06 下无任何关键词/字形命中，需查 BOM 或供应商"
"13","MAT013","手机电池标签","C06","标签/碳带/打印耗材与设备","C06","标签/碳带/打印耗材与设备","C06-02","标签","标签","中","同级细化",""
"14","MAT014","新能源电池标签","C06","标签/碳带/打印耗材与设备","C06","标签/碳带/打印耗材与设备","C06-02","标签","标签","中","同级细化",""
"15","MAT015","医疗设备面板","C09","UV/设备配件/备件","","","","","","需人工","零命中","C09 下无任何关键词/字形命中，需查 BOM 或供应商"
"16","MAT016","工业设备铭牌","C09","UV/设备配件/备件","C02","胶带/胶粘/泡棉/硅胶","C02-02","工业胶带","工业","低","字形相近","仅字形相近，必须人工确认"
"17","MAT017","电子元器件标签","C06","标签/碳带/打印耗材与设备","C06","标签/碳带/打印耗材与设备","C06-02","标签","标签","中","同级细化",""
"18","MAT018","电池防伪标签","C06","标签/碳带/打印耗材与设备","C06","标签/碳带/打印耗材与设备","C06-02","标签","标签","中","同级细化",""
"19","MAT019","汽车仪表盘面板","C06","标签/碳带/打印耗材与设备","","","","","","需人工","零命中","C06 下无任何关键词/字形命中，需查 BOM 或供应商"
"20","MAT020","智能家居面板","C06","标签/碳带/打印耗材与设备","","","","","","需人工","零命中","C06 下无任何关键词/字形命中，需查 BOM 或供应商"
"22","辅助品","玫瑰红","C03","油墨/涂料/UV/功能浆料","","","","","","需人工","零命中","C03 下无任何关键词/字形命中，需查 BOM 或供应商"
"23","包材","浓白色","C07","包装材料/管材/胶带","","","","","","需人工","零命中","C07 下无任何关键词/字形命中，需查 BOM 或供应商"
"24","1","网版","C05","丝印/制版/网版耗材","C05","丝印/制版/网版耗材","C05-01","网版","网版","中","同级细化",""
"27","4","网版","C05","丝印/制版/网版耗材","C05","丝印/制版/网版耗材","C05-01","网版","网版","中","同级细化",""
"28","5","网版","C05","丝印/制版/网版耗材","C05","丝印/制版/网版耗材","C05-01","网版","网版","中","同级细化",""
"29","6","网版","C05","丝印/制版/网版耗材","C05","丝印/制版/网版耗材","C05-01","网版","网版","中","同级细化",""
"30","7","网版","C05","丝印/制版/网版耗材","C05","丝印/制版/网版耗材","C05-01","网版","网版","中","同级细化",""
"31","8","网版","C05","丝印/制版/网版耗材","C05","丝印/制版/网版耗材","C05-01","网版","网版","中","同级细化",""
"33","10","网版","C05","丝印/制版/网版耗材","C05","丝印/制版/网版耗材","C05-01","网版","网版","中","同级细化",""
"34","11","网版","C05","丝印/制版/网版耗材","C05","丝印/制版/网版耗材","C05-01","网版","网版","中","同级细化",""
"35","12","网版","C05","丝印/制版/网版耗材","C05","丝印/制版/网版耗材","C05-01","网版","网版","中","同级细化",""
"36","13","网版","C05","丝印/制版/网版耗材","C05","丝印/制版/网版耗材","C05-01","网版","网版","中","同级细化",""
"37","14","网版","C05","丝印/制版/网版耗材","C05","丝印/制版/网版耗材","C05-01","网版","网版","中","同级细化",""
"38","15","网版","C05","丝印/制版/网版耗材","C05","丝印/制版/网版耗材","C05-01","网版","网版","中","同级细化",""
"39","16","网版","C05","丝印/制版/网版耗材","C05","丝印/制版/网版耗材","C05-01","网版","网版","中","同级细化",""
"40","17","网版","C05","丝印/制版/网版耗材","C05","丝印/制版/网版耗材","C05-01","网版","网版","中","同级细化",""
"41","18","网版","C05","丝印/制版/网版耗材","C05","丝印/制版/网版耗材","C05-01","网版","网版","中","同级细化",""
"42","19","网版","C05","丝印/制版/网版耗材","C05","丝印/制版/网版耗材","C05-01","网版","网版","中","同级细化",""
"43","20","网版","C05","丝印/制版/网版耗材","C05","丝印/制版/网版耗材","C05-01","网版","网版","中","同级细化",""
"47","24","网版","C05","丝印/制版/网版耗材","C05","丝印/制版/网版耗材","C05-01","网版","网版","中","同级细化",""
"48","25","网版","C05","丝印/制版/网版耗材","C05","丝印/制版/网版耗材","C05-01","网版","网版","中","同级细化",""
"51","28","网版","C05","丝印/制版/网版耗材","C05","丝印/制版/网版耗材","C05-01","网版","网版","中","同级细化",""
"54","31","网版","C05","丝印/制版/网版耗材","C05","丝印/制版/网版耗材","C05-01","网版","网版","中","同级细化",""
"55","32","网版","C05","丝印/制版/网版耗材","C05","丝印/制版/网版耗材","C05-01","网版","网版","中","同级细化",""
"56","33","网版","C05","丝印/制版/网版耗材","C05","丝印/制版/网版耗材","C05-01","网版","网版","中","同级细化",""
"57","34","网版","C05","丝印/制版/网版耗材","C05","丝印/制版/网版耗材","C05-01","网版","网版","中","同级细化",""
"58","35","网版","C05","丝印/制版/网版耗材","C05","丝印/制版/网版耗材","C05-01","网版","网版","中","同级细化",""
"60","37","格底铜版纸","C12","待确认/其他","C07","包装材料/管材/胶带","C07-09","铜版纸/合成纸","铜版纸","高","跨一级重分类",""
"62","39","网版","C05","丝印/制版/网版耗材","C05","丝印/制版/网版耗材","C05-01","网版","网版","中","同级细化",""
"63","40","网框","C05","丝印/制版/网版耗材","C05","丝印/制版/网版耗材","C05-02","网框","网框","中","同级细化",""
"65","42","网版","C05","丝印/制版/网版耗材","C05","丝印/制版/网版耗材","C05-01","网版","网版","中","同级细化",""
"66","43","网版","C05","丝印/制版/网版耗材","C05","丝印/制版/网版耗材","C05-01","网版","网版","中","同级细化",""
"67","44","格底铜版纸","C12","待确认/其他","C07","包装材料/管材/胶带","C07-09","铜版纸/合成纸","铜版纸","高","跨一级重分类",""
"68","45","格底铜版纸","C12","待确认/其他","C07","包装材料/管材/胶带","C07-09","铜版纸/合成纸","铜版纸","高","跨一级重分类",""
"69","46","网版","C05","丝印/制版/网版耗材","C05","丝印/制版/网版耗材","C05-01","网版","网版","中","同级细化",""
"70","47","格底铜版纸","C12","待确认/其他","C07","包装材料/管材/胶带","C07-09","铜版纸/合成纸","铜版纸","高","跨一级重分类",""
"71","48","网版","C05","丝印/制版/网版耗材","C05","丝印/制版/网版耗材","C05-01","网版","网版","中","同级细化",""
"72","49","格底铜版纸","C12","待确认/其他","C07","包装材料/管材/胶带","C07-09","铜版纸/合成纸","铜版纸","高","跨一级重分类",""
"73","50","格底铜版纸","C12","待确认/其他","C07","包装材料/管材/胶带","C07-09","铜版纸/合成纸","铜版纸","高","跨一级重分类",""
"74","51","原材料","C12","待确认/其他","","","","","","","占位行","占位/表头行，先清洗再分类"
"75","52","原材料","C12","待确认/其他","","","","","","","占位行","占位/表头行，先清洗再分类"
"76","53","76#格底珠光膜","C12","待确认/其他","","","","","","需人工","零命中","C12 下无任何关键词/字形命中，需查 BOM 或供应商"
"78","55","格底铜版纸","C12","待确认/其他","C07","包装材料/管材/胶带","C07-09","铜版纸/合成纸","铜版纸","高","跨一级重分类",""
"79","56","格底铜版纸","C12","待确认/其他","C07","包装材料/管材/胶带","C07-09","铜版纸/合成纸","铜版纸","高","跨一级重分类",""
"88","65","格底铜版纸","C12","待确认/其他","C07","包装材料/管材/胶带","C07-09","铜版纸/合成纸","铜版纸","高","跨一级重分类",""
"89","66","格底铜版纸","C12","待确认/其他","C07","包装材料/管材/胶带","C07-09","铜版纸/合成纸","铜版纸","高","跨一级重分类",""
"91","68","格底铜版纸","C12","待确认/其他","C07","包装材料/管材/胶带","C07-09","铜版纸/合成纸","铜版纸","高","跨一级重分类",""
"92","69","格底铜版纸","C12","待确认/其他","C07","包装材料/管材/胶带","C07-09","铜版纸/合成纸","铜版纸","高","跨一级重分类",""
"93","70","格底铜版纸","C12","待确认/其他","C07","包装材料/管材/胶带","C07-09","铜版纸/合成纸","铜版纸","高","跨一级重分类",""
"97","74","格底高粘铜版纸","C12","待确认/其他","C07","包装材料/管材/胶带","C07-09","铜版纸/合成纸","铜版纸","高","跨一级重分类",""
"98","75","格底高粘铜版纸","C12","待确认/其他","C07","包装材料/管材/胶带","C07-09","铜版纸/合成纸","铜版纸","高","跨一级重分类",""
"102","79","格底高粘铜版纸","C12","待确认/其他","C07","包装材料/管材/胶带","C07-09","铜版纸/合成纸","铜版纸","高","跨一级重分类",""
"103","80","格底高粘铜版纸","C12","待确认/其他","C07","包装材料/管材/胶带","C07-09","铜版纸/合成纸","铜版纸","高","跨一级重分类",""
"104","81","格底镜铜","C12","待确认/其他","","","","","","需人工","零命中","C12 下无任何关键词/字形命中，需查 BOM 或供应商"
"105","82","厚底铜版纸","C12","待确认/其他","C07","包装材料/管材/胶带","C07-09","铜版纸/合成纸","铜版纸","高","跨一级重分类",""
"106","83","厚底铜版纸","C12","待确认/其他","C07","包装材料/管材/胶带","C07-09","铜版纸/合成纸","铜版纸","高","跨一级重分类",""
"108","85","厚底铜版纸","C12","待确认/其他","C07","包装材料/管材/胶带","C07-09","铜版纸/合成纸","铜版纸","高","跨一级重分类",""
"109","86","厚底铜版纸","C12","待确认/其他","C07","包装材料/管材/胶带","C07-09","铜版纸/合成纸","铜版纸","高","跨一级重分类",""
"110","87","厚底铜版纸","C12","待确认/其他","C07","包装材料/管材/胶带","C07-09","铜版纸/合成纸","铜版纸","高","跨一级重分类",""
"111","88","雪铜","C12","待确认/其他","","","","","","需人工","零命中","C12 下无任何关键词/字形命中，需查 BOM 或供应商"
"112","89","雪铜","C12","待确认/其他","","","","","","需人工","零命中","C12 下无任何关键词/字形命中，需查 BOM 或供应商"
"113","90","雪铜","C12","待确认/其他","","","","","","需人工","零命中","C12 下无任何关键词/字形命中，需查 BOM 或供应商"
"114","91","雪铜","C12","待确认/其他","","","","","","需人工","零命中","C12 下无任何关键词/字形命中，需查 BOM 或供应商"
"115","92","雪铜","C12","待确认/其他","","","","","","需人工","零命中","C12 下无任何关键词/字形命中，需查 BOM 或供应商"
"118","95","格底铜版纸","C12","待确认/其他","C07","包装材料/管材/胶带","C07-09","铜版纸/合成纸","铜版纸","高","跨一级重分类",""
"119","96","蓝底雪铜","C12","待确认/其他","","","","","","需人工","零命中","C12 下无任何关键词/字形命中，需查 BOM 或供应商"
"120","97","蓝底雪铜","C12","待确认/其他","","","","","","需人工","零命中","C12 下无任何关键词/字形命中，需查 BOM 或供应商"
"124","101","格底镜铜","C12","待确认/其他","","","","","","需人工","零命中","C12 下无任何关键词/字形命中，需查 BOM 或供应商"
"125","102","格底镜铜","C12","待确认/其他","","","","","","需人工","零命中","C12 下无任何关键词/字形命中，需查 BOM 或供应商"
"126","103","格底镜铜","C12","待确认/其他","","","","","","需人工","零命中","C12 下无任何关键词/字形命中，需查 BOM 或供应商"
"127","104","格底镜铜","C12","待确认/其他","","","","","","需人工","零命中","C12 下无任何关键词/字形命中，需查 BOM 或供应商"
"128","105","格底镜铜","C12","待确认/其他","","","","","","需人工","零命中","C12 下无任何关键词/字形命中，需查 BOM 或供应商"
"129","106","格底镜铜","C12","待确认/其他","","","","","","需人工","零命中","C12 下无任何关键词/字形命中，需查 BOM 或供应商"
"131","108","R胶PET","C12","待确认/其他","C01","薄膜/片材/离型膜/保护膜","C01-01","PET","PET","高","跨一级重分类",""
"133","110","R胶PET","C12","待确认/其他","C01","薄膜/片材/离型膜/保护膜","C01-01","PET","PET","高","跨一级重分类",""
"134","111","R胶PET","C12","待确认/其他","C01","薄膜/片材/离型膜/保护膜","C01-01","PET","PET","高","跨一级重分类",""
"135","112","R胶PET","C12","待确认/其他","C01","薄膜/片材/离型膜/保护膜","C01-01","PET","PET","高","跨一级重分类",""
"136","113","R胶铜版纸","C12","待确认/其他","C07","包装材料/管材/胶带","C07-09","铜版纸/合成纸","铜版纸","高","跨一级重分类",""
"137","114","R胶铜版纸","C12","待确认/其他","C07","包装材料/管材/胶带","C07-09","铜版纸/合成纸","铜版纸","高","跨一级重分类",""
"138","115","R胶铜版纸","C12","待确认/其他","C07","包装材料/管材/胶带","C07-09","铜版纸/合成纸","铜版纸","高","跨一级重分类",""
"139","116","R胶铜版纸","C12","待确认/其他","C07","包装材料/管材/胶带","C07-09","铜版纸/合成纸","铜版纸","高","跨一级重分类",""
"140","117","双层格底铜版纸","C12","待确认/其他","C07","包装材料/管材/胶带","C07-09","铜版纸/合成纸","铜版纸","高","跨一级重分类",""
"141","118","双层格底铜版纸","C12","待确认/其他","C07","包装材料/管材/胶带","C07-09","铜版纸/合成纸","铜版纸","高","跨一级重分类",""
"142","119","双层格底铜版纸","C12","待确认/其他","C07","包装材料/管材/胶带","C07-09","铜版纸/合成纸","铜版纸","高","跨一级重分类",""
"144","121","双层格底铜版纸","C12","待确认/其他","C07","包装材料/管材/胶带","C07-09","铜版纸/合成纸","铜版纸","高","跨一级重分类",""
"145","122","双层格底铜版纸","C12","待确认/其他","C07","包装材料/管材/胶带","C07-09","铜版纸/合成纸","铜版纸","高","跨一级重分类",""
"146","123","热敏纸","C12","待确认/其他","","","","","","需人工","零命中","C12 下无任何关键词/字形命中，需查 BOM 或供应商"
"147","124","双层格底热转印纸","C12","待确认/其他","","","","","","需人工","零命中","C12 下无任何关键词/字形命中，需查 BOM 或供应商"
"148","125","R胶铜版纸","C12","待确认/其他","C07","包装材料/管材/胶带","C07-09","铜版纸/合成纸","铜版纸","高","跨一级重分类",""
"149","126","热敏纸","C12","待确认/其他","","","","","","需人工","零命中","C12 下无任何关键词/字形命中，需查 BOM 或供应商"
"150","127","热敏纸","C12","待确认/其他","","","","","","需人工","零命中","C12 下无任何关键词/字形命中，需查 BOM 或供应商"
"151","128","热敏纸","C12","待确认/其他","","","","","","需人工","零命中","C12 下无任何关键词/字形命中，需查 BOM 或供应商"
"152","129","热敏纸","C12","待确认/其他","","","","","","需人工","零命中","C12 下无任何关键词/字形命中，需查 BOM 或供应商"
"153","130","热敏纸","C12","待确认/其他","","","","","","需人工","零命中","C12 下无任何关键词/字形命中，需查 BOM 或供应商"
"154","131","热敏纸","C12","待确认/其他","","","","","","需人工","零命中","C12 下无任何关键词/字形命中，需查 BOM 或供应商"
"155","132","格底模造纸","C12","待确认/其他","","","","","","需人工","零命中","C12 下无任何关键词/字形命中，需查 BOM 或供应商"
"156","133","格底模造纸","C12","待确认/其他","","","","","","需人工","零命中","C12 下无任何关键词/字形命中，需查 BOM 或供应商"
"158","135","格底模造纸","C12","待确认/其他","","","","","","需人工","零命中","C12 下无任何关键词/字形命中，需查 BOM 或供应商"
"159","136","格底模造纸","C12","待确认/其他","","","","","","需人工","零命中","C12 下无任何关键词/字形命中，需查 BOM 或供应商"
"160","137","格底模造纸","C12","待确认/其他","","","","","","需人工","零命中","C12 下无任何关键词/字形命中，需查 BOM 或供应商"
"161","138","格底模造纸","C12","待确认/其他","","","","","","需人工","零命中","C12 下无任何关键词/字形命中，需查 BOM 或供应商"
"164","141","R胶PET","C12","待确认/其他","C01","薄膜/片材/离型膜/保护膜","C01-01","PET","PET","高","跨一级重分类",""
"165","142","格底模造纸","C12","待确认/其他","","","","","","需人工","零命中","C12 下无任何关键词/字形命中，需查 BOM 或供应商"
"166","143","格底模造纸","C12","待确认/其他","","","","","","需人工","零命中","C12 下无任何关键词/字形命中，需查 BOM 或供应商"
"167","144","格底模造纸","C12","待确认/其他","","","","","","需人工","零命中","C12 下无任何关键词/字形命中，需查 BOM 或供应商"
"168","145","格底模造纸","C12","待确认/其他","","","","","","需人工","零命中","C12 下无任何关键词/字形命中，需查 BOM 或供应商"
"169","146","格底模造纸","C12","待确认/其他","","","","","","需人工","零命中","C12 下无任何关键词/字形命中，需查 BOM 或供应商"
"170","147","格底模造纸","C12","待确认/其他","","","","","","需人工","零命中","C12 下无任何关键词/字形命中，需查 BOM 或供应商"
"171","148","格底模造纸","C12","待确认/其他","","","","","","需人工","零命中","C12 下无任何关键词/字形命中，需查 BOM 或供应商"
"172","149","格底模造纸","C12","待确认/其他","","","","","","需人工","零命中","C12 下无任何关键词/字形命中，需查 BOM 或供应商"
"173","150","格底模造纸","C12","待确认/其他","","","","","","需人工","零命中","C12 下无任何关键词/字形命中，需查 BOM 或供应商"
"174","151","格底模造纸","C12","待确认/其他","","","","","","需人工","零命中","C12 下无任何关键词/字形命中，需查 BOM 或供应商"
"175","152","格底模造纸","C12","待确认/其他","","","","","","需人工","零命中","C12 下无任何关键词/字形命中，需查 BOM 或供应商"
"176","153","格底模造纸","C12","待确认/其他","","","","","","需人工","零命中","C12 下无任何关键词/字形命中，需查 BOM 或供应商"
"177","154","格底模造纸","C12","待确认/其他","","","","","","需人工","零命中","C12 下无任何关键词/字形命中，需查 BOM 或供应商"
"178","155","格底模造纸","C12","待确认/其他","","","","","","需人工","零命中","C12 下无任何关键词/字形命中，需查 BOM 或供应商"
"179","156","格底模造纸","C12","待确认/其他","","","","","","需人工","零命中","C12 下无任何关键词/字形命中，需查 BOM 或供应商"
"180","157","格底模造纸","C12","待确认/其他","","","","","","需人工","零命中","C12 下无任何关键词/字形命中，需查 BOM 或供应商"
"181","158","格底模造纸","C12","待确认/其他","","","","","","需人工","零命中","C12 下无任何关键词/字形命中，需查 BOM 或供应商"
"182","159","格底模造纸","C12","待确认/其他","","","","","","需人工","零命中","C12 下无任何关键词/字形命中，需查 BOM 或供应商"
"183","160","格底模造纸","C12","待确认/其他","","","","","","需人工","零命中","C12 下无任何关键词/字形命中，需查 BOM 或供应商"
"184","161","格底模造纸","C12","待确认/其他","","","","","","需人工","零命中","C12 下无任何关键词/字形命中，需查 BOM 或供应商"
"185","162","格底模造纸","C12","待确认/其他","","","","","","需人工","零命中","C12 下无任何关键词/字形命中，需查 BOM 或供应商"
"186","163","格底模造纸","C12","待确认/其他","","","","","","需人工","零命中","C12 下无任何关键词/字形命中，需查 BOM 或供应商"
"187","164","格底牛皮纸","C12","待确认/其他","","","","","","需人工","零命中","C12 下无任何关键词/字形命中，需查 BOM 或供应商"
"188","165","R胶铜版纸","C12","待确认/其他","C07","包装材料/管材/胶带","C07-09","铜版纸/合成纸","铜版纸","高","跨一级重分类",""
"189","166","75#带胶PC","C12","待确认/其他","C01","薄膜/片材/离型膜/保护膜","C01-02","PC","PC","中","跨一级重分类",""
"190","167","75#带胶PC","C12","待确认/其他","C01","薄膜/片材/离型膜/保护膜","C01-02","PC","PC","中","跨一级重分类",""
"191","168","厚底模造纸","C12","待确认/其他","","","","","","需人工","零命中","C12 下无任何关键词/字形命中，需查 BOM 或供应商"
"192","169","厚底模造纸","C12","待确认/其他","","","","","","需人工","零命中","C12 下无任何关键词/字形命中，需查 BOM 或供应商"
"193","170","厚底模造纸","C12","待确认/其他","","","","","","需人工","零命中","C12 下无任何关键词/字形命中，需查 BOM 或供应商"
"194","171","厚底模造纸","C12","待确认/其他","","","","","","需人工","零命中","C12 下无任何关键词/字形命中，需查 BOM 或供应商"
"195","172","厚底模造纸","C12","待确认/其他","","","","","","需人工","零命中","C12 下无任何关键词/字形命中，需查 BOM 或供应商"
"196","173","厚底模造纸","C12","待确认/其他","","","","","","需人工","零命中","C12 下无任何关键词/字形命中，需查 BOM 或供应商"
"197","174","0.1PET","C12","待确认/其他","C01","薄膜/片材/离型膜/保护膜","C01-01","PET","pe+et","低","字形相近","字形并列（C01-01 / C02-03）必须人工确认"
"198","175","R胶PET","C12","待确认/其他","C01","薄膜/片材/离型膜/保护膜","C01-01","PET","PET","高","跨一级重分类",""
"199","176","白亮PET","C12","待确认/其他","C01","薄膜/片材/离型膜/保护膜","C01-01","PET","PET","高","跨一级重分类",""
"201","178","白亮PET","C12","待确认/其他","C01","薄膜/片材/离型膜/保护膜","C01-01","PET","PET","高","跨一级重分类",""
"202","179","白亮PET","C12","待确认/其他","C01","薄膜/片材/离型膜/保护膜","C01-01","PET","PET","高","跨一级重分类",""
"203","180","白亮PET","C12","待确认/其他","C01","薄膜/片材/离型膜/保护膜","C01-01","PET","PET","高","跨一级重分类",""
"204","181","白亮PET","C12","待确认/其他","C01","薄膜/片材/离型膜/保护膜","C01-01","PET","PET","高","跨一级重分类",""
"205","182","白亮PET","C12","待确认/其他","C01","薄膜/片材/离型膜/保护膜","C01-01","PET","PET","高","跨一级重分类",""
"206","183","白亮PET","C12","待确认/其他","C01","薄膜/片材/离型膜/保护膜","C01-01","PET","PET","高","跨一级重分类",""
"207","184","白亮PET","C12","待确认/其他","C01","薄膜/片材/离型膜/保护膜","C01-01","PET","PET","高","跨一级重分类",""
"208","185","白亮PET","C12","待确认/其他","C01","薄膜/片材/离型膜/保护膜","C01-01","PET","PET","高","跨一级重分类",""
"209","186","白亮PET","C12","待确认/其他","C01","薄膜/片材/离型膜/保护膜","C01-01","PET","PET","高","跨一级重分类",""
"210","187","白亮PET","C12","待确认/其他","C01","薄膜/片材/离型膜/保护膜","C01-01","PET","PET","高","跨一级重分类",""
"211","188","白亮PET","C12","待确认/其他","C01","薄膜/片材/离型膜/保护膜","C01-01","PET","PET","高","跨一级重分类",""
"212","189","白亮PET","C12","待确认/其他","C01","薄膜/片材/离型膜/保护膜","C01-01","PET","PET","高","跨一级重分类",""
"213","190","白亮PET","C12","待确认/其他","C01","薄膜/片材/离型膜/保护膜","C01-01","PET","PET","高","跨一级重分类",""
"214","191","白亮PET","C12","待确认/其他","C01","薄膜/片材/离型膜/保护膜","C01-01","PET","PET","高","跨一级重分类",""
"215","192","白亮PET","C12","待确认/其他","C01","薄膜/片材/离型膜/保护膜","C01-01","PET","PET","高","跨一级重分类",""
"216","193","白亮PET","C12","待确认/其他","C01","薄膜/片材/离型膜/保护膜","C01-01","PET","PET","高","跨一级重分类",""
"217","194","白亮PET","C12","待确认/其他","C01","薄膜/片材/离型膜/保护膜","C01-01","PET","PET","高","跨一级重分类",""
"218","195","白亮PET","C12","待确认/其他","C01","薄膜/片材/离型膜/保护膜","C01-01","PET","PET","高","跨一级重分类",""
"219","196","白亮PET","C12","待确认/其他","C01","薄膜/片材/离型膜/保护膜","C01-01","PET","PET","高","跨一级重分类",""
"221","198","白亮PET","C12","待确认/其他","C01","薄膜/片材/离型膜/保护膜","C01-01","PET","PET","高","跨一级重分类",""
"222","199","白亮PET","C12","待确认/其他","C01","薄膜/片材/离型膜/保护膜","C01-01","PET","PET","高","跨一级重分类",""
"223","200","耐高温纸","C12","待确认/其他","","","","","","需人工","零命中","C12 下无任何关键词/字形命中，需查 BOM 或供应商"
"224","201","白亮PET","C12","待确认/其他","C01","薄膜/片材/离型膜/保护膜","C01-01","PET","PET","高","跨一级重分类",""
"225","202","白亮PET","C12","待确认/其他","C01","薄膜/片材/离型膜/保护膜","C01-01","PET","PET","高","跨一级重分类",""
"226","203","白亮PET","C12","待确认/其他","C01","薄膜/片材/离型膜/保护膜","C01-01","PET","PET","高","跨一级重分类",""
"227","204","白亮PET","C12","待确认/其他","C01","薄膜/片材/离型膜/保护膜","C01-01","PET","PET","高","跨一级重分类",""
"228","205","白亮PET","C12","待确认/其他","C01","薄膜/片材/离型膜/保护膜","C01-01","PET","PET","高","跨一级重分类",""
"229","206","白亮PET","C12","待确认/其他","C01","薄膜/片材/离型膜/保护膜","C01-01","PET","PET","高","跨一级重分类",""
"234","211","白亮PET","C12","待确认/其他","C01","薄膜/片材/离型膜/保护膜","C01-01","PET","PET","高","跨一级重分类",""
"235","212","白亮PET","C12","待确认/其他","C01","薄膜/片材/离型膜/保护膜","C01-01","PET","PET","高","跨一级重分类",""
"236","213","白亮PET","C12","待确认/其他","C01","薄膜/片材/离型膜/保护膜","C01-01","PET","PET","高","跨一级重分类",""
"237","214","白亮PET","C12","待确认/其他","C01","薄膜/片材/离型膜/保护膜","C01-01","PET","PET","高","跨一级重分类",""
"238","215","白亮PET","C12","待确认/其他","C01","薄膜/片材/离型膜/保护膜","C01-01","PET","PET","高","跨一级重分类",""
"239","216","白亮PET","C12","待确认/其他","C01","薄膜/片材/离型膜/保护膜","C01-01","PET","PET","高","跨一级重分类",""
"240","217","白亮PET","C12","待确认/其他","C01","薄膜/片材/离型膜/保护膜","C01-01","PET","PET","高","跨一级重分类",""
"241","218","白亮PET","C12","待确认/其他","C01","薄膜/片材/离型膜/保护膜","C01-01","PET","PET","高","跨一级重分类",""
"242","219","原材料","C12","待确认/其他","","","","","","","占位行","占位/表头行，先清洗再分类"
"243","220","原材料","C12","待确认/其他","","","","","","","占位行","占位/表头行，先清洗再分类"
"244","221","原材料","C12","待确认/其他","","","","","","","占位行","占位/表头行，先清洗再分类"
"245","222","原材料","C12","待确认/其他","","","","","","","占位行","占位/表头行，先清洗再分类"
"246","223","白雾PET","C12","待确认/其他","C01","薄膜/片材/离型膜/保护膜","C01-01","PET","PET","高","跨一级重分类",""
"247","224","白雾PET","C12","待确认/其他","C01","薄膜/片材/离型膜/保护膜","C01-01","PET","PET","高","跨一级重分类",""
"248","225","白雾PET","C12","待确认/其他","C01","薄膜/片材/离型膜/保护膜","C01-01","PET","PET","高","跨一级重分类",""
"249","226","白雾PET","C12","待确认/其他","C01","薄膜/片材/离型膜/保护膜","C01-01","PET","PET","高","跨一级重分类",""
"250","227","白雾PET","C12","待确认/其他","C01","薄膜/片材/离型膜/保护膜","C01-01","PET","PET","高","跨一级重分类",""
"251","228","白雾PET","C12","待确认/其他","C01","薄膜/片材/离型膜/保护膜","C01-01","PET","PET","高","跨一级重分类",""
"252","229","白亮PET","C12","待确认/其他","C01","薄膜/片材/离型膜/保护膜","C01-01","PET","PET","高","跨一级重分类",""
"253","230","白亮PET","C12","待确认/其他","C01","薄膜/片材/离型膜/保护膜","C01-01","PET","PET","高","跨一级重分类",""
"254","231","白亮PET","C12","待确认/其他","C01","薄膜/片材/离型膜/保护膜","C01-01","PET","PET","高","跨一级重分类",""
"255","232","白亮PET","C12","待确认/其他","C01","薄膜/片材/离型膜/保护膜","C01-01","PET","PET","高","跨一级重分类",""
"256","233","白亮PET","C12","待确认/其他","C01","薄膜/片材/离型膜/保护膜","C01-01","PET","PET","高","跨一级重分类",""
"257","234","白亮PET","C12","待确认/其他","C01","薄膜/片材/离型膜/保护膜","C01-01","PET","PET","高","跨一级重分类",""
"258","235","白亮PET","C12","待确认/其他","C01","薄膜/片材/离型膜/保护膜","C01-01","PET","PET","高","跨一级重分类",""
"259","236","白亮PET","C12","待确认/其他","C01","薄膜/片材/离型膜/保护膜","C01-01","PET","PET","高","跨一级重分类",""
"260","237","白亮PET","C12","待确认/其他","C01","薄膜/片材/离型膜/保护膜","C01-01","PET","PET","高","跨一级重分类",""
"261","238","白亮PET","C12","待确认/其他","C01","薄膜/片材/离型膜/保护膜","C01-01","PET","PET","高","跨一级重分类",""
"262","239","白亮PET","C12","待确认/其他","C01","薄膜/片材/离型膜/保护膜","C01-01","PET","PET","高","跨一级重分类",""
"263","240","白亮PET","C12","待确认/其他","C01","薄膜/片材/离型膜/保护膜","C01-01","PET","PET","高","跨一级重分类",""
"264","241","白亮PET","C12","待确认/其他","C01","薄膜/片材/离型膜/保护膜","C01-01","PET","PET","高","跨一级重分类",""
"265","242","50#压花胶PET","C12","待确认/其他","C01","薄膜/片材/离型膜/保护膜","C01-01","PET","PET","低","跨一级重分类","并列（C01-01 / C02-06）需裁决"
"268","245","R胶热敏纸","C12","待确认/其他","","","","","","需人工","零命中","C12 下无任何关键词/字形命中，需查 BOM 或供应商"
"269","246","R胶热敏纸","C12","待确认/其他","","","","","","需人工","零命中","C12 下无任何关键词/字形命中，需查 BOM 或供应商"
"270","247","R胶热敏纸","C12","待确认/其他","","","","","","需人工","零命中","C12 下无任何关键词/字形命中，需查 BOM 或供应商"
"274","251","聚脂膜W","C12","待确认/其他","","","","","","需人工","零命中","C12 下无任何关键词/字形命中，需查 BOM 或供应商"
"277","254","原材料","C12","待确认/其他","","","","","","","占位行","占位/表头行，先清洗再分类"
"278","255","聚脂膜B","C12","待确认/其他","","","","","","需人工","零命中","C12 下无任何关键词/字形命中，需查 BOM 或供应商"
"279","256","聚脂膜G","C12","待确认/其他","","","","","","需人工","零命中","C12 下无任何关键词/字形命中，需查 BOM 或供应商"
"280","257","聚脂膜B","C12","待确认/其他","","","","","","需人工","零命中","C12 下无任何关键词/字形命中，需查 BOM 或供应商"
"281","258","聚脂膜B","C12","待确认/其他","","","","","","需人工","零命中","C12 下无任何关键词/字形命中，需查 BOM 或供应商"
"282","259","聚脂膜B","C12","待确认/其他","","","","","","需人工","零命中","C12 下无任何关键词/字形命中，需查 BOM 或供应商"
"283","260","聚脂膜B","C12","待确认/其他","","","","","","需人工","零命中","C12 下无任何关键词/字形命中，需查 BOM 或供应商"
"284","261","聚脂膜B","C12","待确认/其他","","","","","","需人工","零命中","C12 下无任何关键词/字形命中，需查 BOM 或供应商"
"285","262","聚脂膜B","C12","待确认/其他","","","","","","需人工","零命中","C12 下无任何关键词/字形命中，需查 BOM 或供应商"
"286","263","聚脂膜B","C12","待确认/其他","","","","","","需人工","零命中","C12 下无任何关键词/字形命中，需查 BOM 或供应商"
"301","278","25#白色特多龙","C12","待确认/其他","","","","","","需人工","零命中","C12 下无任何关键词/字形命中，需查 BOM 或供应商"
"302","279","25#白色特多龙","C12","待确认/其他","","","","","","需人工","零命中","C12 下无任何关键词/字形命中，需查 BOM 或供应商"
"303","280","25#白色特多龙","C12","待确认/其他","","","","","","需人工","零命中","C12 下无任何关键词/字形命中，需查 BOM 或供应商"
"304","281","25#白色特多龙","C12","待确认/其他","","","","","","需人工","零命中","C12 下无任何关键词/字形命中，需查 BOM 或供应商"
"369","346","25#保护膜","C12","待确认/其他","C01","薄膜/片材/离型膜/保护膜","C01-08","保护膜","保护膜","高","跨一级重分类",""
"437","414","25#格底消银龙","C12","待确认/其他","","","","","","需人工","零命中","C12 下无任何关键词/字形命中，需查 BOM 或供应商"
"491","468","50#格底消银龙","C12","待确认/其他","","","","","","需人工","零命中","C12 下无任何关键词/字形命中，需查 BOM 或供应商"
"520","497","100#不变色消银龙","C12","待确认/其他","","","","","","需人工","零命中","C12 下无任何关键词/字形命中，需查 BOM 或供应商"
"530","507","75#变色消银龙","C12","待确认/其他","","","","","","需人工","零命中","C12 下无任何关键词/字形命中，需查 BOM 或供应商"
"531","508","75#变色消银龙","C12","待确认/其他","","","","","","需人工","零命中","C12 下无任何关键词/字形命中，需查 BOM 或供应商"
"619","598","50#压花胶透明龙","C12","待确认/其他","C02","胶带/胶粘/泡棉/硅胶","C02-06","压花胶/平胶","压花胶","高","跨一级重分类",""
"648","627","上光膜","C12","待确认/其他","","","","","","需人工","零命中","C12 下无任何关键词/字形命中，需查 BOM 或供应商"
"649","628","上光膜","C12","待确认/其他","","","","","","需人工","零命中","C12 下无任何关键词/字形命中，需查 BOM 或供应商"
"650","629","上光膜","C12","待确认/其他","","","","","","需人工","零命中","C12 下无任何关键词/字形命中，需查 BOM 或供应商"
"658","637","上光膜","C12","待确认/其他","","","","","","需人工","零命中","C12 下无任何关键词/字形命中，需查 BOM 或供应商"
"661","640","上光膜","C12","待确认/其他","","","","","","需人工","零命中","C12 下无任何关键词/字形命中，需查 BOM 或供应商"
"662","641","上光膜","C12","待确认/其他","","","","","","需人工","零命中","C12 下无任何关键词/字形命中，需查 BOM 或供应商"
"663","642","上光膜","C12","待确认/其他","","","","","","需人工","零命中","C12 下无任何关键词/字形命中，需查 BOM 或供应商"
"668","647","上光膜","C12","待确认/其他","","","","","","需人工","零命中","C12 下无任何关键词/字形命中，需查 BOM 或供应商"
"669","648","上光膜","C12","待确认/其他","","","","","","需人工","零命中","C12 下无任何关键词/字形命中，需查 BOM 或供应商"
"670","649","上光膜","C12","待确认/其他","","","","","","需人工","零命中","C12 下无任何关键词/字形命中，需查 BOM 或供应商"
"671","650","上光膜","C12","待确认/其他","","","","","","需人工","零命中","C12 下无任何关键词/字形命中，需查 BOM 或供应商"
"672","651","上光膜","C12","待确认/其他","","","","","","需人工","零命中","C12 下无任何关键词/字形命中，需查 BOM 或供应商"
"673","652","上光膜","C12","待确认/其他","","","","","","需人工","零命中","C12 下无任何关键词/字形命中，需查 BOM 或供应商"
"674","653","上光膜","C12","待确认/其他","","","","","","需人工","零命中","C12 下无任何关键词/字形命中，需查 BOM 或供应商"
"675","654","上光膜","C12","待确认/其他","","","","","","需人工","零命中","C12 下无任何关键词/字形命中，需查 BOM 或供应商"
"678","657","上光膜","C12","待确认/其他","","","","","","需人工","零命中","C12 下无任何关键词/字形命中，需查 BOM 或供应商"
"683","662","50#网状PET","C12","待确认/其他","C01","薄膜/片材/离型膜/保护膜","C01-01","PET","PET","高","跨一级重分类",""
"685","664","50#网状PET","C12","待确认/其他","C01","薄膜/片材/离型膜/保护膜","C01-01","PET","PET","高","跨一级重分类",""
"689","668","50#网状PET","C12","待确认/其他","C01","薄膜/片材/离型膜/保护膜","C01-01","PET","PET","高","跨一级重分类",""
"691","670","50#网状PET","C12","待确认/其他","C01","薄膜/片材/离型膜/保护膜","C01-01","PET","PET","高","跨一级重分类",""
"692","671","50#网状PET","C12","待确认/其他","C01","薄膜/片材/离型膜/保护膜","C01-01","PET","PET","高","跨一级重分类",""
"693","672","50#网状PET","C12","待确认/其他","C01","薄膜/片材/离型膜/保护膜","C01-01","PET","PET","高","跨一级重分类",""
"695","674","原材料","C12","待确认/其他","","","","","","","占位行","占位/表头行，先清洗再分类"
"699","678","15#上光膜","C12","待确认/其他","","","","","","需人工","零命中","C12 下无任何关键词/字形命中，需查 BOM 或供应商"
"700","679","15#上光膜","C12","待确认/其他","","","","","","需人工","零命中","C12 下无任何关键词/字形命中，需查 BOM 或供应商"
"708","687","200#合成纸","C12","待确认/其他","C07","包装材料/管材/胶带","C07-09","铜版纸/合成纸","合成纸","高","跨一级重分类",""
"709","688","200#合成纸","C12","待确认/其他","C07","包装材料/管材/胶带","C07-09","铜版纸/合成纸","合成纸","高","跨一级重分类",""
"710","689","25#上光膜","C12","待确认/其他","","","","","","需人工","零命中","C12 下无任何关键词/字形命中，需查 BOM 或供应商"
"717","696","25#保护膜","C12","待确认/其他","C01","薄膜/片材/离型膜/保护膜","C01-08","保护膜","保护膜","高","跨一级重分类",""
"720","699","25#保护膜","C12","待确认/其他","C01","薄膜/片材/离型膜/保护膜","C01-08","保护膜","保护膜","高","跨一级重分类",""
"721","700","25#保护膜","C12","待确认/其他","C01","薄膜/片材/离型膜/保护膜","C01-08","保护膜","保护膜","高","跨一级重分类",""
"722","701","25#保护膜","C12","待确认/其他","C01","薄膜/片材/离型膜/保护膜","C01-08","保护膜","保护膜","高","跨一级重分类",""
"723","702","25#保护膜","C12","待确认/其他","C01","薄膜/片材/离型膜/保护膜","C01-08","保护膜","保护膜","高","跨一级重分类",""
"724","703","25#保护膜","C12","待确认/其他","C01","薄膜/片材/离型膜/保护膜","C01-08","保护膜","保护膜","高","跨一级重分类",""
"725","704","25#保护膜","C12","待确认/其他","C01","薄膜/片材/离型膜/保护膜","C01-08","保护膜","保护膜","高","跨一级重分类",""
"726","705","25#保护膜","C12","待确认/其他","C01","薄膜/片材/离型膜/保护膜","C01-08","保护膜","保护膜","高","跨一级重分类",""
"727","706","25#保护膜","C12","待确认/其他","C01","薄膜/片材/离型膜/保护膜","C01-08","保护膜","保护膜","高","跨一级重分类",""
"733","712","25#保护膜","C12","待确认/其他","C01","薄膜/片材/离型膜/保护膜","C01-08","保护膜","保护膜","高","跨一级重分类",""
"734","713","25#保护膜","C12","待确认/其他","C01","薄膜/片材/离型膜/保护膜","C01-08","保护膜","保护膜","高","跨一级重分类",""
"735","714","25#保护膜","C12","待确认/其他","C01","薄膜/片材/离型膜/保护膜","C01-08","保护膜","保护膜","高","跨一级重分类",""
"736","715","25#保护膜","C12","待确认/其他","C01","薄膜/片材/离型膜/保护膜","C01-08","保护膜","保护膜","高","跨一级重分类",""
"737","716","25#保护膜","C12","待确认/其他","C01","薄膜/片材/离型膜/保护膜","C01-08","保护膜","保护膜","高","跨一级重分类",""
"738","717","25#保护膜","C12","待确认/其他","C01","薄膜/片材/离型膜/保护膜","C01-08","保护膜","保护膜","高","跨一级重分类",""
"742","721","25#保护膜","C12","待确认/其他","C01","薄膜/片材/离型膜/保护膜","C01-08","保护膜","保护膜","高","跨一级重分类",""
"751","731","25#保护膜","C12","待确认/其他","C01","薄膜/片材/离型膜/保护膜","C01-08","保护膜","保护膜","高","跨一级重分类",""
"756","736","保护膜","C12","待确认/其他","C01","薄膜/片材/离型膜/保护膜","C01-08","保护膜","保护膜","高","跨一级重分类",""
"761","741","网状保护膜","C12","待确认/其他","C01","薄膜/片材/离型膜/保护膜","C01-08","保护膜","保护膜","高","跨一级重分类",""
"771","751","网状保护膜","C12","待确认/其他","C01","薄膜/片材/离型膜/保护膜","C01-08","保护膜","保护膜","高","跨一级重分类",""
"773","753","保护膜","C12","待确认/其他","C01","薄膜/片材/离型膜/保护膜","C01-08","保护膜","保护膜","高","跨一级重分类",""
"783","763","保护膜","C12","待确认/其他","C01","薄膜/片材/离型膜/保护膜","C01-08","保护膜","保护膜","高","跨一级重分类",""
"784","764","保护膜","C12","待确认/其他","C01","薄膜/片材/离型膜/保护膜","C01-08","保护膜","保护膜","高","跨一级重分类",""
"785","765","保护膜","C12","待确认/其他","C01","薄膜/片材/离型膜/保护膜","C01-08","保护膜","保护膜","高","跨一级重分类",""
"786","766","保护膜","C12","待确认/其他","C01","薄膜/片材/离型膜/保护膜","C01-08","保护膜","保护膜","高","跨一级重分类",""
"787","767","保护膜","C12","待确认/其他","C01","薄膜/片材/离型膜/保护膜","C01-08","保护膜","保护膜","高","跨一级重分类",""
"791","771","保护膜","C12","待确认/其他","C01","薄膜/片材/离型膜/保护膜","C01-08","保护膜","保护膜","高","跨一级重分类",""
"796","776","无底雾膜","C12","待确认/其他","","","","","","需人工","零命中","C12 下无任何关键词/字形命中，需查 BOM 或供应商"
"799","779","无底雾膜","C12","待确认/其他","","","","","","需人工","零命中","C12 下无任何关键词/字形命中，需查 BOM 或供应商"
"803","783","无底雾膜","C12","待确认/其他","","","","","","需人工","零命中","C12 下无任何关键词/字形命中，需查 BOM 或供应商"
"804","784","无底雾膜","C12","待确认/其他","","","","","","需人工","零命中","C12 下无任何关键词/字形命中，需查 BOM 或供应商"
"805","785","无底雾膜","C12","待确认/其他","","","","","","需人工","零命中","C12 下无任何关键词/字形命中，需查 BOM 或供应商"
"806","786","无底雾膜","C12","待确认/其他","","","","","","需人工","零命中","C12 下无任何关键词/字形命中，需查 BOM 或供应商"
"808","788","无底雾膜","C12","待确认/其他","","","","","","需人工","零命中","C12 下无任何关键词/字形命中，需查 BOM 或供应商"
"810","790","无底雾膜","C12","待确认/其他","","","","","","需人工","零命中","C12 下无任何关键词/字形命中，需查 BOM 或供应商"
"811","791","无底雾膜","C12","待确认/其他","","","","","","需人工","零命中","C12 下无任何关键词/字形命中，需查 BOM 或供应商"
"814","794","50#透明离型纸","C12","待确认/其他","C01","薄膜/片材/离型膜/保护膜","C01-07","离型膜","离型","低","字形相近","仅字形相近，必须人工确认"
"818","798","有底雾膜","C12","待确认/其他","","","","","","需人工","零命中","C12 下无任何关键词/字形命中，需查 BOM 或供应商"
"832","812","有底雾膜","C12","待确认/其他","","","","","","需人工","零命中","C12 下无任何关键词/字形命中，需查 BOM 或供应商"
"895","875","电磁膜","C12","待确认/其他","","","","","","需人工","零命中","C12 下无任何关键词/字形命中，需查 BOM 或供应商"
"991","971","离型纸","C12","待确认/其他","C01","薄膜/片材/离型膜/保护膜","C01-07","离型膜","离型","低","字形相近","仅字形相近，必须人工确认"
"992","972","离型纸","C12","待确认/其他","C01","薄膜/片材/离型膜/保护膜","C01-07","离型膜","离型","低","字形相近","仅字形相近，必须人工确认"
"993","973","离型纸","C12","待确认/其他","C01","薄膜/片材/离型膜/保护膜","C01-07","离型膜","离型","低","字形相近","仅字形相近，必须人工确认"
"994","974","离型纸","C12","待确认/其他","C01","薄膜/片材/离型膜/保护膜","C01-07","离型膜","离型","低","字形相近","仅字形相近，必须人工确认"
"995","975","离型纸","C12","待确认/其他","C01","薄膜/片材/离型膜/保护膜","C01-07","离型膜","离型","低","字形相近","仅字形相近，必须人工确认"
"996","976","离型纸","C12","待确认/其他","C01","薄膜/片材/离型膜/保护膜","C01-07","离型膜","离型","低","字形相近","仅字形相近，必须人工确认"
"997","977","离型纸","C12","待确认/其他","C01","薄膜/片材/离型膜/保护膜","C01-07","离型膜","离型","低","字形相近","仅字形相近，必须人工确认"
"998","978","75G黄牛皮离型纸","C12","待确认/其他","C01","薄膜/片材/离型膜/保护膜","C01-07","离型膜","离型","低","字形相近","仅字形相近，必须人工确认"
"999","979","75G黄牛皮离型纸","C12","待确认/其他","C01","薄膜/片材/离型膜/保护膜","C01-07","离型膜","离型","低","字形相近","仅字形相近，必须人工确认"
"1001","981","75G黄牛皮离型纸","C12","待确认/其他","C01","薄膜/片材/离型膜/保护膜","C01-07","离型膜","离型","低","字形相近","仅字形相近，必须人工确认"
"1002","982","75G黄牛皮离型纸","C12","待确认/其他","C01","薄膜/片材/离型膜/保护膜","C01-07","离型膜","离型","低","字形相近","仅字形相近，必须人工确认"
"1003","983","离型纸","C12","待确认/其他","C01","薄膜/片材/离型膜/保护膜","C01-07","离型膜","离型","低","字形相近","仅字形相近，必须人工确认"
"1004","984","75G黄牛皮离型纸","C12","待确认/其他","C01","薄膜/片材/离型膜/保护膜","C01-07","离型膜","离型","低","字形相近","仅字形相近，必须人工确认"
"1007","987","75G黄牛皮离型纸","C12","待确认/其他","C01","薄膜/片材/离型膜/保护膜","C01-07","离型膜","离型","低","字形相近","仅字形相近，必须人工确认"
"1008","988","75G黄牛皮离型纸","C12","待确认/其他","C01","薄膜/片材/离型膜/保护膜","C01-07","离型膜","离型","低","字形相近","仅字形相近，必须人工确认"
"1009","989","75G黄牛皮离型纸","C12","待确认/其他","C01","薄膜/片材/离型膜/保护膜","C01-07","离型膜","离型","低","字形相近","仅字形相近，必须人工确认"
"1010","990","75G黄牛皮离型纸","C12","待确认/其他","C01","薄膜/片材/离型膜/保护膜","C01-07","离型膜","离型","低","字形相近","仅字形相近，必须人工确认"
"1011","991","离型纸","C12","待确认/其他","C01","薄膜/片材/离型膜/保护膜","C01-07","离型膜","离型","低","字形相近","仅字形相近，必须人工确认"
"1012","992","离型纸","C12","待确认/其他","C01","薄膜/片材/离型膜/保护膜","C01-07","离型膜","离型","低","字形相近","仅字形相近，必须人工确认"
"1019","999","离型纸","C12","待确认/其他","C01","薄膜/片材/离型膜/保护膜","C01-07","离型膜","离型","低","字形相近","仅字形相近，必须人工确认"
"1020","1000","原材料","C12","待确认/其他","","","","","","","占位行","占位/表头行，先清洗再分类"
"1021","1001","原材料","C12","待确认/其他","","","","","","","占位行","占位/表头行，先清洗再分类"
"1022","1002","25#保护膜","C12","待确认/其他","C01","薄膜/片材/离型膜/保护膜","C01-08","保护膜","保护膜","高","跨一级重分类",""
"1023","1003","25#保护膜","C12","待确认/其他","C01","薄膜/片材/离型膜/保护膜","C01-08","保护膜","保护膜","高","跨一级重分类",""
"1024","1004","25#保护膜","C12","待确认/其他","C01","薄膜/片材/离型膜/保护膜","C01-08","保护膜","保护膜","高","跨一级重分类",""
"1025","1005","0.375PC","C12","待确认/其他","C01","薄膜/片材/离型膜/保护膜","C01-02","PC","pc","低","字形相近","字形并列（C01-02 / C01-05）必须人工确认"
"1026","1006","0.375PC","C12","待确认/其他","C01","薄膜/片材/离型膜/保护膜","C01-02","PC","pc","低","字形相近","字形并列（C01-02 / C01-05）必须人工确认"
"1027","1007","原材料","C12","待确认/其他","","","","","","","占位行","占位/表头行，先清洗再分类"
"1028","1008","0.375透明PC","C12","待确认/其他","C01","薄膜/片材/离型膜/保护膜","C01-02","PC","PC","中","跨一级重分类",""
"1031","1011","0.375雾面PC","C12","待确认/其他","C01","薄膜/片材/离型膜/保护膜","C01-02","PC","PC","中","跨一级重分类",""
"1032","1012","0.375雾面PC","C12","待确认/其他","C01","薄膜/片材/离型膜/保护膜","C01-02","PC","PC","中","跨一级重分类",""
"1034","1014","0.375PC","C12","待确认/其他","C01","薄膜/片材/离型膜/保护膜","C01-02","PC","pc","低","字形相近","字形并列（C01-02 / C01-05）必须人工确认"
"1035","1015","0.25PC","C12","待确认/其他","C01","薄膜/片材/离型膜/保护膜","C01-02","PC","pc","低","字形相近","字形并列（C01-02 / C01-05）必须人工确认"
"1037","1017","原材料","C12","待确认/其他","","","","","","","占位行","占位/表头行，先清洗再分类"
"1039","1019","0.375雾面PC","C12","待确认/其他","C01","薄膜/片材/离型膜/保护膜","C01-02","PC","PC","中","跨一级重分类",""
"1040","1020","0.375雾面PC","C12","待确认/其他","C01","薄膜/片材/离型膜/保护膜","C01-02","PC","PC","中","跨一级重分类",""
"1041","1021","0.375雾面PC","C12","待确认/其他","C01","薄膜/片材/离型膜/保护膜","C01-02","PC","PC","中","跨一级重分类",""
"1042","1022","0.375雾面PC","C12","待确认/其他","C01","薄膜/片材/离型膜/保护膜","C01-02","PC","PC","中","跨一级重分类",""
"1043","1023","0.375透明PC","C12","待确认/其他","C01","薄膜/片材/离型膜/保护膜","C01-02","PC","PC","中","跨一级重分类",""
"1044","1024","0.375透明PC","C12","待确认/其他","C01","薄膜/片材/离型膜/保护膜","C01-02","PC","PC","中","跨一级重分类",""
"1045","1025","0.375透明PC","C12","待确认/其他","C01","薄膜/片材/离型膜/保护膜","C01-02","PC","PC","中","跨一级重分类",""
"1046","1026","0.375透明PC","C12","待确认/其他","C01","薄膜/片材/离型膜/保护膜","C01-02","PC","PC","中","跨一级重分类",""
"1047","1027","原材料","C12","待确认/其他","","","","","","","占位行","占位/表头行，先清洗再分类"
"1048","1028","0.25PC","C12","待确认/其他","C01","薄膜/片材/离型膜/保护膜","C01-02","PC","pc","低","字形相近","字形并列（C01-02 / C01-05）必须人工确认"
"1049","1029","PC料","C12","待确认/其他","C01","薄膜/片材/离型膜/保护膜","C01-02","PC","PC","中","跨一级重分类",""
"1050","1030","0.25PC","C12","待确认/其他","C01","薄膜/片材/离型膜/保护膜","C01-02","PC","pc","低","字形相近","字形并列（C01-02 / C01-05）必须人工确认"
"1051","1031","0.25PC","C12","待确认/其他","C01","薄膜/片材/离型膜/保护膜","C01-02","PC","pc","低","字形相近","字形并列（C01-02 / C01-05）必须人工确认"
"1053","1033","原材料","C12","待确认/其他","","","","","","","占位行","占位/表头行，先清洗再分类"
"1056","1036","PC料","C12","待确认/其他","C01","薄膜/片材/离型膜/保护膜","C01-02","PC","PC","中","跨一级重分类",""
"1058","1038","0.178雾面PC","C12","待确认/其他","C01","薄膜/片材/离型膜/保护膜","C01-02","PC","PC","中","跨一级重分类",""
"1064","1044","PC料","C12","待确认/其他","C01","薄膜/片材/离型膜/保护膜","C01-02","PC","PC","中","跨一级重分类",""
"1067","1047","0.25雾面PC","C12","待确认/其他","C01","薄膜/片材/离型膜/保护膜","C01-02","PC","PC","中","跨一级重分类",""
"1068","1048","0.25雾面PC","C12","待确认/其他","C01","薄膜/片材/离型膜/保护膜","C01-02","PC","PC","中","跨一级重分类",""
"1069","1049","0.25雾面PC","C12","待确认/其他","C01","薄膜/片材/离型膜/保护膜","C01-02","PC","PC","中","跨一级重分类",""
"1070","1050","0.25雾面PC","C12","待确认/其他","C01","薄膜/片材/离型膜/保护膜","C01-02","PC","PC","中","跨一级重分类",""
"1071","1051","0.25雾面PC","C12","待确认/其他","C01","薄膜/片材/离型膜/保护膜","C01-02","PC","PC","中","跨一级重分类",""
"1072","1052","0.25透明PC","C12","待确认/其他","C01","薄膜/片材/离型膜/保护膜","C01-02","PC","PC","中","跨一级重分类",""
"1073","1053","0.25透明PC","C12","待确认/其他","C01","薄膜/片材/离型膜/保护膜","C01-02","PC","PC","中","跨一级重分类",""
"1074","1054","0.25透明PC","C12","待确认/其他","C01","薄膜/片材/离型膜/保护膜","C01-02","PC","PC","中","跨一级重分类",""
"1075","1055","PC料","C12","待确认/其他","C01","薄膜/片材/离型膜/保护膜","C01-02","PC","PC","中","跨一级重分类",""
"1078","1058","PC料","C12","待确认/其他","C01","薄膜/片材/离型膜/保护膜","C01-02","PC","PC","中","跨一级重分类",""
"1079","1059","0.178PC","C12","待确认/其他","C01","薄膜/片材/离型膜/保护膜","C01-02","PC","pc","低","字形相近","字形并列（C01-02 / C01-05）必须人工确认"
"1081","1061","PC料","C12","待确认/其他","C01","薄膜/片材/离型膜/保护膜","C01-02","PC","PC","中","跨一级重分类",""
"1083","1063","雾面PC料","C12","待确认/其他","C01","薄膜/片材/离型膜/保护膜","C01-02","PC","PC","中","跨一级重分类",""
"1084","1064","0.178透明PC","C12","待确认/其他","C01","薄膜/片材/离型膜/保护膜","C01-02","PC","PC","中","跨一级重分类",""
"1085","1065","0.178透明PC","C12","待确认/其他","C01","薄膜/片材/离型膜/保护膜","C01-02","PC","PC","中","跨一级重分类",""
"1086","1066","0.178透明PC","C12","待确认/其他","C01","薄膜/片材/离型膜/保护膜","C01-02","PC","PC","中","跨一级重分类",""
"1087","1067","PC料","C12","待确认/其他","C01","薄膜/片材/离型膜/保护膜","C01-02","PC","PC","中","跨一级重分类",""
"1088","1068","原材料","C12","待确认/其他","","","","","","","占位行","占位/表头行，先清洗再分类"
"1089","1069","PC料","C12","待确认/其他","C01","薄膜/片材/离型膜/保护膜","C01-02","PC","PC","中","跨一级重分类",""
"1090","1070","PC料","C12","待确认/其他","C01","薄膜/片材/离型膜/保护膜","C01-02","PC","PC","中","跨一级重分类",""
"1091","1071","PC料","C12","待确认/其他","C01","薄膜/片材/离型膜/保护膜","C01-02","PC","PC","中","跨一级重分类",""
"1093","1073","0.175透明PC","C12","待确认/其他","C01","薄膜/片材/离型膜/保护膜","C01-02","PC","PC","中","跨一级重分类",""
"1094","1074","0.175透明PC","C12","待确认/其他","C01","薄膜/片材/离型膜/保护膜","C01-02","PC","PC","中","跨一级重分类",""
"1095","1075","0.175雾面PC","C12","待确认/其他","C01","薄膜/片材/离型膜/保护膜","C01-02","PC","PC","中","跨一级重分类",""
"1096","1076","透明PC料","C12","待确认/其他","C01","薄膜/片材/离型膜/保护膜","C01-02","PC","PC","中","跨一级重分类",""
"1097","1077","0.125PC","C12","待确认/其他","C01","薄膜/片材/离型膜/保护膜","C01-02","PC","pc","低","字形相近","字形并列（C01-02 / C01-05）必须人工确认"
"1098","1078","0.125PC","C12","待确认/其他","C01","薄膜/片材/离型膜/保护膜","C01-02","PC","pc","低","字形相近","字形并列（C01-02 / C01-05）必须人工确认"
"1099","1079","0.25PC","C12","待确认/其他","C01","薄膜/片材/离型膜/保护膜","C01-02","PC","pc","低","字形相近","字形并列（C01-02 / C01-05）必须人工确认"
"1100","1080","0.125PC","C12","待确认/其他","C01","薄膜/片材/离型膜/保护膜","C01-02","PC","pc","低","字形相近","字形并列（C01-02 / C01-05）必须人工确认"
"1101","1081","0.125透明PC","C12","待确认/其他","C01","薄膜/片材/离型膜/保护膜","C01-02","PC","PC","中","跨一级重分类",""
"1102","1082","0.125透明PC","C12","待确认/其他","C01","薄膜/片材/离型膜/保护膜","C01-02","PC","PC","中","跨一级重分类",""
"1105","1085","PC料","C12","待确认/其他","C01","薄膜/片材/离型膜/保护膜","C01-02","PC","PC","中","跨一级重分类",""
"1106","1086","原材料","C12","待确认/其他","","","","","","","占位行","占位/表头行，先清洗再分类"
"1107","1087","0.125","C12","待确认/其他","","","","","","需人工","零命中","C12 下无任何关键词/字形命中，需查 BOM 或供应商"
"1108","1088","0.125","C12","待确认/其他","","","","","","需人工","零命中","C12 下无任何关键词/字形命中，需查 BOM 或供应商"
"1109","1089","0.125","C12","待确认/其他","","","","","","需人工","零命中","C12 下无任何关键词/字形命中，需查 BOM 或供应商"
"1110","1090","0.125","C12","待确认/其他","","","","","","需人工","零命中","C12 下无任何关键词/字形命中，需查 BOM 或供应商"
"1111","1091","120g白色离型纸","C12","待确认/其他","C01","薄膜/片材/离型膜/保护膜","C01-07","离型膜","离型","低","字形相近","仅字形相近，必须人工确认"
"1112","1092","0.05黑色","C12","待确认/其他","","","","","","需人工","零命中","C12 下无任何关键词/字形命中，需查 BOM 或供应商"
"1113","1093","7g透明离型膜","C12","待确认/其他","C01","薄膜/片材/离型膜/保护膜","C01-07","离型膜","离型膜","高","跨一级重分类",""
"1115","1095","25#保护膜","C12","待确认/其他","C01","薄膜/片材/离型膜/保护膜","C01-08","保护膜","保护膜","高","跨一级重分类",""
"1118","1098","0.5黑色PC","C12","待确认/其他","C01","薄膜/片材/离型膜/保护膜","C01-02","PC","PC","中","跨一级重分类",""
"1120","1100","0.5黑色PC","C12","待确认/其他","C01","薄膜/片材/离型膜/保护膜","C01-02","PC","PC","中","跨一级重分类",""
"1121","1101","PC料","C12","待确认/其他","C01","薄膜/片材/离型膜/保护膜","C01-02","PC","PC","中","跨一级重分类",""
"1122","1102","0.25雾面PC","C12","待确认/其他","C01","薄膜/片材/离型膜/保护膜","C01-02","PC","PC","中","跨一级重分类",""
"1123","1103","0.254PC","C12","待确认/其他","C01","薄膜/片材/离型膜/保护膜","C01-02","PC","pc","低","字形相近","字形并列（C01-02 / C01-05）必须人工确认"
"1124","1104","离型纸","C12","待确认/其他","C01","薄膜/片材/离型膜/保护膜","C01-07","离型膜","离型","低","字形相近","仅字形相近，必须人工确认"
"1125","1105","蓝色离型纸","C12","待确认/其他","C01","薄膜/片材/离型膜/保护膜","C01-07","离型膜","离型","低","字形相近","仅字形相近，必须人工确认"
"1126","1106","热缩管","C12","待确认/其他","C07","包装材料/管材/胶带","C07-08","热缩套管","热缩","低","字形相近","仅字形相近，必须人工确认"
"1129","1109","PC料","C12","待确认/其他","C01","薄膜/片材/离型膜/保护膜","C01-02","PC","PC","中","跨一级重分类",""
"1131","1111","PC料","C12","待确认/其他","C01","薄膜/片材/离型膜/保护膜","C01-02","PC","PC","中","跨一级重分类",""
"1132","1112","PC料","C12","待确认/其他","C01","薄膜/片材/离型膜/保护膜","C01-02","PC","PC","中","跨一级重分类",""
"1133","1113","PC料","C12","待确认/其他","C01","薄膜/片材/离型膜/保护膜","C01-02","PC","PC","中","跨一级重分类",""
"1135","1115","PC料","C12","待确认/其他","C01","薄膜/片材/离型膜/保护膜","C01-02","PC","PC","中","跨一级重分类",""
"1136","1116","离型纸","C12","待确认/其他","C01","薄膜/片材/离型膜/保护膜","C01-07","离型膜","离型","低","字形相近","仅字形相近，必须人工确认"
"1139","1119","0.43黑色PET","C12","待确认/其他","C01","薄膜/片材/离型膜/保护膜","C01-01","PET","PET","高","跨一级重分类",""
"1140","1120","0.43黑色PET","C12","待确认/其他","C01","薄膜/片材/离型膜/保护膜","C01-01","PET","PET","高","跨一级重分类",""
"1143","1123","0.45白色耐高温PC","C12","待确认/其他","C01","薄膜/片材/离型膜/保护膜","C01-02","PC","PC","中","跨一级重分类",""
"1144","1124","透明PET双面覆膜","C12","待确认/其他","C01","薄膜/片材/离型膜/保护膜","C01-01","PET","PET","高","跨一级重分类",""
"1145","1125","0.025PET","C12","待确认/其他","C01","薄膜/片材/离型膜/保护膜","C01-01","PET","pe+et","低","字形相近","字形并列（C01-01 / C02-03）必须人工确认"
"1146","1126","0.1黑色PET","C12","待确认/其他","C01","薄膜/片材/离型膜/保护膜","C01-01","PET","PET","高","跨一级重分类",""
"1147","1127","0.05黑色PET","C12","待确认/其他","C01","薄膜/片材/离型膜/保护膜","C01-01","PET","PET","高","跨一级重分类",""
"1148","1128","0.075黑色PET","C12","待确认/其他","C01","薄膜/片材/离型膜/保护膜","C01-01","PET","PET","高","跨一级重分类",""
"1149","1129","0.1黑色PET东绝","C12","待确认/其他","C01","薄膜/片材/离型膜/保护膜","C01-01","PET","PET","高","跨一级重分类",""
"1150","1130","原材料","C12","待确认/其他","","","","","","","占位行","占位/表头行，先清洗再分类"
"1151","1131","0.05黑色PET东绝","C12","待确认/其他","C01","薄膜/片材/离型膜/保护膜","C01-01","PET","PET","高","跨一级重分类",""
"1154","1134","0.05透明PET","C12","待确认/其他","C01","薄膜/片材/离型膜/保护膜","C01-01","PET","PET","高","跨一级重分类",""
"1157","1137","原材料","C12","待确认/其他","","","","","","","占位行","占位/表头行，先清洗再分类"
"1158","1138","0.025PET","C12","待确认/其他","C01","薄膜/片材/离型膜/保护膜","C01-01","PET","pe+et","低","字形相近","字形并列（C01-01 / C02-03）必须人工确认"
"1160","1140","原材料","C12","待确认/其他","","","","","","","占位行","占位/表头行，先清洗再分类"
"1161","1141","原材料","C12","待确认/其他","","","","","","","占位行","占位/表头行，先清洗再分类"
"1164","1144","PET","C12","待确认/其他","C01","薄膜/片材/离型膜/保护膜","C01-01","PET","PET","高","跨一级重分类",""
"1166","1146","原材料","C12","待确认/其他","","","","","","","占位行","占位/表头行，先清洗再分类"
"1168","1148","原材料","C12","待确认/其他","","","","","","","占位行","占位/表头行，先清洗再分类"
"1169","1149","透明离型膜","C12","待确认/其他","C01","薄膜/片材/离型膜/保护膜","C01-07","离型膜","离型膜","高","跨一级重分类",""
"1171","1151","0.036白色PET+胶","C12","待确认/其他","C01","薄膜/片材/离型膜/保护膜","C01-01","PET","PET","高","跨一级重分类",""
"1179","1159","0.1白色PET","C12","待确认/其他","C01","薄膜/片材/离型膜/保护膜","C01-01","PET","PET","高","跨一级重分类",""
"1180","1160","0.188黑色PET","C12","待确认/其他","C01","薄膜/片材/离型膜/保护膜","C01-01","PET","PET","高","跨一级重分类",""
"1182","1162","原材料","C12","待确认/其他","","","","","","","占位行","占位/表头行，先清洗再分类"
"1184","1164","0.05","C12","待确认/其他","","","","","","需人工","零命中","C12 下无任何关键词/字形命中，需查 BOM 或供应商"
"1187","1167","0.05白色无胶PET","C12","待确认/其他","C01","薄膜/片材/离型膜/保护膜","C01-01","PET","PET","高","跨一级重分类",""
"1194","1174","PC料","C12","待确认/其他","C01","薄膜/片材/离型膜/保护膜","C01-02","PC","PC","中","跨一级重分类",""
"1201","1181","原材料","C12","待确认/其他","","","","","","","占位行","占位/表头行，先清洗再分类"
"1202","1182","背胶","C12","待确认/其他","","","","","","需人工","零命中","C12 下无任何关键词/字形命中，需查 BOM 或供应商"
"1203","1183","背胶","C12","待确认/其他","","","","","","需人工","零命中","C12 下无任何关键词/字形命中，需查 BOM 或供应商"
"1204","1184","黑色PET","C12","待确认/其他","C01","薄膜/片材/离型膜/保护膜","C01-01","PET","PET","高","跨一级重分类",""
"1205","1185","原材料","C12","待确认/其他","","","","","","","占位行","占位/表头行，先清洗再分类"
"1207","1187","50#I不变色消银龙","C12","待确认/其他","","","","","","需人工","零命中","C12 下无任何关键词/字形命中，需查 BOM 或供应商"
"1208","1188","原材料","C12","待确认/其他","","","","","","","占位行","占位/表头行，先清洗再分类"
"1209","1189","160折径","C12","待确认/其他","","","","","","需人工","零命中","C12 下无任何关键词/字形命中，需查 BOM 或供应商"
"1214","1194","格底铜版纸","C12","待确认/其他","C07","包装材料/管材/胶带","C07-09","铜版纸/合成纸","铜版纸","高","跨一级重分类",""
"1215","1195","50#网状PET","C12","待确认/其他","C01","薄膜/片材/离型膜/保护膜","C01-01","PET","PET","高","跨一级重分类",""
"1217","1197","原材料","C12","待确认/其他","","","","","","","占位行","占位/表头行，先清洗再分类"
"1218","1198","原材料","C12","待确认/其他","","","","","","","占位行","占位/表头行，先清洗再分类"
"1219","1199","格底高粘铜版纸","C12","待确认/其他","C07","包装材料/管材/胶带","C07-09","铜版纸/合成纸","铜版纸","高","跨一级重分类",""
"1223","1203","75番格底合成麦拉","C12","待确认/其他","C07","包装材料/管材/胶带","C07-09","铜版纸/合成纸","合成","低","字形相近","仅字形相近，必须人工确认"
"1224","1204","电磁膜","C12","待确认/其他","","","","","","需人工","零命中","C12 下无任何关键词/字形命中，需查 BOM 或供应商"
"1225","1205","0.2mm热缩套管","C12","待确认/其他","C07","包装材料/管材/胶带","C07-08","热缩套管","热缩套管","高","跨一级重分类",""
"1226","1206","0.3mm热缩套管","C12","待确认/其他","C07","包装材料/管材/胶带","C07-08","热缩套管","热缩套管","高","跨一级重分类",""
"1228","1208","原材料","C12","待确认/其他","","","","","","","占位行","占位/表头行，先清洗再分类"
"1230","1210","原材料","C12","待确认/其他","","","","","","","占位行","占位/表头行，先清洗再分类"
"1232","1212","原材料","C12","待确认/其他","","","","","","","占位行","占位/表头行，先清洗再分类"
"1233","1213","保护膜","C12","待确认/其他","C01","薄膜/片材/离型膜/保护膜","C01-08","保护膜","保护膜","高","跨一级重分类",""
"1234","1214","格底排费易碎纸","C12","待确认/其他","","","","","","需人工","零命中","C12 下无任何关键词/字形命中，需查 BOM 或供应商"
"1235","1215","原材料","C12","待确认/其他","","","","","","","占位行","占位/表头行，先清洗再分类"
"1236","1216","原材料","C12","待确认/其他","","","","","","","占位行","占位/表头行，先清洗再分类"
"1237","1217","原材料","C12","待确认/其他","","","","","","","占位行","占位/表头行，先清洗再分类"
"1238","1218","原材料","C12","待确认/其他","","","","","","","占位行","占位/表头行，先清洗再分类"
"1239","1219","原材料","C12","待确认/其他","","","","","","","占位行","占位/表头行，先清洗再分类"
"1240","1220","无底雾膜","C12","待确认/其他","","","","","","需人工","零命中","C12 下无任何关键词/字形命中，需查 BOM 或供应商"
"1243","1223","原材料","C12","待确认/其他","","","","","","","占位行","占位/表头行，先清洗再分类"
"1244","1224","RCA测试胶带","C12","待确认/其他","C02","胶带/胶粘/泡棉/硅胶","C02-01","3M胶带","胶带","低","字形相近","字形并列（C02-01 / C02-02 / C07-06）必须人工确认"
"1246","1226","原材料","C12","待确认/其他","","","","","","","占位行","占位/表头行，先清洗再分类"
"1248","1228","50#防伪标签 VOID","C12","待确认/其他","C06","标签/碳带/打印耗材与设备","C06-02","标签","标签","中","跨一级重分类",""
"1250","1230","原材料","C12","待确认/其他","","","","","","","占位行","占位/表头行，先清洗再分类"
"1252","1232","50#防伪标签 VOID","C12","待确认/其他","C06","标签/碳带/打印耗材与设备","C06-02","标签","标签","中","跨一级重分类",""
"1255","1235","原材料","C12","待确认/其他","","","","","","","占位行","占位/表头行，先清洗再分类"
"1257","1237","50#I不变色消银龙","C12","待确认/其他","","","","","","需人工","零命中","C12 下无任何关键词/字形命中，需查 BOM 或供应商"
"1261","1241","原材料","C12","待确认/其他","","","","","","","占位行","占位/表头行，先清洗再分类"
"1262","1242","0.25雾面PC","C12","待确认/其他","C01","薄膜/片材/离型膜/保护膜","C01-02","PC","PC","中","跨一级重分类",""
"1263","1243","0.5mm热缩管","C12","待确认/其他","C07","包装材料/管材/胶带","C07-08","热缩套管","热缩","低","字形相近","仅字形相近，必须人工确认"
"1264","1244","格底铜版纸","C12","待确认/其他","C07","包装材料/管材/胶带","C07-09","铜版纸/合成纸","铜版纸","高","跨一级重分类",""
"1265","1245","原材料","C12","待确认/其他","","","","","","","占位行","占位/表头行，先清洗再分类"
"1267","1247","原材料","C12","待确认/其他","","","","","","","占位行","占位/表头行，先清洗再分类"
"1268","1248","格底高粘铜版纸","C12","待确认/其他","C07","包装材料/管材/胶带","C07-09","铜版纸/合成纸","铜版纸","高","跨一级重分类",""
"1269","1249","无底雾膜","C12","待确认/其他","","","","","","需人工","零命中","C12 下无任何关键词/字形命中，需查 BOM 或供应商"
"1270","1250","0.2mm热缩管","C12","待确认/其他","C07","包装材料/管材/胶带","C07-08","热缩套管","热缩","低","字形相近","仅字形相近，必须人工确认"
"1273","1253","离型纸","C12","待确认/其他","C01","薄膜/片材/离型膜/保护膜","C01-07","离型膜","离型","低","字形相近","仅字形相近，必须人工确认"
"1274","1254","原材料","C12","待确认/其他","","","","","","","占位行","占位/表头行，先清洗再分类"
"1275","1255","格底镜铜","C12","待确认/其他","","","","","","需人工","零命中","C12 下无任何关键词/字形命中，需查 BOM 或供应商"
"1276","1256","原材料","C12","待确认/其他","","","","","","","占位行","占位/表头行，先清洗再分类"
"1277","1257","150#不变色消银龙","C12","待确认/其他","","","","","","需人工","零命中","C12 下无任何关键词/字形命中，需查 BOM 或供应商"
"1278","1258","原材料","C12","待确认/其他","","","","","","","占位行","占位/表头行，先清洗再分类"
"1279","1259","原材料","C12","待确认/其他","","","","","","","占位行","占位/表头行，先清洗再分类"
"1280","1260","25#重剥离透明龙","C12","待确认/其他","","","","","","需人工","零命中","C12 下无任何关键词/字形命中，需查 BOM 或供应商"
"1281","1261","25#厚底不变消银龙","C12","待确认/其他","","","","","","需人工","零命中","C12 下无任何关键词/字形命中，需查 BOM 或供应商"
"1282","1262","50＃PET保护膜","C12","待确认/其他","C01","薄膜/片材/离型膜/保护膜","C01-01","PET","PET","低","跨一级重分类","并列（C01-01 / C01-08）需裁决"
"1283","1263","PET保护膜","C12","待确认/其他","C01","薄膜/片材/离型膜/保护膜","C01-01","PET","PET","低","跨一级重分类","并列（C01-01 / C01-08）需裁决"
"1284","1264","原材料","C12","待确认/其他","","","","","","","占位行","占位/表头行，先清洗再分类"
"1286","1266","50#防伪标签 VOID","C12","待确认/其他","C06","标签/碳带/打印耗材与设备","C06-02","标签","标签","中","跨一级重分类",""
"1287","1267","0.05白色无胶PET","C12","待确认/其他","C01","薄膜/片材/离型膜/保护膜","C01-01","PET","PET","高","跨一级重分类",""
"1288","1268","25番黑色PET","C12","待确认/其他","C01","薄膜/片材/离型膜/保护膜","C01-01","PET","PET","高","跨一级重分类",""
"1289","1269","原材料","C12","待确认/其他","","","","","","","占位行","占位/表头行，先清洗再分类"
"1290","1270","原材料","C12","待确认/其他","","","","","","","占位行","占位/表头行，先清洗再分类"
"1291","1271","原材料","C12","待确认/其他","","","","","","","占位行","占位/表头行，先清洗再分类"
"1292","1272","原材料","C12","待确认/其他","","","","","","","占位行","占位/表头行，先清洗再分类"
"1293","1273","50#白色PET","C12","待确认/其他","C01","薄膜/片材/离型膜/保护膜","C01-01","PET","PET","高","跨一级重分类",""
"1295","1275","0.05T503001","C12","待确认/其他","","","","","","需人工","零命中","C12 下无任何关键词/字形命中，需查 BOM 或供应商"
"1296","1276","原材料","C12","待确认/其他","","","","","","","占位行","占位/表头行，先清洗再分类"
"1297","1277","原材料","C12","待确认/其他","","","","","","","占位行","占位/表头行，先清洗再分类"
"1298","1278","50#I不变色消银龙","C12","待确认/其他","","","","","","需人工","零命中","C12 下无任何关键词/字形命中，需查 BOM 或供应商"
"1300","1280","易碎纸/中碎","C12","待确认/其他","","","","","","需人工","零命中","C12 下无任何关键词/字形命中，需查 BOM 或供应商"
"1301","1281","原材料","C12","待确认/其他","","","","","","","占位行","占位/表头行，先清洗再分类"
"1302","1282","原材料","C12","待确认/其他","","","","","","","占位行","占位/表头行，先清洗再分类"
"1303","1283","原材料","C12","待确认/其他","","","","","","","占位行","占位/表头行，先清洗再分类"
"1304","1284","原材料","C12","待确认/其他","","","","","","","占位行","占位/表头行，先清洗再分类"
"1305","1285","原材料","C12","待确认/其他","","","","","","","占位行","占位/表头行，先清洗再分类"
"1307","1287","33L","C12","待确认/其他","","","","","","需人工","零命中","C12 下无任何关键词/字形命中，需查 BOM 或供应商"
"1309","1289","R胶PET","C12","待确认/其他","C01","薄膜/片材/离型膜/保护膜","C01-01","PET","PET","高","跨一级重分类",""
"1312","1292","有底雾膜","C12","待确认/其他","","","","","","需人工","零命中","C12 下无任何关键词/字形命中，需查 BOM 或供应商"
"1313","1293","原材料","C12","待确认/其他","","","","","","","占位行","占位/表头行，先清洗再分类"
"1314","1294","原材料","C12","待确认/其他","","","","","","","占位行","占位/表头行，先清洗再分类"
"1315","1295","原材料","C12","待确认/其他","","","","","","","占位行","占位/表头行，先清洗再分类"
"1316","1296","原材料","C12","待确认/其他","","","","","","","占位行","占位/表头行，先清洗再分类"
"1318","1298","原材料","C12","待确认/其他","","","","","","","占位行","占位/表头行，先清洗再分类"
"1321","1301","50#黑色PET","C12","待确认/其他","C01","薄膜/片材/离型膜/保护膜","C01-01","PET","PET","高","跨一级重分类",""
"1323","1303","原材料","C12","待确认/其他","","","","","","","占位行","占位/表头行，先清洗再分类"
"1325","1305","聚脂膜","C12","待确认/其他","","","","","","需人工","零命中","C12 下无任何关键词/字形命中，需查 BOM 或供应商"
"1326","1306","原材料","C12","待确认/其他","","","","","","","占位行","占位/表头行，先清洗再分类"
"1329","1309","易碎纸","C12","待确认/其他","","","","","","需人工","零命中","C12 下无任何关键词/字形命中，需查 BOM 或供应商"
"1331","1311","原材料","C12","待确认/其他","","","","","","","占位行","占位/表头行，先清洗再分类"
"1332","1312","原材料","C12","待确认/其他","","","","","","","占位行","占位/表头行，先清洗再分类"
"1333","1313","原材料","C12","待确认/其他","","","","","","","占位行","占位/表头行，先清洗再分类"
"1334","1314","原材料","C12","待确认/其他","","","","","","","占位行","占位/表头行，先清洗再分类"
"1335","1315","原材料","C12","待确认/其他","","","","","","","占位行","占位/表头行，先清洗再分类"
"1336","1316","原材料","C12","待确认/其他","","","","","","","占位行","占位/表头行，先清洗再分类"
"1337","1317","原材料","C12","待确认/其他","","","","","","","占位行","占位/表头行，先清洗再分类"
"1338","1318","原材料","C12","待确认/其他","","","","","","","占位行","占位/表头行，先清洗再分类"
"1344","1324","原材料","C12","待确认/其他","","","","","","","占位行","占位/表头行，先清洗再分类"
"1345","1325","原材料","C12","待确认/其他","","","","","","","占位行","占位/表头行，先清洗再分类"
"1346","1326","原材料","C12","待确认/其他","","","","","","","占位行","占位/表头行，先清洗再分类"
"1347","1327","原材料","C12","待确认/其他","","","","","","","占位行","占位/表头行，先清洗再分类"
"1348","1328","原材料","C12","待确认/其他","","","","","","","占位行","占位/表头行，先清洗再分类"
"1350","1330","原材料","C12","待确认/其他","","","","","","","占位行","占位/表头行，先清洗再分类"
"1351","1331","原材料","C12","待确认/其他","","","","","","","占位行","占位/表头行，先清洗再分类"
"1352","1332","原材料","C12","待确认/其他","","","","","","","占位行","占位/表头行，先清洗再分类"
"1353","1333","原材料","C12","待确认/其他","","","","","","","占位行","占位/表头行，先清洗再分类"
"1354","1334","50#网状PET","C12","待确认/其他","C01","薄膜/片材/离型膜/保护膜","C01-01","PET","PET","高","跨一级重分类",""
"1355","1335","50#网状PET","C12","待确认/其他","C01","薄膜/片材/离型膜/保护膜","C01-01","PET","PET","高","跨一级重分类",""
"1356","1336","原材料","C12","待确认/其他","","","","","","","占位行","占位/表头行，先清洗再分类"
"1358","1338","原材料","C12","待确认/其他","","","","","","","占位行","占位/表头行，先清洗再分类"
"1359","1339","原材料","C12","待确认/其他","","","","","","","占位行","占位/表头行，先清洗再分类"
"1362","1342","原材料","C12","待确认/其他","","","","","","","占位行","占位/表头行，先清洗再分类"
"1365","1345","原材料","C12","待确认/其他","","","","","","","占位行","占位/表头行，先清洗再分类"
"1366","1346","原材料","C12","待确认/其他","","","","","","","占位行","占位/表头行，先清洗再分类"
"1368","1348","易碎纸","C12","待确认/其他","","","","","","需人工","零命中","C12 下无任何关键词/字形命中，需查 BOM 或供应商"
"1369","1349","原材料","C12","待确认/其他","","","","","","","占位行","占位/表头行，先清洗再分类"
"1372","1352","原材料","C12","待确认/其他","","","","","","","占位行","占位/表头行，先清洗再分类"
"1373","1353","原材料","C12","待确认/其他","","","","","","","占位行","占位/表头行，先清洗再分类"
"1374","1354","原材料","C12","待确认/其他","","","","","","","占位行","占位/表头行，先清洗再分类"
"1375","1355","原材料","C12","待确认/其他","","","","","","","占位行","占位/表头行，先清洗再分类"
"1376","1356","原材料","C12","待确认/其他","","","","","","","占位行","占位/表头行，先清洗再分类"
"1377","1357","原材料","C12","待确认/其他","","","","","","","占位行","占位/表头行，先清洗再分类"
"1378","1358","原材料","C12","待确认/其他","","","","","","","占位行","占位/表头行，先清洗再分类"
"1379","1359","原材料","C12","待确认/其他","","","","","","","占位行","占位/表头行，先清洗再分类"
"1380","1360","原材料","C12","待确认/其他","","","","","","","占位行","占位/表头行，先清洗再分类"
"1381","1361","原材料","C12","待确认/其他","","","","","","","占位行","占位/表头行，先清洗再分类"
"1382","1362","原材料","C12","待确认/其他","","","","","","","占位行","占位/表头行，先清洗再分类"
"1383","1363","原材料","C12","待确认/其他","","","","","","","占位行","占位/表头行，先清洗再分类"
"1384","1364","原材料","C12","待确认/其他","","","","","","","占位行","占位/表头行，先清洗再分类"
"1385","1365","原材料","C12","待确认/其他","","","","","","","占位行","占位/表头行，先清洗再分类"
"1387","1367","原材料","C12","待确认/其他","","","","","","","占位行","占位/表头行，先清洗再分类"
"1388","1368","原材料","C12","待确认/其他","","","","","","","占位行","占位/表头行，先清洗再分类"
"1389","1369","原材料","C12","待确认/其他","","","","","","","占位行","占位/表头行，先清洗再分类"
"1390","1370","原材料","C12","待确认/其他","","","","","","","占位行","占位/表头行，先清洗再分类"
"1391","1371","原材料","C12","待确认/其他","","","","","","","占位行","占位/表头行，先清洗再分类"
"1392","1372","原材料","C12","待确认/其他","","","","","","","占位行","占位/表头行，先清洗再分类"
"1393","1373","原材料","C12","待确认/其他","","","","","","","占位行","占位/表头行，先清洗再分类"
"1394","1374","原材料","C12","待确认/其他","","","","","","","占位行","占位/表头行，先清洗再分类"
"1395","1375","原材料","C12","待确认/其他","","","","","","","占位行","占位/表头行，先清洗再分类"
"1396","1376","原材料","C12","待确认/其他","","","","","","","占位行","占位/表头行，先清洗再分类"
"1397","1377","原材料","C12","待确认/其他","","","","","","","占位行","占位/表头行，先清洗再分类"
"1398","1378","原材料","C12","待确认/其他","","","","","","","占位行","占位/表头行，先清洗再分类"
"1399","1379","原材料","C12","待确认/其他","","","","","","","占位行","占位/表头行，先清洗再分类"
"1400","1380","耐高温纸","C12","待确认/其他","","","","","","需人工","零命中","C12 下无任何关键词/字形命中，需查 BOM 或供应商"
"1401","1381","50#网状PET","C12","待确认/其他","C01","薄膜/片材/离型膜/保护膜","C01-01","PET","PET","高","跨一级重分类",""
"1404","1384","原材料","C12","待确认/其他","","","","","","","占位行","占位/表头行，先清洗再分类"
"1405","1385","原材料","C12","待确认/其他","","","","","","","占位行","占位/表头行，先清洗再分类"
"1406","1386","原材料","C12","待确认/其他","","","","","","","占位行","占位/表头行，先清洗再分类"
"1409","1389","原材料","C12","待确认/其他","","","","","","","占位行","占位/表头行，先清洗再分类"
"1411","1391","原材料","C12","待确认/其他","","","","","","","占位行","占位/表头行，先清洗再分类"
"1412","1392","原材料","C12","待确认/其他","","","","","","","占位行","占位/表头行，先清洗再分类"
"1413","1393","原材料","C12","待确认/其他","","","","","","","占位行","占位/表头行，先清洗再分类"
"1414","1394","50番白色PET面材","C12","待确认/其他","C01","薄膜/片材/离型膜/保护膜","C01-01","PET","PET","高","跨一级重分类",""
"1415","1395","原材料","C12","待确认/其他","","","","","","","占位行","占位/表头行，先清洗再分类"
"1416","1396","50#网状PET","C12","待确认/其他","C01","薄膜/片材/离型膜/保护膜","C01-01","PET","PET","高","跨一级重分类",""
"1419","1399","原材料","C12","待确认/其他","","","","","","","占位行","占位/表头行，先清洗再分类"
"1420","1400","原材料","C12","待确认/其他","","","","","","","占位行","占位/表头行，先清洗再分类"
"1421","1401","原材料","C12","待确认/其他","","","","","","","占位行","占位/表头行，先清洗再分类"
"1422","1402","原材料","C12","待确认/其他","","","","","","","占位行","占位/表头行，先清洗再分类"
"1430","1411","原材料","C12","待确认/其他","","","","","","","占位行","占位/表头行，先清洗再分类"
"1433","1414","原材料","C12","待确认/其他","","","","","","","占位行","占位/表头行，先清洗再分类"
"1434","1415","原材料","C12","待确认/其他","","","","","","","占位行","占位/表头行，先清洗再分类"
"1438","1419","原材料","C12","待确认/其他","","","","","","","占位行","占位/表头行，先清洗再分类"
"1439","1420","原材料","C12","待确认/其他","","","","","","","占位行","占位/表头行，先清洗再分类"
"1440","1421","原材料","C12","待确认/其他","","","","","","","占位行","占位/表头行，先清洗再分类"
"1441","1422","原材料","C12","待确认/其他","","","","","","","占位行","占位/表头行，先清洗再分类"
"1442","1423","原材料","C12","待确认/其他","","","","","","","占位行","占位/表头行，先清洗再分类"
"1444","1425","原材料","C12","待确认/其他","","","","","","","占位行","占位/表头行，先清洗再分类"
"1445","1426","原材料","C12","待确认/其他","","","","","","","占位行","占位/表头行，先清洗再分类"
"1446","1427","原材料","C12","待确认/其他","","","","","","","占位行","占位/表头行，先清洗再分类"
"1447","1428","原材料","C12","待确认/其他","","","","","","","占位行","占位/表头行，先清洗再分类"
"1448","1429","50#网状PET","C12","待确认/其他","C01","薄膜/片材/离型膜/保护膜","C01-01","PET","PET","高","跨一级重分类",""
"1449","1430","原材料","C12","待确认/其他","","","","","","","占位行","占位/表头行，先清洗再分类"
"1450","1431","原材料","C12","待确认/其他","","","","","","","占位行","占位/表头行，先清洗再分类"
"1451","1432","原材料","C12","待确认/其他","","","","","","","占位行","占位/表头行，先清洗再分类"
"1452","1433","原材料","C12","待确认/其他","","","","","","","占位行","占位/表头行，先清洗再分类"
"1453","1434","原材料","C12","待确认/其他","","","","","","","占位行","占位/表头行，先清洗再分类"
"1454","1435","原材料","C12","待确认/其他","","","","","","","占位行","占位/表头行，先清洗再分类"
"1455","1436","原材料","C12","待确认/其他","","","","","","","占位行","占位/表头行，先清洗再分类"
"1456","1437","原材料","C12","待确认/其他","","","","","","","占位行","占位/表头行，先清洗再分类"
"1457","1438","50#网状PET","C12","待确认/其他","C01","薄膜/片材/离型膜/保护膜","C01-01","PET","PET","高","跨一级重分类",""
"1458","1439","原材料","C12","待确认/其他","","","","","","","占位行","占位/表头行，先清洗再分类"
"1459","1440","原材料","C12","待确认/其他","","","","","","","占位行","占位/表头行，先清洗再分类"
"1460","1441","原材料","C12","待确认/其他","","","","","","","占位行","占位/表头行，先清洗再分类"
"1461","1442","原材料","C12","待确认/其他","","","","","","","占位行","占位/表头行，先清洗再分类"
"1462","1443","原材料","C12","待确认/其他","","","","","","","占位行","占位/表头行，先清洗再分类"
"1463","1444","原材料","C12","待确认/其他","","","","","","","占位行","占位/表头行，先清洗再分类"
"1464","1445","原材料","C12","待确认/其他","","","","","","","占位行","占位/表头行，先清洗再分类"
"1465","1446","原材料","C12","待确认/其他","","","","","","","占位行","占位/表头行，先清洗再分类"
"1466","1447","原材料","C12","待确认/其他","","","","","","","占位行","占位/表头行，先清洗再分类"
"1474","1455","原材料","C12","待确认/其他","","","","","","","占位行","占位/表头行，先清洗再分类"
"1480","1461","原材料","C12","待确认/其他","","","","","","","占位行","占位/表头行，先清洗再分类"
"1482","1463","原材料","C12","待确认/其他","","","","","","","占位行","占位/表头行，先清洗再分类"
"1486","1467","原材料","C12","待确认/其他","","","","","","","占位行","占位/表头行，先清洗再分类"
"1492","1473","原材料","C12","待确认/其他","","","","","","","占位行","占位/表头行，先清洗再分类"
"1493","1474","原材料","C12","待确认/其他","","","","","","","占位行","占位/表头行，先清洗再分类"
"1494","1475","原材料","C12","待确认/其他","","","","","","","占位行","占位/表头行，先清洗再分类"
"1499","1480","原材料","C12","待确认/其他","","","","","","","占位行","占位/表头行，先清洗再分类"
"1500","1481","原材料","C12","待确认/其他","","","","","","","占位行","占位/表头行，先清洗再分类"
"1510","1491","原材料","C12","待确认/其他","","","","","","","占位行","占位/表头行，先清洗再分类"
"1511","1492","原材料","C12","待确认/其他","","","","","","","占位行","占位/表头行，先清洗再分类"
"1512","1493","原材料","C12","待确认/其他","","","","","","","占位行","占位/表头行，先清洗再分类"
"1513","1494","原材料","C12","待确认/其他","","","","","","","占位行","占位/表头行，先清洗再分类"
"1514","1496","原材料","C12","待确认/其他","","","","","","","占位行","占位/表头行，先清洗再分类"
"1515","1497","原材料","C12","待确认/其他","","","","","","","占位行","占位/表头行，先清洗再分类"
"1516","1499","原材料","C12","待确认/其他","","","","","","","占位行","占位/表头行，先清洗再分类"
"1517","1501","原材料","C12","待确认/其他","","","","","","","占位行","占位/表头行，先清洗再分类"
"1519","1503","原材料","C12","待确认/其他","","","","","","","占位行","占位/表头行，先清洗再分类"
"1520","1504","原材料","C12","待确认/其他","","","","","","","占位行","占位/表头行，先清洗再分类"
"1521","1505","原材料","C12","待确认/其他","","","","","","","占位行","占位/表头行，先清洗再分类"
"1522","1507","原材料","C12","待确认/其他","","","","","","","占位行","占位/表头行，先清洗再分类"
"1523","1508","原材料","C12","待确认/其他","","","","","","","占位行","占位/表头行，先清洗再分类"
"1524","1509","原材料","C12","待确认/其他","","","","","","","占位行","占位/表头行，先清洗再分类"
"1525","1510","原材料","C12","待确认/其他","","","","","","","占位行","占位/表头行，先清洗再分类"
"1526","1511","原材料","C12","待确认/其他","","","","","","","占位行","占位/表头行，先清洗再分类"
"1527","1512","原材料","C12","待确认/其他","","","","","","","占位行","占位/表头行，先清洗再分类"
"1528","1513","原材料","C12","待确认/其他","","","","","","","占位行","占位/表头行，先清洗再分类"
"1529","1514","原材料","C12","待确认/其他","","","","","","","占位行","占位/表头行，先清洗再分类"
"1530","1516","原材料","C12","待确认/其他","","","","","","","占位行","占位/表头行，先清洗再分类"
"1531","1517","原材料","C12","待确认/其他","","","","","","","占位行","占位/表头行，先清洗再分类"
"1532","1518","皱纹胶带","C12","待确认/其他","C02","胶带/胶粘/泡棉/硅胶","C02-01","3M胶带","胶带","低","字形相近","字形并列（C02-01 / C02-02 / C07-06）必须人工确认"
"1533","1519","原材料","C12","待确认/其他","","","","","","","占位行","占位/表头行，先清洗再分类"
"1534","1520","原材料","C12","待确认/其他","","","","","","","占位行","占位/表头行，先清洗再分类"
"1535","1521","0.05PE网纹保护膜","C12","待确认/其他","C01","薄膜/片材/离型膜/保护膜","C01-08","保护膜","保护膜","高","跨一级重分类",""
"1539","1525","原材料","C12","待确认/其他","","","","","","","占位行","占位/表头行，先清洗再分类"
"1541","1527","原材料","C12","待确认/其他","","","","","","","占位行","占位/表头行，先清洗再分类"
"1542","1528","原材料","C12","待确认/其他","","","","","","","占位行","占位/表头行，先清洗再分类"
"1543","1529","原材料","C12","待确认/其他","","","","","","","占位行","占位/表头行，先清洗再分类"
"1545","1531","原材料","C12","待确认/其他","","","","","","","占位行","占位/表头行，先清洗再分类"
"1552","1538","原材料","C12","待确认/其他","","","","","","","占位行","占位/表头行，先清洗再分类"
"1554","1540","易碎纸","C12","待确认/其他","","","","","","需人工","零命中","C12 下无任何关键词/字形命中，需查 BOM 或供应商"
"1561","1547","原材料","C12","待确认/其他","","","","","","","占位行","占位/表头行，先清洗再分类"
"1562","1548","原材料","C12","待确认/其他","","","","","","","占位行","占位/表头行，先清洗再分类"
"1563","1549","原材料","C12","待确认/其他","","","","","","","占位行","占位/表头行，先清洗再分类"
"1564","1550","原材料","C12","待确认/其他","","","","","","","占位行","占位/表头行，先清洗再分类"
"1575","1561","原材料","C12","待确认/其他","","","","","","","占位行","占位/表头行，先清洗再分类"
"1579","1565","原材料","C12","待确认/其他","","","","","","","占位行","占位/表头行，先清洗再分类"
"1581","1567","原材料","C12","待确认/其他","","","","","","","占位行","占位/表头行，先清洗再分类"
"1582","1568","原材料","C12","待确认/其他","","","","","","","占位行","占位/表头行，先清洗再分类"
"1584","1570","原材料","C12","待确认/其他","","","","","","","占位行","占位/表头行，先清洗再分类"
"1585","1571","原材料","C12","待确认/其他","","","","","","","占位行","占位/表头行，先清洗再分类"
"1589","1575","规格品","C12","待确认/其他","","","","","","需人工","零命中","C12 下无任何关键词/字形命中，需查 BOM 或供应商"
"1592","1578","原材料","C12","待确认/其他","","","","","","","占位行","占位/表头行，先清洗再分类"
"1597","1583","0.075离型膜","C12","待确认/其他","C01","薄膜/片材/离型膜/保护膜","C01-07","离型膜","离型膜","高","跨一级重分类",""
"1598","1584","0.05离型膜","C12","待确认/其他","C01","薄膜/片材/离型膜/保护膜","C01-07","离型膜","离型膜","高","跨一级重分类",""
"1599","1585","原材料","C12","待确认/其他","","","","","","","占位行","占位/表头行，先清洗再分类"
"1603","1590","原材料","C12","待确认/其他","","","","","","","占位行","占位/表头行，先清洗再分类"
"1604","1591","原材料","C12","待确认/其他","","","","","","","占位行","占位/表头行，先清洗再分类"
"1605","1592","原材料","C12","待确认/其他","","","","","","","占位行","占位/表头行，先清洗再分类"
"1606","1593","原材料","C12","待确认/其他","","","","","","","占位行","占位/表头行，先清洗再分类"
"1610","1597","原材料","C12","待确认/其他","","","","","","","占位行","占位/表头行，先清洗再分类"
"1611","1598","原材料","C12","待确认/其他","","","","","","","占位行","占位/表头行，先清洗再分类"
"1612","1599","原材料","C12","待确认/其他","","","","","","","占位行","占位/表头行，先清洗再分类"
"1614","1601","原材料","C12","待确认/其他","","","","","","","占位行","占位/表头行，先清洗再分类"
"1615","1602","原材料","C12","待确认/其他","","","","","","","占位行","占位/表头行，先清洗再分类"
"1617","1604","原材料","C12","待确认/其他","","","","","","","占位行","占位/表头行，先清洗再分类"
"1618","1605","原材料","C12","待确认/其他","","","","","","","占位行","占位/表头行，先清洗再分类"
"1619","1606","原材料","C12","待确认/其他","","","","","","","占位行","占位/表头行，先清洗再分类"
"1621","1608","原材料","C12","待确认/其他","","","","","","","占位行","占位/表头行，先清洗再分类"
"1622","1609","原材料","C12","待确认/其他","","","","","","","占位行","占位/表头行，先清洗再分类"
"1623","1610","原材料","C12","待确认/其他","","","","","","","占位行","占位/表头行，先清洗再分类"
"1624","1611","原材料","C12","待确认/其他","","","","","","","占位行","占位/表头行，先清洗再分类"
"1625","1612","原材料","C12","待确认/其他","","","","","","","占位行","占位/表头行，先清洗再分类"
"1626","1613","原材料","C12","待确认/其他","","","","","","","占位行","占位/表头行，先清洗再分类"
"1627","1614","原材料","C12","待确认/其他","","","","","","","占位行","占位/表头行，先清洗再分类"
"1628","1615","原材料","C12","待确认/其他","","","","","","","占位行","占位/表头行，先清洗再分类"
"1629","1616","原材料","C12","待确认/其他","","","","","","","占位行","占位/表头行，先清洗再分类"
"1631","1618","原材料","C12","待确认/其他","","","","","","","占位行","占位/表头行，先清洗再分类"
"1632","1619","原材料","C12","待确认/其他","","","","","","","占位行","占位/表头行，先清洗再分类"
"1633","1620","原材料","C12","待确认/其他","","","","","","","占位行","占位/表头行，先清洗再分类"
"1634","1621","高粘","C12","待确认/其他","","","","","","需人工","零命中","C12 下无任何关键词/字形命中，需查 BOM 或供应商"
"1635","1622","原材料","C12","待确认/其他","","","","","","","占位行","占位/表头行，先清洗再分类"
"1636","1623","原材料","C12","待确认/其他","","","","","","","占位行","占位/表头行，先清洗再分类"
"1637","1624","哑膜","C12","待确认/其他","","","","","","需人工","零命中","C12 下无任何关键词/字形命中，需查 BOM 或供应商"
"1640","1627","原材料","C12","待确认/其他","","","","","","","占位行","占位/表头行，先清洗再分类"
"1641","1628","原材料","C12","待确认/其他","","","","","","","占位行","占位/表头行，先清洗再分类"
"1644","1631","原材料","C12","待确认/其他","","","","","","","占位行","占位/表头行，先清洗再分类"
"1645","1632","原材料","C12","待确认/其他","","","","","","","占位行","占位/表头行，先清洗再分类"
"1646","1633","原材料","C12","待确认/其他","","","","","","","占位行","占位/表头行，先清洗再分类"
"1648","1635","原材料","C12","待确认/其他","","","","","","","占位行","占位/表头行，先清洗再分类"
"1655","1642","（VO+降噪 无胶）","C12","待确认/其他","","","","","","需人工","零命中","C12 下无任何关键词/字形命中，需查 BOM 或供应商"
"1656","1643","原材料","C12","待确认/其他","","","","","","","占位行","占位/表头行，先清洗再分类"
"1658","1645","原材料","C12","待确认/其他","","","","","","","占位行","占位/表头行，先清洗再分类"
"1659","1646","原材料","C12","待确认/其他","","","","","","","占位行","占位/表头行，先清洗再分类"
"1660","1647","原材料","C12","待确认/其他","","","","","","","占位行","占位/表头行，先清洗再分类"
"1664","1651","原材料","C12","待确认/其他","","","","","","","占位行","占位/表头行，先清洗再分类"
"1665","1652","原材料","C12","待确认/其他","","","","","","","占位行","占位/表头行，先清洗再分类"
"1666","1653","原材料","C12","待确认/其他","","","","","","","占位行","占位/表头行，先清洗再分类"
"1667","1654","原材料","C12","待确认/其他","","","","","","","占位行","占位/表头行，先清洗再分类"
"1668","1655","原材料","C12","待确认/其他","","","","","","","占位行","占位/表头行，先清洗再分类"
"1669","1656","原材料","C12","待确认/其他","","","","","","","占位行","占位/表头行，先清洗再分类"
"1670","1657","原材料","C12","待确认/其他","","","","","","","占位行","占位/表头行，先清洗再分类"
"1696","1683","上光膜","C12","待确认/其他","","","","","","需人工","零命中","C12 下无任何关键词/字形命中，需查 BOM 或供应商"
"1697","1684","原材料","C12","待确认/其他","","","","","","","占位行","占位/表头行，先清洗再分类"
"1698","1685","原材料","C12","待确认/其他","","","","","","","占位行","占位/表头行，先清洗再分类"
"1699","1686","离型膜","C12","待确认/其他","C01","薄膜/片材/离型膜/保护膜","C01-07","离型膜","离型膜","高","跨一级重分类",""
"1700","1687","原材料","C12","待确认/其他","","","","","","","占位行","占位/表头行，先清洗再分类"
"1701","1688","原材料","C12","待确认/其他","","","","","","","占位行","占位/表头行，先清洗再分类"
"1703","1690","原材料","C12","待确认/其他","","","","","","","占位行","占位/表头行，先清洗再分类"
"1704","1691","原材料","C12","待确认/其他","","","","","","","占位行","占位/表头行，先清洗再分类"
"1708","1695","ST55043","C12","待确认/其他","","","","","","需人工","零命中","C12 下无任何关键词/字形命中，需查 BOM 或供应商"
"1709","1696","50蓝膜","C12","待确认/其他","","","","","","需人工","零命中","C12 下无任何关键词/字形命中，需查 BOM 或供应商"
"1710","1697","25#白色半转阴VOID防伪商标纸","C12","待确认/其他","","","","","","需人工","零命中","C12 下无任何关键词/字形命中，需查 BOM 或供应商"
"1711","1698","原材料","C12","待确认/其他","","","","","","","占位行","占位/表头行，先清洗再分类"
"1712","1699","原材料","C12","待确认/其他","","","","","","","占位行","占位/表头行，先清洗再分类"
"1713","1700","原材料","C12","待确认/其他","","","","","","","占位行","占位/表头行，先清洗再分类"
"1714","1701","原材料","C12","待确认/其他","","","","","","","占位行","占位/表头行，先清洗再分类"
"1716","1703","原材料","C12","待确认/其他","","","","","","","占位行","占位/表头行，先清洗再分类"
"1720","1707","原材料","C12","待确认/其他","","","","","","","占位行","占位/表头行，先清洗再分类"
"1721","1708","0.25PC8010","C12","待确认/其他","C01","薄膜/片材/离型膜/保护膜","C01-02","PC","pc","低","字形相近","字形并列（C01-02 / C01-05）必须人工确认"
"1724","1711","原材料","C12","待确认/其他","","","","","","","占位行","占位/表头行，先清洗再分类"
"1725","1712","原材料","C12","待确认/其他","","","","","","","占位行","占位/表头行，先清洗再分类"
"1726","1713","原材料","C12","待确认/其他","","","","","","","占位行","占位/表头行，先清洗再分类"
"1727","1714","原材料","C12","待确认/其他","","","","","","","占位行","占位/表头行，先清洗再分类"
"1728","1715","原材料","C12","待确认/其他","","","","","","","占位行","占位/表头行，先清洗再分类"
"1729","1716","原材料","C12","待确认/其他","","","","","","","占位行","占位/表头行，先清洗再分类"
"1730","1717","红色离型膜","C12","待确认/其他","C01","薄膜/片材/离型膜/保护膜","C01-07","离型膜","离型膜","高","跨一级重分类",""
"1731","1718","原材料","C12","待确认/其他","","","","","","","占位行","占位/表头行，先清洗再分类"
"1732","1719","50#格底压花白亮PET方形","C12","待确认/其他","C01","薄膜/片材/离型膜/保护膜","C01-01","PET","PET","高","跨一级重分类",""
"1733","1720","原材料","C12","待确认/其他","","","","","","","占位行","占位/表头行，先清洗再分类"
"1734","1721","25#格底白亮PET","C12","待确认/其他","C01","薄膜/片材/离型膜/保护膜","C01-01","PET","PET","高","跨一级重分类",""
"1735","1722","双层硅胶保护膜","C12","待确认/其他","C01","薄膜/片材/离型膜/保护膜","C01-08","保护膜","保护膜","高","跨一级重分类","次选 C02-05(2)"
"1736","1723","原材料","C12","待确认/其他","","","","","","","占位行","占位/表头行，先清洗再分类"
"1737","1724","原材料","C12","待确认/其他","","","","","","","占位行","占位/表头行，先清洗再分类"
"1738","1725","原材料","C12","待确认/其他","","","","","","","占位行","占位/表头行，先清洗再分类"
"1742","1729","原材料","C12","待确认/其他","","","","","","","占位行","占位/表头行，先清洗再分类"
"1743","1730","浅蓝色","C12","待确认/其他","","","","","","需人工","零命中","C12 下无任何关键词/字形命中，需查 BOM 或供应商"
"1744","1731","原材料","C12","待确认/其他","","","","","","","占位行","占位/表头行，先清洗再分类"
"1747","1734","绿色硅胶带","C12","待确认/其他","C02","胶带/胶粘/泡棉/硅胶","C02-05","硅胶","硅胶","中","跨一级重分类",""
"1750","1737","原材料","C12","待确认/其他","","","","","","","占位行","占位/表头行，先清洗再分类"
"1751","1738","原材料","C12","待确认/其他","","","","","","","占位行","占位/表头行，先清洗再分类"
"1753","1740","原材料","C12","待确认/其他","","","","","","","占位行","占位/表头行，先清洗再分类"
"1757","1744","原材料","C12","待确认/其他","","","","","","","占位行","占位/表头行，先清洗再分类"
"1758","1745","原材料","C12","待确认/其他","","","","","","","占位行","占位/表头行，先清洗再分类"
"1759","1746","原材料","C12","待确认/其他","","","","","","","占位行","占位/表头行，先清洗再分类"
"1760","1747","原材料","C12","待确认/其他","","","","","","","占位行","占位/表头行，先清洗再分类"
"1761","1748","原材料","C12","待确认/其他","","","","","","","占位行","占位/表头行，先清洗再分类"
"1762","1749","原材料","C12","待确认/其他","","","","","","","占位行","占位/表头行，先清洗再分类"
"1763","1750","原材料","C12","待确认/其他","","","","","","","占位行","占位/表头行，先清洗再分类"
"1766","1753","原材料","C12","待确认/其他","","","","","","","占位行","占位/表头行，先清洗再分类"
"1767","1754","原材料","C12","待确认/其他","","","","","","","占位行","占位/表头行，先清洗再分类"
"1768","1755","原材料","C12","待确认/其他","","","","","","","占位行","占位/表头行，先清洗再分类"
"1769","1756","原材料","C12","待确认/其他","","","","","","","占位行","占位/表头行，先清洗再分类"
"1770","1757","原材料","C12","待确认/其他","","","","","","","占位行","占位/表头行，先清洗再分类"
"1771","1758","原材料","C12","待确认/其他","","","","","","","占位行","占位/表头行，先清洗再分类"
"1773","1760","原材料","C12","待确认/其他","","","","","","","占位行","占位/表头行，先清洗再分类"
"1783","1770","原材料","C12","待确认/其他","","","","","","","占位行","占位/表头行，先清洗再分类"
"1787","1774","原材料","C12","待确认/其他","","","","","","","占位行","占位/表头行，先清洗再分类"
"1794","1781","原材料","C12","待确认/其他","","","","","","","占位行","占位/表头行，先清洗再分类"
"1795","1782","原材料","C12","待确认/其他","","","","","","","占位行","占位/表头行，先清洗再分类"
"1796","1783","原材料","C12","待确认/其他","","","","","","","占位行","占位/表头行，先清洗再分类"
"1797","1784","原材料","C12","待确认/其他","","","","","","","占位行","占位/表头行，先清洗再分类"
"1801","1788","原材料","C12","待确认/其他","","","","","","","占位行","占位/表头行，先清洗再分类"
"1802","1789","原材料","C12","待确认/其他","","","","","","","占位行","占位/表头行，先清洗再分类"
"1803","1790","原材料","C12","待确认/其他","","","","","","","占位行","占位/表头行，先清洗再分类"
"1804","1791","CHY503T","C12","待确认/其他","","","","","","需人工","零命中","C12 下无任何关键词/字形命中，需查 BOM 或供应商"
"1805","1792","CHY503T","C12","待确认/其他","","","","","","需人工","零命中","C12 下无任何关键词/字形命中，需查 BOM 或供应商"
"1808","1795","原材料","C12","待确认/其他","","","","","","","占位行","占位/表头行，先清洗再分类"
"1809","1796","原材料","C12","待确认/其他","","","","","","","占位行","占位/表头行，先清洗再分类"
"4431","M-DEMO-001","PET聚酯薄膜","C12","待确认/其他","C01","薄膜/片材/离型膜/保护膜","C01-01","PET","PET","高","跨一级重分类",""
"4432","M-DEMO-002","OPP光膜","C12","待确认/其他","","","","","","需人工","零命中","C12 下无任何关键词/字形命中，需查 BOM 或供应商"
"4433","M-DEMO-003","PVC不干胶","C12","待确认/其他","C01","薄膜/片材/离型膜/保护膜","C01-03","PVC","PVC","高","跨一级重分类",""
"4434","M-DEMO-004","UV油墨-黑","C12","待确认/其他","C03","油墨/涂料/UV/功能浆料","C03-01","UV油墨","UV油墨","高","跨一级重分类",""
"4435","M-DEMO-005","UV油墨-白","C12","待确认/其他","C03","油墨/涂料/UV/功能浆料","C03-01","UV油墨","UV油墨","高","跨一级重分类",""
"4436","M-DEMO-006","UV油墨-蓝","C12","待确认/其他","C03","油墨/涂料/UV/功能浆料","C03-01","UV油墨","UV油墨","高","跨一级重分类",""
"4437","M-DEMO-007","溶剂-异丙醇","C12","待确认/其他","C03","油墨/涂料/UV/功能浆料","C03-02","溶剂型油墨","溶剂","低","字形相近","字形并列（C03-02 / C04-01）必须人工确认"
"4438","M-DEMO-008","离型纸","C12","待确认/其他","C01","薄膜/片材/离型膜/保护膜","C01-07","离型膜","离型","低","字形相近","仅字形相近，必须人工确认"
"4439","M-DEMO-009","胶水-硬胶","C12","待确认/其他","","","","","","需人工","零命中","C12 下无任何关键词/字形命中，需查 BOM 或供应商"
"4440","M-DEMO-010","标签成品-空调面板","C12","待确认/其他","C06","标签/碳带/打印耗材与设备","C06-02","标签","标签","中","跨一级重分类",""
"4921","MAT030","PVC薄膜卷材(透明)","C12","待确认/其他","C01","薄膜/片材/离型膜/保护膜","C01-03","PVC","PVC","高","跨一级重分类",""
"4922","MAT031","PE薄膜卷材(白色)","C12","待确认/其他","C01","薄膜/片材/离型膜/保护膜","C01-01","PET","pe","低","字形相近","字形并列（C01-01 / C02-03 / C07-03 / C07-04）必须人工确认"
"4923","MAT032","PVC薄膜窄幅(500mm)","C12","待确认/其他","C01","薄膜/片材/离型膜/保护膜","C01-03","PVC","PVC","高","跨一级重分类",""
"4924","MAT033","PVC薄膜边角料(200mm)","C12","待确认/其他","C01","薄膜/片材/离型膜/保护膜","C01-03","PVC","PVC","高","跨一级重分类",""
"4925","MAT034","PE薄膜窄幅(600mm)","C12","待确认/其他","C01","薄膜/片材/离型膜/保护膜","C01-01","PET","pe","低","字形相近","字形并列（C01-01 / C02-03 / C07-03 / C07-04）必须人工确认"
"4926","MAT035","丝印油墨-黑色(测试)","C12","待确认/其他","C03","油墨/涂料/UV/功能浆料","C03-01","UV油墨","油墨","低","字形相近","字形并列（C03-01 / C03-02）必须人工确认"