id,material_code,material_name,unit,material_type,width,length,current_is_splittable,suggest,basis,confidence
1,MAT001,PET薄膜透明125μm,张,1,,0.0000,1,1,"卷材类（薄膜/纸张/不干胶/箔），物理可分切",高
2,MAT002,PET薄膜白色188μm,张,1,,0.0000,1,1,"卷材类（薄膜/纸张/不干胶/箔），物理可分切",高
3,MAT003,PVC薄膜透明0.15mm,张,1,,0.0000,1,1,"卷材类（薄膜/纸张/不干胶/箔），物理可分切",高
4,MAT004,不干胶PET银色,卷,1,,0.0000,1,1,"卷材类（薄膜/纸张/不干胶/箔），物理可分切",高
5,MAT005,不干胶PVC白色,卷,1,,0.0000,1,1,"卷材类（薄膜/纸张/不干胶/箔），物理可分切",高
24,1,网版,个,1,,0.0000,1,0,"工装/辅料类（网版、网框等），非卷材，不可分切",高
27,4,网版,个,1,,0.0000,1,0,"工装/辅料类（网版、网框等），非卷材，不可分切",高
28,5,网版,个,1,,0.0000,1,0,"工装/辅料类（网版、网框等），非卷材，不可分切",高
29,6,网版,个,1,,0.0000,1,0,"工装/辅料类（网版、网框等），非卷材，不可分切",高
30,7,网版,个,1,,0.0000,1,0,"工装/辅料类（网版、网框等），非卷材，不可分切",高
31,8,网版,个,1,,0.0000,1,0,"工装/辅料类（网版、网框等），非卷材，不可分切",高
33,10,网版,个,1,,0.0000,1,0,"工装/辅料类（网版、网框等），非卷材，不可分切",高
34,11,网版,个,1,,0.0000,1,0,"工装/辅料类（网版、网框等），非卷材，不可分切",高
35,12,网版,个,1,,0.0000,1,0,"工装/辅料类（网版、网框等），非卷材，不可分切",高
36,13,网版,个,1,,0.0000,1,0,"工装/辅料类（网版、网框等），非卷材，不可分切",高
37,14,网版,个,1,,0.0000,1,0,"工装/辅料类（网版、网框等），非卷材，不可分切",高
38,15,网版,个,1,,0.0000,1,0,"工装/辅料类（网版、网框等），非卷材，不可分切",高
39,16,网版,个,1,,0.0000,1,0,"工装/辅料类（网版、网框等），非卷材，不可分切",高
40,17,网版,个,1,,0.0000,1,0,"工装/辅料类（网版、网框等），非卷材，不可分切",高
41,18,网版,个,1,,0.0000,1,0,"工装/辅料类（网版、网框等），非卷材，不可分切",高
42,19,网版,个,1,,0.0000,1,0,"工装/辅料类（网版、网框等），非卷材，不可分切",高
43,20,网版,个,1,,0.0000,1,0,"工装/辅料类（网版、网框等），非卷材，不可分切",高
47,24,网版,个,1,,0.0000,1,0,"工装/辅料类（网版、网框等），非卷材，不可分切",高
48,25,网版,个,1,,0.0000,1,0,"工装/辅料类（网版、网框等），非卷材，不可分切",高
51,28,网版,个,1,,0.0000,1,0,"工装/辅料类（网版、网框等），非卷材，不可分切",高
54,31,网版,个,1,,0.0000,1,0,"工装/辅料类（网版、网框等），非卷材，不可分切",高
55,32,网版,个,1,,0.0000,1,0,"工装/辅料类（网版、网框等），非卷材，不可分切",高
56,33,网版,个,1,,0.0000,1,0,"工装/辅料类（网版、网框等），非卷材，不可分切",高
57,34,网版,个,1,,0.0000,1,0,"工装/辅料类（网版、网框等），非卷材，不可分切",高
58,35,网版,个,1,,0.0000,1,0,"工装/辅料类（网版、网框等），非卷材，不可分切",高
60,37,原材料,个,1,,0.0000,1,0,"占位数据：名称字面为「原材料」且编码为纯数字，无真实物料语义",高
62,39,网版,个,1,,0.0000,1,0,"工装/辅料类（网版、网框等），非卷材，不可分切",高
63,40,网框,个,1,,0.0000,1,0,"工装/辅料类（网版、网框等），非卷材，不可分切",高
65,42,网版,个,1,,0.0000,1,0,"工装/辅料类（网版、网框等），非卷材，不可分切",高
66,43,网版,个,1,,0.0000,1,0,"工装/辅料类（网版、网框等），非卷材，不可分切",高
67,44,原材料,个,1,,0.0000,1,0,"占位数据：名称字面为「原材料」且编码为纯数字，无真实物料语义",高
68,45,原材料,个,1,,0.0000,1,0,"占位数据：名称字面为「原材料」且编码为纯数字，无真实物料语义",高
69,46,网版,个,1,,0.0000,1,0,"工装/辅料类（网版、网框等），非卷材，不可分切",高
70,47,原材料,个,1,,0.0000,1,0,"占位数据：名称字面为「原材料」且编码为纯数字，无真实物料语义",高
71,48,网版,个,1,,0.0000,1,0,"工装/辅料类（网版、网框等），非卷材，不可分切",高
72,49,原材料,个,1,,0.0000,1,0,"占位数据：名称字面为「原材料」且编码为纯数字，无真实物料语义",高
73,50,原材料,个,1,,0.0000,1,0,"占位数据：名称字面为「原材料」且编码为纯数字，无真实物料语义",高
74,51,原材料,个,1,,0.0000,1,0,"占位数据：名称字面为「原材料」且编码为纯数字，无真实物料语义",高
75,52,原材料,个,1,,0.0000,1,0,"占位数据：名称字面为「原材料」且编码为纯数字，无真实物料语义",高
76,53,原材料,个,1,,0.0000,1,0,"占位数据：名称字面为「原材料」且编码为纯数字，无真实物料语义",高
78,55,原材料,个,1,,0.0000,1,0,"占位数据：名称字面为「原材料」且编码为纯数字，无真实物料语义",高
79,56,原材料,个,1,,0.0000,1,0,"占位数据：名称字面为「原材料」且编码为纯数字，无真实物料语义",高
88,65,原材料,个,1,,0.0000,1,0,"占位数据：名称字面为「原材料」且编码为纯数字，无真实物料语义",高
89,66,原材料,个,1,,0.0000,1,0,"占位数据：名称字面为「原材料」且编码为纯数字，无真实物料语义",高
91,68,原材料,个,1,,0.0000,1,0,"占位数据：名称字面为「原材料」且编码为纯数字，无真实物料语义",高
92,69,原材料,个,1,,0.0000,1,0,"占位数据：名称字面为「原材料」且编码为纯数字，无真实物料语义",高
93,70,原材料,个,1,,0.0000,1,0,"占位数据：名称字面为「原材料」且编码为纯数字，无真实物料语义",高
97,74,原材料,个,1,,0.0000,1,0,"占位数据：名称字面为「原材料」且编码为纯数字，无真实物料语义",高
98,75,原材料,个,1,,0.0000,1,0,"占位数据：名称字面为「原材料」且编码为纯数字，无真实物料语义",高
102,79,原材料,个,1,,0.0000,1,0,"占位数据：名称字面为「原材料」且编码为纯数字，无真实物料语义",高
103,80,原材料,个,1,,0.0000,1,0,"占位数据：名称字面为「原材料」且编码为纯数字，无真实物料语义",高
104,81,原材料,个,1,,0.0000,1,0,"占位数据：名称字面为「原材料」且编码为纯数字，无真实物料语义",高
105,82,原材料,个,1,,0.0000,1,0,"占位数据：名称字面为「原材料」且编码为纯数字，无真实物料语义",高
106,83,原材料,个,1,,0.0000,1,0,"占位数据：名称字面为「原材料」且编码为纯数字，无真实物料语义",高
108,85,原材料,个,1,,0.0000,1,0,"占位数据：名称字面为「原材料」且编码为纯数字，无真实物料语义",高
109,86,原材料,个,1,,0.0000,1,0,"占位数据：名称字面为「原材料」且编码为纯数字，无真实物料语义",高
110,87,原材料,个,1,,0.0000,1,0,"占位数据：名称字面为「原材料」且编码为纯数字，无真实物料语义",高
111,88,原材料,个,1,,0.0000,1,0,"占位数据：名称字面为「原材料」且编码为纯数字，无真实物料语义",高
112,89,原材料,个,1,,0.0000,1,0,"占位数据：名称字面为「原材料」且编码为纯数字，无真实物料语义",高
113,90,原材料,个,1,,0.0000,1,0,"占位数据：名称字面为「原材料」且编码为纯数字，无真实物料语义",高
114,91,原材料,个,1,,0.0000,1,0,"占位数据：名称字面为「原材料」且编码为纯数字，无真实物料语义",高
115,92,原材料,个,1,,0.0000,1,0,"占位数据：名称字面为「原材料」且编码为纯数字，无真实物料语义",高
118,95,原材料,个,1,,0.0000,1,0,"占位数据：名称字面为「原材料」且编码为纯数字，无真实物料语义",高
119,96,原材料,个,1,,0.0000,1,0,"占位数据：名称字面为「原材料」且编码为纯数字，无真实物料语义",高
120,97,原材料,个,1,,0.0000,1,0,"占位数据：名称字面为「原材料」且编码为纯数字，无真实物料语义",高
124,101,原材料,个,1,,0.0000,1,0,"占位数据：名称字面为「原材料」且编码为纯数字，无真实物料语义",高
125,102,原材料,个,1,,0.0000,1,0,"占位数据：名称字面为「原材料」且编码为纯数字，无真实物料语义",高
126,103,原材料,个,1,,0.0000,1,0,"占位数据：名称字面为「原材料」且编码为纯数字，无真实物料语义",高
127,104,原材料,个,1,,0.0000,1,0,"占位数据：名称字面为「原材料」且编码为纯数字，无真实物料语义",高
128,105,原材料,个,1,,0.0000,1,0,"占位数据：名称字面为「原材料」且编码为纯数字，无真实物料语义",高
129,106,原材料,个,1,,0.0000,1,0,"占位数据：名称字面为「原材料」且编码为纯数字，无真实物料语义",高
131,108,原材料,个,1,,0.0000,1,0,"占位数据：名称字面为「原材料」且编码为纯数字，无真实物料语义",高
133,110,原材料,个,1,,0.0000,1,0,"占位数据：名称字面为「原材料」且编码为纯数字，无真实物料语义",高
134,111,原材料,个,1,,0.0000,1,0,"占位数据：名称字面为「原材料」且编码为纯数字，无真实物料语义",高
135,112,原材料,个,1,,0.0000,1,0,"占位数据：名称字面为「原材料」且编码为纯数字，无真实物料语义",高
136,113,原材料,个,1,,0.0000,1,0,"占位数据：名称字面为「原材料」且编码为纯数字，无真实物料语义",高
137,114,原材料,个,1,,0.0000,1,0,"占位数据：名称字面为「原材料」且编码为纯数字，无真实物料语义",高
138,115,原材料,个,1,,0.0000,1,0,"占位数据：名称字面为「原材料」且编码为纯数字，无真实物料语义",高
139,116,原材料,个,1,,0.0000,1,0,"占位数据：名称字面为「原材料」且编码为纯数字，无真实物料语义",高
140,117,原材料,个,1,,0.0000,1,0,"占位数据：名称字面为「原材料」且编码为纯数字，无真实物料语义",高
141,118,原材料,个,1,,0.0000,1,0,"占位数据：名称字面为「原材料」且编码为纯数字，无真实物料语义",高
142,119,原材料,个,1,,0.0000,1,0,"占位数据：名称字面为「原材料」且编码为纯数字，无真实物料语义",高
144,121,原材料,个,1,,0.0000,1,0,"占位数据：名称字面为「原材料」且编码为纯数字，无真实物料语义",高
145,122,原材料,个,1,,0.0000,1,0,"占位数据：名称字面为「原材料」且编码为纯数字，无真实物料语义",高
146,123,原材料,个,1,,0.0000,1,0,"占位数据：名称字面为「原材料」且编码为纯数字，无真实物料语义",高
147,124,原材料,个,1,,0.0000,1,0,"占位数据：名称字面为「原材料」且编码为纯数字，无真实物料语义",高
148,125,原材料,个,1,,0.0000,1,0,"占位数据：名称字面为「原材料」且编码为纯数字，无真实物料语义",高
149,126,原材料,个,1,,0.0000,1,0,"占位数据：名称字面为「原材料」且编码为纯数字，无真实物料语义",高
150,127,原材料,个,1,,0.0000,1,0,"占位数据：名称字面为「原材料」且编码为纯数字，无真实物料语义",高
151,128,原材料,个,1,,0.0000,1,0,"占位数据：名称字面为「原材料」且编码为纯数字，无真实物料语义",高
152,129,原材料,个,1,,0.0000,1,0,"占位数据：名称字面为「原材料」且编码为纯数字，无真实物料语义",高
153,130,原材料,个,1,,0.0000,1,0,"占位数据：名称字面为「原材料」且编码为纯数字，无真实物料语义",高
154,131,原材料,个,1,,0.0000,1,0,"占位数据：名称字面为「原材料」且编码为纯数字，无真实物料语义",高
155,132,原材料,个,1,,0.0000,1,0,"占位数据：名称字面为「原材料」且编码为纯数字，无真实物料语义",高
156,133,原材料,个,1,,0.0000,1,0,"占位数据：名称字面为「原材料」且编码为纯数字，无真实物料语义",高
158,135,原材料,个,1,,0.0000,1,0,"占位数据：名称字面为「原材料」且编码为纯数字，无真实物料语义",高
159,136,原材料,个,1,,0.0000,1,0,"占位数据：名称字面为「原材料」且编码为纯数字，无真实物料语义",高
160,137,原材料,个,1,,0.0000,1,0,"占位数据：名称字面为「原材料」且编码为纯数字，无真实物料语义",高
161,138,原材料,个,1,,0.0000,1,0,"占位数据：名称字面为「原材料」且编码为纯数字，无真实物料语义",高
164,141,原材料,个,1,,0.0000,1,0,"占位数据：名称字面为「原材料」且编码为纯数字，无真实物料语义",高
165,142,原材料,个,1,,0.0000,1,0,"占位数据：名称字面为「原材料」且编码为纯数字，无真实物料语义",高
166,143,原材料,个,1,,0.0000,1,0,"占位数据：名称字面为「原材料」且编码为纯数字，无真实物料语义",高
167,144,原材料,个,1,,0.0000,1,0,"占位数据：名称字面为「原材料」且编码为纯数字，无真实物料语义",高
168,145,原材料,个,1,,0.0000,1,0,"占位数据：名称字面为「原材料」且编码为纯数字，无真实物料语义",高
169,146,原材料,个,1,,0.0000,1,0,"占位数据：名称字面为「原材料」且编码为纯数字，无真实物料语义",高
170,147,原材料,个,1,,0.0000,1,0,"占位数据：名称字面为「原材料」且编码为纯数字，无真实物料语义",高
171,148,原材料,个,1,,0.0000,1,0,"占位数据：名称字面为「原材料」且编码为纯数字，无真实物料语义",高
172,149,原材料,个,1,,0.0000,1,0,"占位数据：名称字面为「原材料」且编码为纯数字，无真实物料语义",高
173,150,原材料,个,1,,0.0000,1,0,"占位数据：名称字面为「原材料」且编码为纯数字，无真实物料语义",高
174,151,原材料,个,1,,0.0000,1,0,"占位数据：名称字面为「原材料」且编码为纯数字，无真实物料语义",高
175,152,原材料,个,1,,0.0000,1,0,"占位数据：名称字面为「原材料」且编码为纯数字，无真实物料语义",高
176,153,原材料,个,1,,0.0000,1,0,"占位数据：名称字面为「原材料」且编码为纯数字，无真实物料语义",高
177,154,原材料,个,1,,0.0000,1,0,"占位数据：名称字面为「原材料」且编码为纯数字，无真实物料语义",高
178,155,原材料,个,1,,0.0000,1,0,"占位数据：名称字面为「原材料」且编码为纯数字，无真实物料语义",高
179,156,原材料,个,1,,0.0000,1,0,"占位数据：名称字面为「原材料」且编码为纯数字，无真实物料语义",高
180,157,原材料,个,1,,0.0000,1,0,"占位数据：名称字面为「原材料」且编码为纯数字，无真实物料语义",高
181,158,原材料,个,1,,0.0000,1,0,"占位数据：名称字面为「原材料」且编码为纯数字，无真实物料语义",高
182,159,原材料,个,1,,0.0000,1,0,"占位数据：名称字面为「原材料」且编码为纯数字，无真实物料语义",高
183,160,原材料,个,1,,0.0000,1,0,"占位数据：名称字面为「原材料」且编码为纯数字，无真实物料语义",高
184,161,原材料,个,1,,0.0000,1,0,"占位数据：名称字面为「原材料」且编码为纯数字，无真实物料语义",高
185,162,原材料,个,1,,0.0000,1,0,"占位数据：名称字面为「原材料」且编码为纯数字，无真实物料语义",高
186,163,原材料,个,1,,0.0000,1,0,"占位数据：名称字面为「原材料」且编码为纯数字，无真实物料语义",高
187,164,原材料,个,1,,0.0000,1,0,"占位数据：名称字面为「原材料」且编码为纯数字，无真实物料语义",高
188,165,原材料,个,1,,0.0000,1,0,"占位数据：名称字面为「原材料」且编码为纯数字，无真实物料语义",高
189,166,原材料,个,1,,0.0000,1,0,"占位数据：名称字面为「原材料」且编码为纯数字，无真实物料语义",高
190,167,原材料,个,1,,0.0000,1,0,"占位数据：名称字面为「原材料」且编码为纯数字，无真实物料语义",高
191,168,原材料,个,1,,0.0000,1,0,"占位数据：名称字面为「原材料」且编码为纯数字，无真实物料语义",高
192,169,原材料,个,1,,0.0000,1,0,"占位数据：名称字面为「原材料」且编码为纯数字，无真实物料语义",高
193,170,原材料,个,1,,0.0000,1,0,"占位数据：名称字面为「原材料」且编码为纯数字，无真实物料语义",高
194,171,原材料,个,1,,0.0000,1,0,"占位数据：名称字面为「原材料」且编码为纯数字，无真实物料语义",高
195,172,原材料,个,1,,0.0000,1,0,"占位数据：名称字面为「原材料」且编码为纯数字，无真实物料语义",高
196,173,原材料,个,1,,0.0000,1,0,"占位数据：名称字面为「原材料」且编码为纯数字，无真实物料语义",高
197,174,原材料,个,1,,0.0000,1,0,"占位数据：名称字面为「原材料」且编码为纯数字，无真实物料语义",高
198,175,原材料,个,1,,0.0000,1,0,"占位数据：名称字面为「原材料」且编码为纯数字，无真实物料语义",高
199,176,原材料,个,1,,0.0000,1,0,"占位数据：名称字面为「原材料」且编码为纯数字，无真实物料语义",高
201,178,原材料,个,1,,0.0000,1,0,"占位数据：名称字面为「原材料」且编码为纯数字，无真实物料语义",高
202,179,原材料,个,1,,0.0000,1,0,"占位数据：名称字面为「原材料」且编码为纯数字，无真实物料语义",高
203,180,原材料,个,1,,0.0000,1,0,"占位数据：名称字面为「原材料」且编码为纯数字，无真实物料语义",高
204,181,原材料,个,1,,0.0000,1,0,"占位数据：名称字面为「原材料」且编码为纯数字，无真实物料语义",高
205,182,原材料,个,1,,0.0000,1,0,"占位数据：名称字面为「原材料」且编码为纯数字，无真实物料语义",高
206,183,原材料,个,1,,0.0000,1,0,"占位数据：名称字面为「原材料」且编码为纯数字，无真实物料语义",高
207,184,原材料,个,1,,0.0000,1,0,"占位数据：名称字面为「原材料」且编码为纯数字，无真实物料语义",高
208,185,原材料,个,1,,0.0000,1,0,"占位数据：名称字面为「原材料」且编码为纯数字，无真实物料语义",高
209,186,原材料,个,1,,0.0000,1,0,"占位数据：名称字面为「原材料」且编码为纯数字，无真实物料语义",高
210,187,原材料,个,1,,0.0000,1,0,"占位数据：名称字面为「原材料」且编码为纯数字，无真实物料语义",高
211,188,原材料,个,1,,0.0000,1,0,"占位数据：名称字面为「原材料」且编码为纯数字，无真实物料语义",高
212,189,原材料,个,1,,0.0000,1,0,"占位数据：名称字面为「原材料」且编码为纯数字，无真实物料语义",高
213,190,原材料,个,1,,0.0000,1,0,"占位数据：名称字面为「原材料」且编码为纯数字，无真实物料语义",高
214,191,原材料,个,1,,0.0000,1,0,"占位数据：名称字面为「原材料」且编码为纯数字，无真实物料语义",高
215,192,原材料,个,1,,0.0000,1,0,"占位数据：名称字面为「原材料」且编码为纯数字，无真实物料语义",高
216,193,原材料,个,1,,0.0000,1,0,"占位数据：名称字面为「原材料」且编码为纯数字，无真实物料语义",高
217,194,原材料,个,1,,0.0000,1,0,"占位数据：名称字面为「原材料」且编码为纯数字，无真实物料语义",高
218,195,原材料,个,1,,0.0000,1,0,"占位数据：名称字面为「原材料」且编码为纯数字，无真实物料语义",高
219,196,原材料,个,1,,0.0000,1,0,"占位数据：名称字面为「原材料」且编码为纯数字，无真实物料语义",高
221,198,原材料,个,1,,0.0000,1,0,"占位数据：名称字面为「原材料」且编码为纯数字，无真实物料语义",高
222,199,原材料,个,1,,0.0000,1,0,"占位数据：名称字面为「原材料」且编码为纯数字，无真实物料语义",高
223,200,原材料,个,1,,0.0000,1,0,"占位数据：名称字面为「原材料」且编码为纯数字，无真实物料语义",高
224,201,原材料,个,1,,0.0000,1,0,"占位数据：名称字面为「原材料」且编码为纯数字，无真实物料语义",高
225,202,原材料,个,1,,0.0000,1,0,"占位数据：名称字面为「原材料」且编码为纯数字，无真实物料语义",高
226,203,原材料,个,1,,0.0000,1,0,"占位数据：名称字面为「原材料」且编码为纯数字，无真实物料语义",高
227,204,原材料,个,1,,0.0000,1,0,"占位数据：名称字面为「原材料」且编码为纯数字，无真实物料语义",高
228,205,原材料,个,1,,0.0000,1,0,"占位数据：名称字面为「原材料」且编码为纯数字，无真实物料语义",高
229,206,原材料,个,1,,0.0000,1,0,"占位数据：名称字面为「原材料」且编码为纯数字，无真实物料语义",高
234,211,原材料,个,1,,0.0000,1,0,"占位数据：名称字面为「原材料」且编码为纯数字，无真实物料语义",高
235,212,原材料,个,1,,0.0000,1,0,"占位数据：名称字面为「原材料」且编码为纯数字，无真实物料语义",高
236,213,原材料,个,1,,0.0000,1,0,"占位数据：名称字面为「原材料」且编码为纯数字，无真实物料语义",高
237,214,原材料,个,1,,0.0000,1,0,"占位数据：名称字面为「原材料」且编码为纯数字，无真实物料语义",高
238,215,原材料,个,1,,0.0000,1,0,"占位数据：名称字面为「原材料」且编码为纯数字，无真实物料语义",高
239,216,原材料,个,1,,0.0000,1,0,"占位数据：名称字面为「原材料」且编码为纯数字，无真实物料语义",高
240,217,原材料,个,1,,0.0000,1,0,"占位数据：名称字面为「原材料」且编码为纯数字，无真实物料语义",高
241,218,原材料,个,1,,0.0000,1,0,"占位数据：名称字面为「原材料」且编码为纯数字，无真实物料语义",高
242,219,原材料,个,1,,0.0000,1,0,"占位数据：名称字面为「原材料」且编码为纯数字，无真实物料语义",高
243,220,原材料,个,1,,0.0000,1,0,"占位数据：名称字面为「原材料」且编码为纯数字，无真实物料语义",高
244,221,原材料,个,1,,0.0000,1,0,"占位数据：名称字面为「原材料」且编码为纯数字，无真实物料语义",高
245,222,原材料,个,1,,0.0000,1,0,"占位数据：名称字面为「原材料」且编码为纯数字，无真实物料语义",高
246,223,原材料,个,1,,0.0000,1,0,"占位数据：名称字面为「原材料」且编码为纯数字，无真实物料语义",高
247,224,原材料,个,1,,0.0000,1,0,"占位数据：名称字面为「原材料」且编码为纯数字，无真实物料语义",高
248,225,原材料,个,1,,0.0000,1,0,"占位数据：名称字面为「原材料」且编码为纯数字，无真实物料语义",高
249,226,原材料,个,1,,0.0000,1,0,"占位数据：名称字面为「原材料」且编码为纯数字，无真实物料语义",高
250,227,原材料,个,1,,0.0000,1,0,"占位数据：名称字面为「原材料」且编码为纯数字，无真实物料语义",高
251,228,原材料,个,1,,0.0000,1,0,"占位数据：名称字面为「原材料」且编码为纯数字，无真实物料语义",高
252,229,原材料,个,1,,0.0000,1,0,"占位数据：名称字面为「原材料」且编码为纯数字，无真实物料语义",高
253,230,原材料,个,1,,0.0000,1,0,"占位数据：名称字面为「原材料」且编码为纯数字，无真实物料语义",高
254,231,原材料,个,1,,0.0000,1,0,"占位数据：名称字面为「原材料」且编码为纯数字，无真实物料语义",高
255,232,原材料,个,1,,0.0000,1,0,"占位数据：名称字面为「原材料」且编码为纯数字，无真实物料语义",高
256,233,原材料,个,1,,0.0000,1,0,"占位数据：名称字面为「原材料」且编码为纯数字，无真实物料语义",高
257,234,原材料,个,1,,0.0000,1,0,"占位数据：名称字面为「原材料」且编码为纯数字，无真实物料语义",高
258,235,原材料,个,1,,0.0000,1,0,"占位数据：名称字面为「原材料」且编码为纯数字，无真实物料语义",高
259,236,原材料,个,1,,0.0000,1,0,"占位数据：名称字面为「原材料」且编码为纯数字，无真实物料语义",高
260,237,原材料,个,1,,0.0000,1,0,"占位数据：名称字面为「原材料」且编码为纯数字，无真实物料语义",高
261,238,原材料,个,1,,0.0000,1,0,"占位数据：名称字面为「原材料」且编码为纯数字，无真实物料语义",高
262,239,原材料,个,1,,0.0000,1,0,"占位数据：名称字面为「原材料」且编码为纯数字，无真实物料语义",高
263,240,原材料,个,1,,0.0000,1,0,"占位数据：名称字面为「原材料」且编码为纯数字，无真实物料语义",高
264,241,原材料,个,1,,0.0000,1,0,"占位数据：名称字面为「原材料」且编码为纯数字，无真实物料语义",高
265,242,原材料,个,1,,0.0000,1,0,"占位数据：名称字面为「原材料」且编码为纯数字，无真实物料语义",高
268,245,原材料,个,1,,0.0000,1,0,"占位数据：名称字面为「原材料」且编码为纯数字，无真实物料语义",高
269,246,原材料,个,1,,0.0000,1,0,"占位数据：名称字面为「原材料」且编码为纯数字，无真实物料语义",高
270,247,原材料,个,1,,0.0000,1,0,"占位数据：名称字面为「原材料」且编码为纯数字，无真实物料语义",高
274,251,原材料,个,1,,0.0000,1,0,"占位数据：名称字面为「原材料」且编码为纯数字，无真实物料语义",高
277,254,原材料,个,1,,0.0000,1,0,"占位数据：名称字面为「原材料」且编码为纯数字，无真实物料语义",高
278,255,原材料,个,1,,0.0000,1,0,"占位数据：名称字面为「原材料」且编码为纯数字，无真实物料语义",高
279,256,原材料,个,1,,0.0000,1,0,"占位数据：名称字面为「原材料」且编码为纯数字，无真实物料语义",高
280,257,原材料,个,1,,0.0000,1,0,"占位数据：名称字面为「原材料」且编码为纯数字，无真实物料语义",高
281,258,原材料,个,1,,0.0000,1,0,"占位数据：名称字面为「原材料」且编码为纯数字，无真实物料语义",高
282,259,原材料,个,1,,0.0000,1,0,"占位数据：名称字面为「原材料」且编码为纯数字，无真实物料语义",高
283,260,原材料,个,1,,0.0000,1,0,"占位数据：名称字面为「原材料」且编码为纯数字，无真实物料语义",高
284,261,原材料,个,1,,0.0000,1,0,"占位数据：名称字面为「原材料」且编码为纯数字，无真实物料语义",高
285,262,原材料,个,1,,0.0000,1,0,"占位数据：名称字面为「原材料」且编码为纯数字，无真实物料语义",高
286,263,原材料,个,1,,0.0000,1,0,"占位数据：名称字面为「原材料」且编码为纯数字，无真实物料语义",高
301,278,原材料,个,1,,0.0000,1,0,"占位数据：名称字面为「原材料」且编码为纯数字，无真实物料语义",高
302,279,原材料,个,1,,0.0000,1,0,"占位数据：名称字面为「原材料」且编码为纯数字，无真实物料语义",高
303,280,原材料,个,1,,0.0000,1,0,"占位数据：名称字面为「原材料」且编码为纯数字，无真实物料语义",高
304,281,原材料,个,1,,0.0000,1,0,"占位数据：名称字面为「原材料」且编码为纯数字，无真实物料语义",高
369,346,原材料,个,1,,0.0000,1,0,"占位数据：名称字面为「原材料」且编码为纯数字，无真实物料语义",高
437,414,原材料,个,1,,0.0000,1,0,"占位数据：名称字面为「原材料」且编码为纯数字，无真实物料语义",高
491,468,原材料,个,1,,0.0000,1,0,"占位数据：名称字面为「原材料」且编码为纯数字，无真实物料语义",高
520,497,原材料,个,1,,0.0000,1,0,"占位数据：名称字面为「原材料」且编码为纯数字，无真实物料语义",高
530,507,原材料,个,1,,0.0000,1,0,"占位数据：名称字面为「原材料」且编码为纯数字，无真实物料语义",高
531,508,原材料,个,1,,0.0000,1,0,"占位数据：名称字面为「原材料」且编码为纯数字，无真实物料语义",高
619,598,原材料,个,1,,0.0000,1,0,"占位数据：名称字面为「原材料」且编码为纯数字，无真实物料语义",高
648,627,原材料,个,1,,0.0000,1,0,"占位数据：名称字面为「原材料」且编码为纯数字，无真实物料语义",高
649,628,原材料,个,1,,0.0000,1,0,"占位数据：名称字面为「原材料」且编码为纯数字，无真实物料语义",高
650,629,原材料,个,1,,0.0000,1,0,"占位数据：名称字面为「原材料」且编码为纯数字，无真实物料语义",高
658,637,原材料,个,1,,0.0000,1,0,"占位数据：名称字面为「原材料」且编码为纯数字，无真实物料语义",高
661,640,原材料,个,1,,0.0000,1,0,"占位数据：名称字面为「原材料」且编码为纯数字，无真实物料语义",高
662,641,原材料,个,1,,0.0000,1,0,"占位数据：名称字面为「原材料」且编码为纯数字，无真实物料语义",高
663,642,原材料,个,1,,0.0000,1,0,"占位数据：名称字面为「原材料」且编码为纯数字，无真实物料语义",高
668,647,原材料,个,1,,0.0000,1,0,"占位数据：名称字面为「原材料」且编码为纯数字，无真实物料语义",高
669,648,原材料,个,1,,0.0000,1,0,"占位数据：名称字面为「原材料」且编码为纯数字，无真实物料语义",高
670,649,原材料,个,1,,0.0000,1,0,"占位数据：名称字面为「原材料」且编码为纯数字，无真实物料语义",高
671,650,原材料,个,1,,0.0000,1,0,"占位数据：名称字面为「原材料」且编码为纯数字，无真实物料语义",高
672,651,原材料,个,1,,0.0000,1,0,"占位数据：名称字面为「原材料」且编码为纯数字，无真实物料语义",高
673,652,原材料,个,1,,0.0000,1,0,"占位数据：名称字面为「原材料」且编码为纯数字，无真实物料语义",高
674,653,原材料,个,1,,0.0000,1,0,"占位数据：名称字面为「原材料」且编码为纯数字，无真实物料语义",高
675,654,原材料,个,1,,0.0000,1,0,"占位数据：名称字面为「原材料」且编码为纯数字，无真实物料语义",高
678,657,原材料,个,1,,0.0000,1,0,"占位数据：名称字面为「原材料」且编码为纯数字，无真实物料语义",高
683,662,原材料,个,1,,0.0000,1,0,"占位数据：名称字面为「原材料」且编码为纯数字，无真实物料语义",高
685,664,原材料,个,1,,0.0000,1,0,"占位数据：名称字面为「原材料」且编码为纯数字，无真实物料语义",高
689,668,原材料,个,1,,0.0000,1,0,"占位数据：名称字面为「原材料」且编码为纯数字，无真实物料语义",高
691,670,原材料,个,1,,0.0000,1,0,"占位数据：名称字面为「原材料」且编码为纯数字，无真实物料语义",高
692,671,原材料,个,1,,0.0000,1,0,"占位数据：名称字面为「原材料」且编码为纯数字，无真实物料语义",高
693,672,原材料,个,1,,0.0000,1,0,"占位数据：名称字面为「原材料」且编码为纯数字，无真实物料语义",高
695,674,原材料,个,1,,0.0000,1,0,"占位数据：名称字面为「原材料」且编码为纯数字，无真实物料语义",高
699,678,原材料,个,1,,0.0000,1,0,"占位数据：名称字面为「原材料」且编码为纯数字，无真实物料语义",高
700,679,原材料,个,1,,0.0000,1,0,"占位数据：名称字面为「原材料」且编码为纯数字，无真实物料语义",高
708,687,原材料,个,1,,0.0000,1,0,"占位数据：名称字面为「原材料」且编码为纯数字，无真实物料语义",高
709,688,原材料,个,1,,0.0000,1,0,"占位数据：名称字面为「原材料」且编码为纯数字，无真实物料语义",高
710,689,原材料,个,1,,0.0000,1,0,"占位数据：名称字面为「原材料」且编码为纯数字，无真实物料语义",高
717,696,原材料,个,1,,0.0000,1,0,"占位数据：名称字面为「原材料」且编码为纯数字，无真实物料语义",高
720,699,原材料,个,1,,0.0000,1,0,"占位数据：名称字面为「原材料」且编码为纯数字，无真实物料语义",高
721,700,原材料,个,1,,0.0000,1,0,"占位数据：名称字面为「原材料」且编码为纯数字，无真实物料语义",高
722,701,原材料,个,1,,0.0000,1,0,"占位数据：名称字面为「原材料」且编码为纯数字，无真实物料语义",高
723,702,原材料,个,1,,0.0000,1,0,"占位数据：名称字面为「原材料」且编码为纯数字，无真实物料语义",高
724,703,原材料,个,1,,0.0000,1,0,"占位数据：名称字面为「原材料」且编码为纯数字，无真实物料语义",高
725,704,原材料,个,1,,0.0000,1,0,"占位数据：名称字面为「原材料」且编码为纯数字，无真实物料语义",高
726,705,原材料,个,1,,0.0000,1,0,"占位数据：名称字面为「原材料」且编码为纯数字，无真实物料语义",高
727,706,原材料,个,1,,0.0000,1,0,"占位数据：名称字面为「原材料」且编码为纯数字，无真实物料语义",高
733,712,原材料,个,1,,0.0000,1,0,"占位数据：名称字面为「原材料」且编码为纯数字，无真实物料语义",高
734,713,原材料,个,1,,0.0000,1,0,"占位数据：名称字面为「原材料」且编码为纯数字，无真实物料语义",高
735,714,原材料,个,1,,0.0000,1,0,"占位数据：名称字面为「原材料」且编码为纯数字，无真实物料语义",高
736,715,原材料,个,1,,0.0000,1,0,"占位数据：名称字面为「原材料」且编码为纯数字，无真实物料语义",高
737,716,原材料,个,1,,0.0000,1,0,"占位数据：名称字面为「原材料」且编码为纯数字，无真实物料语义",高
738,717,原材料,个,1,,0.0000,1,0,"占位数据：名称字面为「原材料」且编码为纯数字，无真实物料语义",高
742,721,原材料,个,1,,0.0000,1,0,"占位数据：名称字面为「原材料」且编码为纯数字，无真实物料语义",高
751,731,原材料,个,1,,0.0000,1,0,"占位数据：名称字面为「原材料」且编码为纯数字，无真实物料语义",高
756,736,原材料,个,1,,0.0000,1,0,"占位数据：名称字面为「原材料」且编码为纯数字，无真实物料语义",高
761,741,原材料,个,1,,0.0000,1,0,"占位数据：名称字面为「原材料」且编码为纯数字，无真实物料语义",高
771,751,原材料,个,1,,0.0000,1,0,"占位数据：名称字面为「原材料」且编码为纯数字，无真实物料语义",高
773,753,原材料,个,1,,0.0000,1,0,"占位数据：名称字面为「原材料」且编码为纯数字，无真实物料语义",高
783,763,原材料,个,1,,0.0000,1,0,"占位数据：名称字面为「原材料」且编码为纯数字，无真实物料语义",高
784,764,原材料,个,1,,0.0000,1,0,"占位数据：名称字面为「原材料」且编码为纯数字，无真实物料语义",高
785,765,原材料,个,1,,0.0000,1,0,"占位数据：名称字面为「原材料」且编码为纯数字，无真实物料语义",高
786,766,原材料,个,1,,0.0000,1,0,"占位数据：名称字面为「原材料」且编码为纯数字，无真实物料语义",高
787,767,原材料,个,1,,0.0000,1,0,"占位数据：名称字面为「原材料」且编码为纯数字，无真实物料语义",高
791,771,原材料,个,1,,0.0000,1,0,"占位数据：名称字面为「原材料」且编码为纯数字，无真实物料语义",高
796,776,原材料,个,1,,0.0000,1,0,"占位数据：名称字面为「原材料」且编码为纯数字，无真实物料语义",高
799,779,原材料,个,1,,0.0000,1,0,"占位数据：名称字面为「原材料」且编码为纯数字，无真实物料语义",高
803,783,原材料,个,1,,0.0000,1,0,"占位数据：名称字面为「原材料」且编码为纯数字，无真实物料语义",高
804,784,原材料,个,1,,0.0000,1,0,"占位数据：名称字面为「原材料」且编码为纯数字，无真实物料语义",高
805,785,原材料,个,1,,0.0000,1,0,"占位数据：名称字面为「原材料」且编码为纯数字，无真实物料语义",高
806,786,原材料,个,1,,0.0000,1,0,"占位数据：名称字面为「原材料」且编码为纯数字，无真实物料语义",高
808,788,原材料,个,1,,0.0000,1,0,"占位数据：名称字面为「原材料」且编码为纯数字，无真实物料语义",高
810,790,原材料,个,1,,0.0000,1,0,"占位数据：名称字面为「原材料」且编码为纯数字，无真实物料语义",高
811,791,原材料,个,1,,0.0000,1,0,"占位数据：名称字面为「原材料」且编码为纯数字，无真实物料语义",高
814,794,原材料,个,1,,0.0000,1,0,"占位数据：名称字面为「原材料」且编码为纯数字，无真实物料语义",高
818,798,原材料,个,1,,0.0000,1,0,"占位数据：名称字面为「原材料」且编码为纯数字，无真实物料语义",高
832,812,原材料,个,1,,0.0000,1,0,"占位数据：名称字面为「原材料」且编码为纯数字，无真实物料语义",高
895,875,原材料,个,1,,0.0000,1,0,"占位数据：名称字面为「原材料」且编码为纯数字，无真实物料语义",高
991,971,原材料,个,1,,0.0000,1,0,"占位数据：名称字面为「原材料」且编码为纯数字，无真实物料语义",高
992,972,原材料,个,1,,0.0000,1,0,"占位数据：名称字面为「原材料」且编码为纯数字，无真实物料语义",高
993,973,原材料,个,1,,0.0000,1,0,"占位数据：名称字面为「原材料」且编码为纯数字，无真实物料语义",高
994,974,原材料,个,1,,0.0000,1,0,"占位数据：名称字面为「原材料」且编码为纯数字，无真实物料语义",高
995,975,原材料,个,1,,0.0000,1,0,"占位数据：名称字面为「原材料」且编码为纯数字，无真实物料语义",高
996,976,原材料,个,1,,0.0000,1,0,"占位数据：名称字面为「原材料」且编码为纯数字，无真实物料语义",高
997,977,原材料,个,1,,0.0000,1,0,"占位数据：名称字面为「原材料」且编码为纯数字，无真实物料语义",高
998,978,原材料,个,1,,0.0000,1,0,"占位数据：名称字面为「原材料」且编码为纯数字，无真实物料语义",高
999,979,原材料,个,1,,0.0000,1,0,"占位数据：名称字面为「原材料」且编码为纯数字，无真实物料语义",高
1001,981,原材料,个,1,,0.0000,1,0,"占位数据：名称字面为「原材料」且编码为纯数字，无真实物料语义",高
1002,982,原材料,个,1,,0.0000,1,0,"占位数据：名称字面为「原材料」且编码为纯数字，无真实物料语义",高
1003,983,原材料,个,1,,0.0000,1,0,"占位数据：名称字面为「原材料」且编码为纯数字，无真实物料语义",高
1004,984,原材料,个,1,,0.0000,1,0,"占位数据：名称字面为「原材料」且编码为纯数字，无真实物料语义",高
1007,987,原材料,个,1,,0.0000,1,0,"占位数据：名称字面为「原材料」且编码为纯数字，无真实物料语义",高
1008,988,原材料,个,1,,0.0000,1,0,"占位数据：名称字面为「原材料」且编码为纯数字，无真实物料语义",高
1009,989,原材料,个,1,,0.0000,1,0,"占位数据：名称字面为「原材料」且编码为纯数字，无真实物料语义",高
1010,990,原材料,个,1,,0.0000,1,0,"占位数据：名称字面为「原材料」且编码为纯数字，无真实物料语义",高
1011,991,原材料,个,1,,0.0000,1,0,"占位数据：名称字面为「原材料」且编码为纯数字，无真实物料语义",高
1012,992,原材料,个,1,,0.0000,1,0,"占位数据：名称字面为「原材料」且编码为纯数字，无真实物料语义",高
1019,999,原材料,个,1,,0.0000,1,0,"占位数据：名称字面为「原材料」且编码为纯数字，无真实物料语义",高
1020,1000,原材料,个,1,,0.0000,1,0,"占位数据：名称字面为「原材料」且编码为纯数字，无真实物料语义",高
1021,1001,原材料,个,1,,0.0000,1,0,"占位数据：名称字面为「原材料」且编码为纯数字，无真实物料语义",高
1022,1002,原材料,个,1,,0.0000,1,0,"占位数据：名称字面为「原材料」且编码为纯数字，无真实物料语义",高
1023,1003,原材料,个,1,,0.0000,1,0,"占位数据：名称字面为「原材料」且编码为纯数字，无真实物料语义",高
1024,1004,原材料,个,1,,0.0000,1,0,"占位数据：名称字面为「原材料」且编码为纯数字，无真实物料语义",高
1025,1005,原材料,个,1,,0.0000,1,0,"占位数据：名称字面为「原材料」且编码为纯数字，无真实物料语义",高
1026,1006,原材料,个,1,,0.0000,1,0,"占位数据：名称字面为「原材料」且编码为纯数字，无真实物料语义",高
1027,1007,原材料,个,1,,0.0000,1,0,"占位数据：名称字面为「原材料」且编码为纯数字，无真实物料语义",高
1028,1008,原材料,个,1,,0.0000,1,0,"占位数据：名称字面为「原材料」且编码为纯数字，无真实物料语义",高
1031,1011,原材料,个,1,,0.0000,1,0,"占位数据：名称字面为「原材料」且编码为纯数字，无真实物料语义",高
1032,1012,原材料,个,1,,0.0000,1,0,"占位数据：名称字面为「原材料」且编码为纯数字，无真实物料语义",高
1034,1014,原材料,个,1,,0.0000,1,0,"占位数据：名称字面为「原材料」且编码为纯数字，无真实物料语义",高
1035,1015,原材料,个,1,,0.0000,1,0,"占位数据：名称字面为「原材料」且编码为纯数字，无真实物料语义",高
1037,1017,原材料,个,1,,0.0000,1,0,"占位数据：名称字面为「原材料」且编码为纯数字，无真实物料语义",高
1039,1019,原材料,个,1,,0.0000,1,0,"占位数据：名称字面为「原材料」且编码为纯数字，无真实物料语义",高
1040,1020,原材料,个,1,,0.0000,1,0,"占位数据：名称字面为「原材料」且编码为纯数字，无真实物料语义",高
1041,1021,原材料,个,1,,0.0000,1,0,"占位数据：名称字面为「原材料」且编码为纯数字，无真实物料语义",高
1042,1022,原材料,个,1,,0.0000,1,0,"占位数据：名称字面为「原材料」且编码为纯数字，无真实物料语义",高
1043,1023,原材料,个,1,,0.0000,1,0,"占位数据：名称字面为「原材料」且编码为纯数字，无真实物料语义",高
1044,1024,原材料,个,1,,0.0000,1,0,"占位数据：名称字面为「原材料」且编码为纯数字，无真实物料语义",高
1045,1025,原材料,个,1,,0.0000,1,0,"占位数据：名称字面为「原材料」且编码为纯数字，无真实物料语义",高
1046,1026,原材料,个,1,,0.0000,1,0,"占位数据：名称字面为「原材料」且编码为纯数字，无真实物料语义",高
1047,1027,原材料,个,1,,0.0000,1,0,"占位数据：名称字面为「原材料」且编码为纯数字，无真实物料语义",高
1048,1028,原材料,个,1,,0.0000,1,0,"占位数据：名称字面为「原材料」且编码为纯数字，无真实物料语义",高
1049,1029,原材料,个,1,,0.0000,1,0,"占位数据：名称字面为「原材料」且编码为纯数字，无真实物料语义",高
1050,1030,原材料,个,1,,0.0000,1,0,"占位数据：名称字面为「原材料」且编码为纯数字，无真实物料语义",高
1051,1031,原材料,个,1,,0.0000,1,0,"占位数据：名称字面为「原材料」且编码为纯数字，无真实物料语义",高
1053,1033,原材料,个,1,,0.0000,1,0,"占位数据：名称字面为「原材料」且编码为纯数字，无真实物料语义",高
1056,1036,原材料,个,1,,0.0000,1,0,"占位数据：名称字面为「原材料」且编码为纯数字，无真实物料语义",高
1058,1038,原材料,个,1,,0.0000,1,0,"占位数据：名称字面为「原材料」且编码为纯数字，无真实物料语义",高
1064,1044,原材料,个,1,,0.0000,1,0,"占位数据：名称字面为「原材料」且编码为纯数字，无真实物料语义",高
1067,1047,原材料,个,1,,0.0000,1,0,"占位数据：名称字面为「原材料」且编码为纯数字，无真实物料语义",高
1068,1048,原材料,个,1,,0.0000,1,0,"占位数据：名称字面为「原材料」且编码为纯数字，无真实物料语义",高
1069,1049,原材料,个,1,,0.0000,1,0,"占位数据：名称字面为「原材料」且编码为纯数字，无真实物料语义",高
1070,1050,原材料,个,1,,0.0000,1,0,"占位数据：名称字面为「原材料」且编码为纯数字，无真实物料语义",高
1071,1051,原材料,个,1,,0.0000,1,0,"占位数据：名称字面为「原材料」且编码为纯数字，无真实物料语义",高
1072,1052,原材料,个,1,,0.0000,1,0,"占位数据：名称字面为「原材料」且编码为纯数字，无真实物料语义",高
1073,1053,原材料,个,1,,0.0000,1,0,"占位数据：名称字面为「原材料」且编码为纯数字，无真实物料语义",高
1074,1054,原材料,个,1,,0.0000,1,0,"占位数据：名称字面为「原材料」且编码为纯数字，无真实物料语义",高
1075,1055,原材料,个,1,,0.0000,1,0,"占位数据：名称字面为「原材料」且编码为纯数字，无真实物料语义",高
1078,1058,原材料,个,1,,0.0000,1,0,"占位数据：名称字面为「原材料」且编码为纯数字，无真实物料语义",高
1079,1059,原材料,个,1,,0.0000,1,0,"占位数据：名称字面为「原材料」且编码为纯数字，无真实物料语义",高
1081,1061,原材料,个,1,,0.0000,1,0,"占位数据：名称字面为「原材料」且编码为纯数字，无真实物料语义",高
1083,1063,原材料,个,1,,0.0000,1,0,"占位数据：名称字面为「原材料」且编码为纯数字，无真实物料语义",高
1084,1064,原材料,个,1,,0.0000,1,0,"占位数据：名称字面为「原材料」且编码为纯数字，无真实物料语义",高
1085,1065,原材料,个,1,,0.0000,1,0,"占位数据：名称字面为「原材料」且编码为纯数字，无真实物料语义",高
1086,1066,原材料,个,1,,0.0000,1,0,"占位数据：名称字面为「原材料」且编码为纯数字，无真实物料语义",高
1087,1067,原材料,个,1,,0.0000,1,0,"占位数据：名称字面为「原材料」且编码为纯数字，无真实物料语义",高
1088,1068,原材料,个,1,,0.0000,1,0,"占位数据：名称字面为「原材料」且编码为纯数字，无真实物料语义",高
1089,1069,原材料,个,1,,0.0000,1,0,"占位数据：名称字面为「原材料」且编码为纯数字，无真实物料语义",高
1090,1070,原材料,个,1,,0.0000,1,0,"占位数据：名称字面为「原材料」且编码为纯数字，无真实物料语义",高
1091,1071,原材料,个,1,,0.0000,1,0,"占位数据：名称字面为「原材料」且编码为纯数字，无真实物料语义",高
1093,1073,原材料,个,1,,0.0000,1,0,"占位数据：名称字面为「原材料」且编码为纯数字，无真实物料语义",高
1094,1074,原材料,个,1,,0.0000,1,0,"占位数据：名称字面为「原材料」且编码为纯数字，无真实物料语义",高
1095,1075,原材料,个,1,,0.0000,1,0,"占位数据：名称字面为「原材料」且编码为纯数字，无真实物料语义",高
1096,1076,原材料,个,1,,0.0000,1,0,"占位数据：名称字面为「原材料」且编码为纯数字，无真实物料语义",高
1097,1077,原材料,个,1,,0.0000,1,0,"占位数据：名称字面为「原材料」且编码为纯数字，无真实物料语义",高
1098,1078,原材料,个,1,,0.0000,1,0,"占位数据：名称字面为「原材料」且编码为纯数字，无真实物料语义",高
1099,1079,原材料,个,1,,0.0000,1,0,"占位数据：名称字面为「原材料」且编码为纯数字，无真实物料语义",高
1100,1080,原材料,个,1,,0.0000,1,0,"占位数据：名称字面为「原材料」且编码为纯数字，无真实物料语义",高
1101,1081,原材料,个,1,,0.0000,1,0,"占位数据：名称字面为「原材料」且编码为纯数字，无真实物料语义",高
1102,1082,原材料,个,1,,0.0000,1,0,"占位数据：名称字面为「原材料」且编码为纯数字，无真实物料语义",高
1105,1085,原材料,个,1,,0.0000,1,0,"占位数据：名称字面为「原材料」且编码为纯数字，无真实物料语义",高
1106,1086,原材料,个,1,,0.0000,1,0,"占位数据：名称字面为「原材料」且编码为纯数字，无真实物料语义",高
1107,1087,原材料,个,1,,0.0000,1,0,"占位数据：名称字面为「原材料」且编码为纯数字，无真实物料语义",高
1108,1088,原材料,个,1,,0.0000,1,0,"占位数据：名称字面为「原材料」且编码为纯数字，无真实物料语义",高
1109,1089,原材料,个,1,,0.0000,1,0,"占位数据：名称字面为「原材料」且编码为纯数字，无真实物料语义",高
1110,1090,原材料,个,1,,0.0000,1,0,"占位数据：名称字面为「原材料」且编码为纯数字，无真实物料语义",高
1111,1091,原材料,个,1,,0.0000,1,0,"占位数据：名称字面为「原材料」且编码为纯数字，无真实物料语义",高
1112,1092,原材料,个,1,,0.0000,1,0,"占位数据：名称字面为「原材料」且编码为纯数字，无真实物料语义",高
1113,1093,原材料,个,1,,0.0000,1,0,"占位数据：名称字面为「原材料」且编码为纯数字，无真实物料语义",高
1115,1095,原材料,个,1,,0.0000,1,0,"占位数据：名称字面为「原材料」且编码为纯数字，无真实物料语义",高
1118,1098,原材料,个,1,,0.0000,1,0,"占位数据：名称字面为「原材料」且编码为纯数字，无真实物料语义",高
1120,1100,原材料,个,1,,0.0000,1,0,"占位数据：名称字面为「原材料」且编码为纯数字，无真实物料语义",高
1121,1101,原材料,个,1,,0.0000,1,0,"占位数据：名称字面为「原材料」且编码为纯数字，无真实物料语义",高
1122,1102,原材料,个,1,,0.0000,1,0,"占位数据：名称字面为「原材料」且编码为纯数字，无真实物料语义",高
1123,1103,原材料,个,1,,0.0000,1,0,"占位数据：名称字面为「原材料」且编码为纯数字，无真实物料语义",高
1124,1104,原材料,个,1,,0.0000,1,0,"占位数据：名称字面为「原材料」且编码为纯数字，无真实物料语义",高
1125,1105,原材料,个,1,,0.0000,1,0,"占位数据：名称字面为「原材料」且编码为纯数字，无真实物料语义",高
1126,1106,原材料,个,1,,0.0000,1,0,"占位数据：名称字面为「原材料」且编码为纯数字，无真实物料语义",高
1129,1109,原材料,个,1,,0.0000,1,0,"占位数据：名称字面为「原材料」且编码为纯数字，无真实物料语义",高
1131,1111,原材料,个,1,,0.0000,1,0,"占位数据：名称字面为「原材料」且编码为纯数字，无真实物料语义",高
1132,1112,原材料,个,1,,0.0000,1,0,"占位数据：名称字面为「原材料」且编码为纯数字，无真实物料语义",高
1133,1113,原材料,个,1,,0.0000,1,0,"占位数据：名称字面为「原材料」且编码为纯数字，无真实物料语义",高
1135,1115,原材料,个,1,,0.0000,1,0,"占位数据：名称字面为「原材料」且编码为纯数字，无真实物料语义",高
1136,1116,原材料,个,1,,0.0000,1,0,"占位数据：名称字面为「原材料」且编码为纯数字，无真实物料语义",高
1139,1119,原材料,个,1,,0.0000,1,0,"占位数据：名称字面为「原材料」且编码为纯数字，无真实物料语义",高
1140,1120,原材料,个,1,,0.0000,1,0,"占位数据：名称字面为「原材料」且编码为纯数字，无真实物料语义",高
1143,1123,原材料,个,1,,0.0000,1,0,"占位数据：名称字面为「原材料」且编码为纯数字，无真实物料语义",高
1144,1124,原材料,个,1,,0.0000,1,0,"占位数据：名称字面为「原材料」且编码为纯数字，无真实物料语义",高
1145,1125,原材料,个,1,,0.0000,1,0,"占位数据：名称字面为「原材料」且编码为纯数字，无真实物料语义",高
1146,1126,原材料,个,1,,0.0000,1,0,"占位数据：名称字面为「原材料」且编码为纯数字，无真实物料语义",高
1147,1127,原材料,个,1,,0.0000,1,0,"占位数据：名称字面为「原材料」且编码为纯数字，无真实物料语义",高
1148,1128,原材料,个,1,,0.0000,1,0,"占位数据：名称字面为「原材料」且编码为纯数字，无真实物料语义",高
1149,1129,原材料,个,1,,0.0000,1,0,"占位数据：名称字面为「原材料」且编码为纯数字，无真实物料语义",高
1150,1130,原材料,个,1,,0.0000,1,0,"占位数据：名称字面为「原材料」且编码为纯数字，无真实物料语义",高
1151,1131,原材料,个,1,,0.0000,1,0,"占位数据：名称字面为「原材料」且编码为纯数字，无真实物料语义",高
1154,1134,原材料,个,1,,0.0000,1,0,"占位数据：名称字面为「原材料」且编码为纯数字，无真实物料语义",高
1157,1137,原材料,个,1,,0.0000,1,0,"占位数据：名称字面为「原材料」且编码为纯数字，无真实物料语义",高
1158,1138,原材料,个,1,,0.0000,1,0,"占位数据：名称字面为「原材料」且编码为纯数字，无真实物料语义",高
1160,1140,原材料,个,1,,0.0000,1,0,"占位数据：名称字面为「原材料」且编码为纯数字，无真实物料语义",高
1161,1141,原材料,个,1,,0.0000,1,0,"占位数据：名称字面为「原材料」且编码为纯数字，无真实物料语义",高
1164,1144,原材料,个,1,,0.0000,1,0,"占位数据：名称字面为「原材料」且编码为纯数字，无真实物料语义",高
1166,1146,原材料,个,1,,0.0000,1,0,"占位数据：名称字面为「原材料」且编码为纯数字，无真实物料语义",高
1168,1148,原材料,个,1,,0.0000,1,0,"占位数据：名称字面为「原材料」且编码为纯数字，无真实物料语义",高
1169,1149,原材料,个,1,,0.0000,1,0,"占位数据：名称字面为「原材料」且编码为纯数字，无真实物料语义",高
1171,1151,原材料,个,1,,0.0000,1,0,"占位数据：名称字面为「原材料」且编码为纯数字，无真实物料语义",高
1179,1159,原材料,个,1,,0.0000,1,0,"占位数据：名称字面为「原材料」且编码为纯数字，无真实物料语义",高
1180,1160,原材料,个,1,,0.0000,1,0,"占位数据：名称字面为「原材料」且编码为纯数字，无真实物料语义",高
1182,1162,原材料,个,1,,0.0000,1,0,"占位数据：名称字面为「原材料」且编码为纯数字，无真实物料语义",高
1184,1164,原材料,个,1,,0.0000,1,0,"占位数据：名称字面为「原材料」且编码为纯数字，无真实物料语义",高
1187,1167,原材料,个,1,,0.0000,1,0,"占位数据：名称字面为「原材料」且编码为纯数字，无真实物料语义",高
1194,1174,原材料,个,1,,0.0000,1,0,"占位数据：名称字面为「原材料」且编码为纯数字，无真实物料语义",高
1201,1181,原材料,个,1,,0.0000,1,0,"占位数据：名称字面为「原材料」且编码为纯数字，无真实物料语义",高
1202,1182,原材料,个,1,,0.0000,1,0,"占位数据：名称字面为「原材料」且编码为纯数字，无真实物料语义",高
1203,1183,原材料,个,1,,0.0000,1,0,"占位数据：名称字面为「原材料」且编码为纯数字，无真实物料语义",高
1204,1184,原材料,个,1,,0.0000,1,0,"占位数据：名称字面为「原材料」且编码为纯数字，无真实物料语义",高
1205,1185,原材料,个,1,,0.0000,1,0,"占位数据：名称字面为「原材料」且编码为纯数字，无真实物料语义",高
1207,1187,原材料,个,1,,0.0000,1,0,"占位数据：名称字面为「原材料」且编码为纯数字，无真实物料语义",高
1208,1188,原材料,个,1,,0.0000,1,0,"占位数据：名称字面为「原材料」且编码为纯数字，无真实物料语义",高
1209,1189,原材料,个,1,,0.0000,1,0,"占位数据：名称字面为「原材料」且编码为纯数字，无真实物料语义",高
1214,1194,原材料,个,1,,0.0000,1,0,"占位数据：名称字面为「原材料」且编码为纯数字，无真实物料语义",高
1215,1195,原材料,个,1,,0.0000,1,0,"占位数据：名称字面为「原材料」且编码为纯数字，无真实物料语义",高
1217,1197,原材料,个,1,,0.0000,1,0,"占位数据：名称字面为「原材料」且编码为纯数字，无真实物料语义",高
1218,1198,原材料,个,1,,0.0000,1,0,"占位数据：名称字面为「原材料」且编码为纯数字，无真实物料语义",高
1219,1199,原材料,个,1,,0.0000,1,0,"占位数据：名称字面为「原材料」且编码为纯数字，无真实物料语义",高
1223,1203,原材料,个,1,,0.0000,1,0,"占位数据：名称字面为「原材料」且编码为纯数字，无真实物料语义",高
1224,1204,原材料,个,1,,0.0000,1,0,"占位数据：名称字面为「原材料」且编码为纯数字，无真实物料语义",高
1225,1205,原材料,个,1,,0.0000,1,0,"占位数据：名称字面为「原材料」且编码为纯数字，无真实物料语义",高
1226,1206,原材料,个,1,,0.0000,1,0,"占位数据：名称字面为「原材料」且编码为纯数字，无真实物料语义",高
1228,1208,原材料,个,1,,0.0000,1,0,"占位数据：名称字面为「原材料」且编码为纯数字，无真实物料语义",高
1230,1210,原材料,个,1,,0.0000,1,0,"占位数据：名称字面为「原材料」且编码为纯数字，无真实物料语义",高
1232,1212,原材料,个,1,,0.0000,1,0,"占位数据：名称字面为「原材料」且编码为纯数字，无真实物料语义",高
1233,1213,原材料,个,1,,0.0000,1,0,"占位数据：名称字面为「原材料」且编码为纯数字，无真实物料语义",高
1234,1214,原材料,个,1,,0.0000,1,0,"占位数据：名称字面为「原材料」且编码为纯数字，无真实物料语义",高
1235,1215,原材料,个,1,,0.0000,1,0,"占位数据：名称字面为「原材料」且编码为纯数字，无真实物料语义",高
1236,1216,原材料,个,1,,0.0000,1,0,"占位数据：名称字面为「原材料」且编码为纯数字，无真实物料语义",高
1237,1217,原材料,个,1,,0.0000,1,0,"占位数据：名称字面为「原材料」且编码为纯数字，无真实物料语义",高
1238,1218,原材料,个,1,,0.0000,1,0,"占位数据：名称字面为「原材料」且编码为纯数字，无真实物料语义",高
1239,1219,原材料,个,1,,0.0000,1,0,"占位数据：名称字面为「原材料」且编码为纯数字，无真实物料语义",高
1240,1220,原材料,个,1,,0.0000,1,0,"占位数据：名称字面为「原材料」且编码为纯数字，无真实物料语义",高
1243,1223,原材料,个,1,,0.0000,1,0,"占位数据：名称字面为「原材料」且编码为纯数字，无真实物料语义",高
1244,1224,原材料,个,1,,0.0000,1,0,"占位数据：名称字面为「原材料」且编码为纯数字，无真实物料语义",高
1246,1226,原材料,个,1,,0.0000,1,0,"占位数据：名称字面为「原材料」且编码为纯数字，无真实物料语义",高
1248,1228,原材料,个,1,,0.0000,1,0,"占位数据：名称字面为「原材料」且编码为纯数字，无真实物料语义",高
1250,1230,原材料,个,1,,0.0000,1,0,"占位数据：名称字面为「原材料」且编码为纯数字，无真实物料语义",高
1252,1232,原材料,个,1,,0.0000,1,0,"占位数据：名称字面为「原材料」且编码为纯数字，无真实物料语义",高
1255,1235,原材料,个,1,,0.0000,1,0,"占位数据：名称字面为「原材料」且编码为纯数字，无真实物料语义",高
1257,1237,原材料,个,1,,0.0000,1,0,"占位数据：名称字面为「原材料」且编码为纯数字，无真实物料语义",高
1261,1241,原材料,个,1,,0.0000,1,0,"占位数据：名称字面为「原材料」且编码为纯数字，无真实物料语义",高
1262,1242,原材料,个,1,,0.0000,1,0,"占位数据：名称字面为「原材料」且编码为纯数字，无真实物料语义",高
1263,1243,原材料,个,1,,0.0000,1,0,"占位数据：名称字面为「原材料」且编码为纯数字，无真实物料语义",高
1264,1244,原材料,个,1,,0.0000,1,0,"占位数据：名称字面为「原材料」且编码为纯数字，无真实物料语义",高
1265,1245,原材料,个,1,,0.0000,1,0,"占位数据：名称字面为「原材料」且编码为纯数字，无真实物料语义",高
1267,1247,原材料,个,1,,0.0000,1,0,"占位数据：名称字面为「原材料」且编码为纯数字，无真实物料语义",高
1268,1248,原材料,个,1,,0.0000,1,0,"占位数据：名称字面为「原材料」且编码为纯数字，无真实物料语义",高
1269,1249,原材料,个,1,,0.0000,1,0,"占位数据：名称字面为「原材料」且编码为纯数字，无真实物料语义",高
1270,1250,原材料,个,1,,0.0000,1,0,"占位数据：名称字面为「原材料」且编码为纯数字，无真实物料语义",高
1273,1253,原材料,个,1,,0.0000,1,0,"占位数据：名称字面为「原材料」且编码为纯数字，无真实物料语义",高
1274,1254,原材料,个,1,,0.0000,1,0,"占位数据：名称字面为「原材料」且编码为纯数字，无真实物料语义",高
1275,1255,原材料,个,1,,0.0000,1,0,"占位数据：名称字面为「原材料」且编码为纯数字，无真实物料语义",高
1276,1256,原材料,个,1,,0.0000,1,0,"占位数据：名称字面为「原材料」且编码为纯数字，无真实物料语义",高
1277,1257,原材料,个,1,,0.0000,1,0,"占位数据：名称字面为「原材料」且编码为纯数字，无真实物料语义",高
1278,1258,原材料,个,1,,0.0000,1,0,"占位数据：名称字面为「原材料」且编码为纯数字，无真实物料语义",高
1279,1259,原材料,个,1,,0.0000,1,0,"占位数据：名称字面为「原材料」且编码为纯数字，无真实物料语义",高
1280,1260,原材料,个,1,,0.0000,1,0,"占位数据：名称字面为「原材料」且编码为纯数字，无真实物料语义",高
1281,1261,原材料,个,1,,0.0000,1,0,"占位数据：名称字面为「原材料」且编码为纯数字，无真实物料语义",高
1282,1262,原材料,个,1,,0.0000,1,0,"占位数据：名称字面为「原材料」且编码为纯数字，无真实物料语义",高
1283,1263,原材料,个,1,,0.0000,1,0,"占位数据：名称字面为「原材料」且编码为纯数字，无真实物料语义",高
1284,1264,原材料,个,1,,0.0000,1,0,"占位数据：名称字面为「原材料」且编码为纯数字，无真实物料语义",高
1286,1266,原材料,个,1,,0.0000,1,0,"占位数据：名称字面为「原材料」且编码为纯数字，无真实物料语义",高
1287,1267,原材料,个,1,,0.0000,1,0,"占位数据：名称字面为「原材料」且编码为纯数字，无真实物料语义",高
1288,1268,原材料,个,1,,0.0000,1,0,"占位数据：名称字面为「原材料」且编码为纯数字，无真实物料语义",高
1289,1269,原材料,个,1,,0.0000,1,0,"占位数据：名称字面为「原材料」且编码为纯数字，无真实物料语义",高
1290,1270,原材料,个,1,,0.0000,1,0,"占位数据：名称字面为「原材料」且编码为纯数字，无真实物料语义",高
1291,1271,原材料,个,1,,0.0000,1,0,"占位数据：名称字面为「原材料」且编码为纯数字，无真实物料语义",高
1292,1272,原材料,个,1,,0.0000,1,0,"占位数据：名称字面为「原材料」且编码为纯数字，无真实物料语义",高
1293,1273,原材料,个,1,,0.0000,1,0,"占位数据：名称字面为「原材料」且编码为纯数字，无真实物料语义",高
1295,1275,原材料,个,1,,0.0000,1,0,"占位数据：名称字面为「原材料」且编码为纯数字，无真实物料语义",高
1296,1276,原材料,个,1,,0.0000,1,0,"占位数据：名称字面为「原材料」且编码为纯数字，无真实物料语义",高
1297,1277,原材料,个,1,,0.0000,1,0,"占位数据：名称字面为「原材料」且编码为纯数字，无真实物料语义",高
1298,1278,原材料,个,1,,0.0000,1,0,"占位数据：名称字面为「原材料」且编码为纯数字，无真实物料语义",高
1300,1280,原材料,个,1,,0.0000,1,0,"占位数据：名称字面为「原材料」且编码为纯数字，无真实物料语义",高
1301,1281,原材料,个,1,,0.0000,1,0,"占位数据：名称字面为「原材料」且编码为纯数字，无真实物料语义",高
1302,1282,原材料,个,1,,0.0000,1,0,"占位数据：名称字面为「原材料」且编码为纯数字，无真实物料语义",高
1303,1283,原材料,个,1,,0.0000,1,0,"占位数据：名称字面为「原材料」且编码为纯数字，无真实物料语义",高
1304,1284,原材料,个,1,,0.0000,1,0,"占位数据：名称字面为「原材料」且编码为纯数字，无真实物料语义",高
1305,1285,原材料,个,1,,0.0000,1,0,"占位数据：名称字面为「原材料」且编码为纯数字，无真实物料语义",高
1307,1287,原材料,个,1,,0.0000,1,0,"占位数据：名称字面为「原材料」且编码为纯数字，无真实物料语义",高
1309,1289,原材料,个,1,,0.0000,1,0,"占位数据：名称字面为「原材料」且编码为纯数字，无真实物料语义",高
1312,1292,原材料,个,1,,0.0000,1,0,"占位数据：名称字面为「原材料」且编码为纯数字，无真实物料语义",高
1313,1293,原材料,个,1,,0.0000,1,0,"占位数据：名称字面为「原材料」且编码为纯数字，无真实物料语义",高
1314,1294,原材料,个,1,,0.0000,1,0,"占位数据：名称字面为「原材料」且编码为纯数字，无真实物料语义",高
1315,1295,原材料,个,1,,0.0000,1,0,"占位数据：名称字面为「原材料」且编码为纯数字，无真实物料语义",高
1316,1296,原材料,个,1,,0.0000,1,0,"占位数据：名称字面为「原材料」且编码为纯数字，无真实物料语义",高
1318,1298,原材料,个,1,,0.0000,1,0,"占位数据：名称字面为「原材料」且编码为纯数字，无真实物料语义",高
1321,1301,原材料,个,1,,0.0000,1,0,"占位数据：名称字面为「原材料」且编码为纯数字，无真实物料语义",高
1323,1303,原材料,个,1,,0.0000,1,0,"占位数据：名称字面为「原材料」且编码为纯数字，无真实物料语义",高
1325,1305,原材料,个,1,,0.0000,1,0,"占位数据：名称字面为「原材料」且编码为纯数字，无真实物料语义",高
1326,1306,原材料,个,1,,0.0000,1,0,"占位数据：名称字面为「原材料」且编码为纯数字，无真实物料语义",高
1329,1309,原材料,个,1,,0.0000,1,0,"占位数据：名称字面为「原材料」且编码为纯数字，无真实物料语义",高
1331,1311,原材料,个,1,,0.0000,1,0,"占位数据：名称字面为「原材料」且编码为纯数字，无真实物料语义",高
1332,1312,原材料,个,1,,0.0000,1,0,"占位数据：名称字面为「原材料」且编码为纯数字，无真实物料语义",高
1333,1313,原材料,个,1,,0.0000,1,0,"占位数据：名称字面为「原材料」且编码为纯数字，无真实物料语义",高
1334,1314,原材料,个,1,,0.0000,1,0,"占位数据：名称字面为「原材料」且编码为纯数字，无真实物料语义",高
1335,1315,原材料,个,1,,0.0000,1,0,"占位数据：名称字面为「原材料」且编码为纯数字，无真实物料语义",高
1336,1316,原材料,个,1,,0.0000,1,0,"占位数据：名称字面为「原材料」且编码为纯数字，无真实物料语义",高
1337,1317,原材料,个,1,,0.0000,1,0,"占位数据：名称字面为「原材料」且编码为纯数字，无真实物料语义",高
1338,1318,原材料,个,1,,0.0000,1,0,"占位数据：名称字面为「原材料」且编码为纯数字，无真实物料语义",高
1344,1324,原材料,个,1,,0.0000,1,0,"占位数据：名称字面为「原材料」且编码为纯数字，无真实物料语义",高
1345,1325,原材料,个,1,,0.0000,1,0,"占位数据：名称字面为「原材料」且编码为纯数字，无真实物料语义",高
1346,1326,原材料,个,1,,0.0000,1,0,"占位数据：名称字面为「原材料」且编码为纯数字，无真实物料语义",高
1347,1327,原材料,个,1,,0.0000,1,0,"占位数据：名称字面为「原材料」且编码为纯数字，无真实物料语义",高
1348,1328,原材料,个,1,,0.0000,1,0,"占位数据：名称字面为「原材料」且编码为纯数字，无真实物料语义",高
1350,1330,原材料,个,1,,0.0000,1,0,"占位数据：名称字面为「原材料」且编码为纯数字，无真实物料语义",高
1351,1331,原材料,个,1,,0.0000,1,0,"占位数据：名称字面为「原材料」且编码为纯数字，无真实物料语义",高
1352,1332,原材料,个,1,,0.0000,1,0,"占位数据：名称字面为「原材料」且编码为纯数字，无真实物料语义",高
1353,1333,原材料,个,1,,0.0000,1,0,"占位数据：名称字面为「原材料」且编码为纯数字，无真实物料语义",高
1354,1334,原材料,个,1,,0.0000,1,0,"占位数据：名称字面为「原材料」且编码为纯数字，无真实物料语义",高
1355,1335,原材料,个,1,,0.0000,1,0,"占位数据：名称字面为「原材料」且编码为纯数字，无真实物料语义",高
1356,1336,原材料,个,1,,0.0000,1,0,"占位数据：名称字面为「原材料」且编码为纯数字，无真实物料语义",高
1358,1338,原材料,个,1,,0.0000,1,0,"占位数据：名称字面为「原材料」且编码为纯数字，无真实物料语义",高
1359,1339,原材料,个,1,,0.0000,1,0,"占位数据：名称字面为「原材料」且编码为纯数字，无真实物料语义",高
1362,1342,原材料,个,1,,0.0000,1,0,"占位数据：名称字面为「原材料」且编码为纯数字，无真实物料语义",高
1365,1345,原材料,个,1,,0.0000,1,0,"占位数据：名称字面为「原材料」且编码为纯数字，无真实物料语义",高
1366,1346,原材料,个,1,,0.0000,1,0,"占位数据：名称字面为「原材料」且编码为纯数字，无真实物料语义",高
1368,1348,原材料,个,1,,0.0000,1,0,"占位数据：名称字面为「原材料」且编码为纯数字，无真实物料语义",高
1369,1349,原材料,个,1,,0.0000,1,0,"占位数据：名称字面为「原材料」且编码为纯数字，无真实物料语义",高
1372,1352,原材料,个,1,,0.0000,1,0,"占位数据：名称字面为「原材料」且编码为纯数字，无真实物料语义",高
1373,1353,原材料,个,1,,0.0000,1,0,"占位数据：名称字面为「原材料」且编码为纯数字，无真实物料语义",高
1374,1354,原材料,个,1,,0.0000,1,0,"占位数据：名称字面为「原材料」且编码为纯数字，无真实物料语义",高
1375,1355,原材料,个,1,,0.0000,1,0,"占位数据：名称字面为「原材料」且编码为纯数字，无真实物料语义",高
1376,1356,原材料,个,1,,0.0000,1,0,"占位数据：名称字面为「原材料」且编码为纯数字，无真实物料语义",高
1377,1357,原材料,个,1,,0.0000,1,0,"占位数据：名称字面为「原材料」且编码为纯数字，无真实物料语义",高
1378,1358,原材料,个,1,,0.0000,1,0,"占位数据：名称字面为「原材料」且编码为纯数字，无真实物料语义",高
1379,1359,原材料,个,1,,0.0000,1,0,"占位数据：名称字面为「原材料」且编码为纯数字，无真实物料语义",高
1380,1360,原材料,个,1,,0.0000,1,0,"占位数据：名称字面为「原材料」且编码为纯数字，无真实物料语义",高
1381,1361,原材料,个,1,,0.0000,1,0,"占位数据：名称字面为「原材料」且编码为纯数字，无真实物料语义",高
1382,1362,原材料,个,1,,0.0000,1,0,"占位数据：名称字面为「原材料」且编码为纯数字，无真实物料语义",高
1383,1363,原材料,个,1,,0.0000,1,0,"占位数据：名称字面为「原材料」且编码为纯数字，无真实物料语义",高
1384,1364,原材料,个,1,,0.0000,1,0,"占位数据：名称字面为「原材料」且编码为纯数字，无真实物料语义",高
1385,1365,原材料,个,1,,0.0000,1,0,"占位数据：名称字面为「原材料」且编码为纯数字，无真实物料语义",高
1387,1367,原材料,个,1,,0.0000,1,0,"占位数据：名称字面为「原材料」且编码为纯数字，无真实物料语义",高
1388,1368,原材料,个,1,,0.0000,1,0,"占位数据：名称字面为「原材料」且编码为纯数字，无真实物料语义",高
1389,1369,原材料,个,1,,0.0000,1,0,"占位数据：名称字面为「原材料」且编码为纯数字，无真实物料语义",高
1390,1370,原材料,个,1,,0.0000,1,0,"占位数据：名称字面为「原材料」且编码为纯数字，无真实物料语义",高
1391,1371,原材料,个,1,,0.0000,1,0,"占位数据：名称字面为「原材料」且编码为纯数字，无真实物料语义",高
1392,1372,原材料,个,1,,0.0000,1,0,"占位数据：名称字面为「原材料」且编码为纯数字，无真实物料语义",高
1393,1373,原材料,个,1,,0.0000,1,0,"占位数据：名称字面为「原材料」且编码为纯数字，无真实物料语义",高
1394,1374,原材料,个,1,,0.0000,1,0,"占位数据：名称字面为「原材料」且编码为纯数字，无真实物料语义",高
1395,1375,原材料,个,1,,0.0000,1,0,"占位数据：名称字面为「原材料」且编码为纯数字，无真实物料语义",高
1396,1376,原材料,个,1,,0.0000,1,0,"占位数据：名称字面为「原材料」且编码为纯数字，无真实物料语义",高
1397,1377,原材料,个,1,,0.0000,1,0,"占位数据：名称字面为「原材料」且编码为纯数字，无真实物料语义",高
1398,1378,原材料,个,1,,0.0000,1,0,"占位数据：名称字面为「原材料」且编码为纯数字，无真实物料语义",高
1399,1379,原材料,个,1,,0.0000,1,0,"占位数据：名称字面为「原材料」且编码为纯数字，无真实物料语义",高
1400,1380,原材料,个,1,,0.0000,1,0,"占位数据：名称字面为「原材料」且编码为纯数字，无真实物料语义",高
1401,1381,原材料,个,1,,0.0000,1,0,"占位数据：名称字面为「原材料」且编码为纯数字，无真实物料语义",高
1404,1384,原材料,个,1,,0.0000,1,0,"占位数据：名称字面为「原材料」且编码为纯数字，无真实物料语义",高
1405,1385,原材料,个,1,,0.0000,1,0,"占位数据：名称字面为「原材料」且编码为纯数字，无真实物料语义",高
1406,1386,原材料,个,1,,0.0000,1,0,"占位数据：名称字面为「原材料」且编码为纯数字，无真实物料语义",高
1409,1389,原材料,个,1,,0.0000,1,0,"占位数据：名称字面为「原材料」且编码为纯数字，无真实物料语义",高
1411,1391,原材料,个,1,,0.0000,1,0,"占位数据：名称字面为「原材料」且编码为纯数字，无真实物料语义",高
1412,1392,原材料,个,1,,0.0000,1,0,"占位数据：名称字面为「原材料」且编码为纯数字，无真实物料语义",高
1413,1393,原材料,个,1,,0.0000,1,0,"占位数据：名称字面为「原材料」且编码为纯数字，无真实物料语义",高
1414,1394,原材料,个,1,,0.0000,1,0,"占位数据：名称字面为「原材料」且编码为纯数字，无真实物料语义",高
1415,1395,原材料,个,1,,0.0000,1,0,"占位数据：名称字面为「原材料」且编码为纯数字，无真实物料语义",高
1416,1396,原材料,个,1,,0.0000,1,0,"占位数据：名称字面为「原材料」且编码为纯数字，无真实物料语义",高
1419,1399,原材料,个,1,,0.0000,1,0,"占位数据：名称字面为「原材料」且编码为纯数字，无真实物料语义",高
1420,1400,原材料,个,1,,0.0000,1,0,"占位数据：名称字面为「原材料」且编码为纯数字，无真实物料语义",高
1421,1401,原材料,个,1,,0.0000,1,0,"占位数据：名称字面为「原材料」且编码为纯数字，无真实物料语义",高
1422,1402,原材料,个,1,,0.0000,1,0,"占位数据：名称字面为「原材料」且编码为纯数字，无真实物料语义",高
1430,1411,原材料,个,1,,0.0000,1,0,"占位数据：名称字面为「原材料」且编码为纯数字，无真实物料语义",高
1433,1414,原材料,个,1,,0.0000,1,0,"占位数据：名称字面为「原材料」且编码为纯数字，无真实物料语义",高
1434,1415,原材料,个,1,,0.0000,1,0,"占位数据：名称字面为「原材料」且编码为纯数字，无真实物料语义",高
1438,1419,原材料,个,1,,0.0000,1,0,"占位数据：名称字面为「原材料」且编码为纯数字，无真实物料语义",高
1439,1420,原材料,个,1,,0.0000,1,0,"占位数据：名称字面为「原材料」且编码为纯数字，无真实物料语义",高
1440,1421,原材料,个,1,,0.0000,1,0,"占位数据：名称字面为「原材料」且编码为纯数字，无真实物料语义",高
1441,1422,原材料,个,1,,0.0000,1,0,"占位数据：名称字面为「原材料」且编码为纯数字，无真实物料语义",高
1442,1423,原材料,个,1,,0.0000,1,0,"占位数据：名称字面为「原材料」且编码为纯数字，无真实物料语义",高
1444,1425,原材料,个,1,,0.0000,1,0,"占位数据：名称字面为「原材料」且编码为纯数字，无真实物料语义",高
1445,1426,原材料,个,1,,0.0000,1,0,"占位数据：名称字面为「原材料」且编码为纯数字，无真实物料语义",高
1446,1427,原材料,个,1,,0.0000,1,0,"占位数据：名称字面为「原材料」且编码为纯数字，无真实物料语义",高
1447,1428,原材料,个,1,,0.0000,1,0,"占位数据：名称字面为「原材料」且编码为纯数字，无真实物料语义",高
1448,1429,原材料,个,1,,0.0000,1,0,"占位数据：名称字面为「原材料」且编码为纯数字，无真实物料语义",高
1449,1430,原材料,个,1,,0.0000,1,0,"占位数据：名称字面为「原材料」且编码为纯数字，无真实物料语义",高
1450,1431,原材料,个,1,,0.0000,1,0,"占位数据：名称字面为「原材料」且编码为纯数字，无真实物料语义",高
1451,1432,原材料,个,1,,0.0000,1,0,"占位数据：名称字面为「原材料」且编码为纯数字，无真实物料语义",高
1452,1433,原材料,个,1,,0.0000,1,0,"占位数据：名称字面为「原材料」且编码为纯数字，无真实物料语义",高
1453,1434,原材料,个,1,,0.0000,1,0,"占位数据：名称字面为「原材料」且编码为纯数字，无真实物料语义",高
1454,1435,原材料,个,1,,0.0000,1,0,"占位数据：名称字面为「原材料」且编码为纯数字，无真实物料语义",高
1455,1436,原材料,个,1,,0.0000,1,0,"占位数据：名称字面为「原材料」且编码为纯数字，无真实物料语义",高
1456,1437,原材料,个,1,,0.0000,1,0,"占位数据：名称字面为「原材料」且编码为纯数字，无真实物料语义",高
1457,1438,原材料,个,1,,0.0000,1,0,"占位数据：名称字面为「原材料」且编码为纯数字，无真实物料语义",高
1458,1439,原材料,个,1,,0.0000,1,0,"占位数据：名称字面为「原材料」且编码为纯数字，无真实物料语义",高
1459,1440,原材料,个,1,,0.0000,1,0,"占位数据：名称字面为「原材料」且编码为纯数字，无真实物料语义",高
1460,1441,原材料,个,1,,0.0000,1,0,"占位数据：名称字面为「原材料」且编码为纯数字，无真实物料语义",高
1461,1442,原材料,个,1,,0.0000,1,0,"占位数据：名称字面为「原材料」且编码为纯数字，无真实物料语义",高
1462,1443,原材料,个,1,,0.0000,1,0,"占位数据：名称字面为「原材料」且编码为纯数字，无真实物料语义",高
1463,1444,原材料,个,1,,0.0000,1,0,"占位数据：名称字面为「原材料」且编码为纯数字，无真实物料语义",高
1464,1445,原材料,个,1,,0.0000,1,0,"占位数据：名称字面为「原材料」且编码为纯数字，无真实物料语义",高
1465,1446,原材料,个,1,,0.0000,1,0,"占位数据：名称字面为「原材料」且编码为纯数字，无真实物料语义",高
1466,1447,原材料,个,1,,0.0000,1,0,"占位数据：名称字面为「原材料」且编码为纯数字，无真实物料语义",高
1474,1455,原材料,个,1,,0.0000,1,0,"占位数据：名称字面为「原材料」且编码为纯数字，无真实物料语义",高
1480,1461,原材料,个,1,,0.0000,1,0,"占位数据：名称字面为「原材料」且编码为纯数字，无真实物料语义",高
1482,1463,原材料,个,1,,0.0000,1,0,"占位数据：名称字面为「原材料」且编码为纯数字，无真实物料语义",高
1486,1467,原材料,个,1,,0.0000,1,0,"占位数据：名称字面为「原材料」且编码为纯数字，无真实物料语义",高
1492,1473,原材料,个,1,,0.0000,1,0,"占位数据：名称字面为「原材料」且编码为纯数字，无真实物料语义",高
1493,1474,原材料,个,1,,0.0000,1,0,"占位数据：名称字面为「原材料」且编码为纯数字，无真实物料语义",高
1494,1475,原材料,个,1,,0.0000,1,0,"占位数据：名称字面为「原材料」且编码为纯数字，无真实物料语义",高
1499,1480,原材料,个,1,,0.0000,1,0,"占位数据：名称字面为「原材料」且编码为纯数字，无真实物料语义",高
1500,1481,原材料,个,1,,0.0000,1,0,"占位数据：名称字面为「原材料」且编码为纯数字，无真实物料语义",高
1510,1491,原材料,个,1,,0.0000,1,0,"占位数据：名称字面为「原材料」且编码为纯数字，无真实物料语义",高
1511,1492,原材料,个,1,,0.0000,1,0,"占位数据：名称字面为「原材料」且编码为纯数字，无真实物料语义",高
1512,1493,原材料,个,1,,0.0000,1,0,"占位数据：名称字面为「原材料」且编码为纯数字，无真实物料语义",高
1513,1494,原材料,个,1,,0.0000,1,0,"占位数据：名称字面为「原材料」且编码为纯数字，无真实物料语义",高
1514,1496,原材料,个,1,,0.0000,1,0,"占位数据：名称字面为「原材料」且编码为纯数字，无真实物料语义",高
1515,1497,原材料,个,1,,0.0000,1,0,"占位数据：名称字面为「原材料」且编码为纯数字，无真实物料语义",高
1516,1499,原材料,个,1,,0.0000,1,0,"占位数据：名称字面为「原材料」且编码为纯数字，无真实物料语义",高
1517,1501,原材料,个,1,,0.0000,1,0,"占位数据：名称字面为「原材料」且编码为纯数字，无真实物料语义",高
1519,1503,原材料,个,1,,0.0000,1,0,"占位数据：名称字面为「原材料」且编码为纯数字，无真实物料语义",高
1520,1504,原材料,个,1,,0.0000,1,0,"占位数据：名称字面为「原材料」且编码为纯数字，无真实物料语义",高
1521,1505,原材料,个,1,,0.0000,1,0,"占位数据：名称字面为「原材料」且编码为纯数字，无真实物料语义",高
1522,1507,原材料,个,1,,0.0000,1,0,"占位数据：名称字面为「原材料」且编码为纯数字，无真实物料语义",高
1523,1508,原材料,个,1,,0.0000,1,0,"占位数据：名称字面为「原材料」且编码为纯数字，无真实物料语义",高
1524,1509,原材料,个,1,,0.0000,1,0,"占位数据：名称字面为「原材料」且编码为纯数字，无真实物料语义",高
1525,1510,原材料,个,1,,0.0000,1,0,"占位数据：名称字面为「原材料」且编码为纯数字，无真实物料语义",高
1526,1511,原材料,个,1,,0.0000,1,0,"占位数据：名称字面为「原材料」且编码为纯数字，无真实物料语义",高
1527,1512,原材料,个,1,,0.0000,1,0,"占位数据：名称字面为「原材料」且编码为纯数字，无真实物料语义",高
1528,1513,原材料,个,1,,0.0000,1,0,"占位数据：名称字面为「原材料」且编码为纯数字，无真实物料语义",高
1529,1514,原材料,个,1,,0.0000,1,0,"占位数据：名称字面为「原材料」且编码为纯数字，无真实物料语义",高
1530,1516,原材料,个,1,,0.0000,1,0,"占位数据：名称字面为「原材料」且编码为纯数字，无真实物料语义",高
1531,1517,原材料,个,1,,0.0000,1,0,"占位数据：名称字面为「原材料」且编码为纯数字，无真实物料语义",高
1532,1518,原材料,个,1,,0.0000,1,0,"占位数据：名称字面为「原材料」且编码为纯数字，无真实物料语义",高
1533,1519,原材料,个,1,,0.0000,1,0,"占位数据：名称字面为「原材料」且编码为纯数字，无真实物料语义",高
1534,1520,原材料,个,1,,0.0000,1,0,"占位数据：名称字面为「原材料」且编码为纯数字，无真实物料语义",高
1535,1521,原材料,个,1,,0.0000,1,0,"占位数据：名称字面为「原材料」且编码为纯数字，无真实物料语义",高
1539,1525,原材料,个,1,,0.0000,1,0,"占位数据：名称字面为「原材料」且编码为纯数字，无真实物料语义",高
1541,1527,原材料,个,1,,0.0000,1,0,"占位数据：名称字面为「原材料」且编码为纯数字，无真实物料语义",高
1542,1528,原材料,个,1,,0.0000,1,0,"占位数据：名称字面为「原材料」且编码为纯数字，无真实物料语义",高
1543,1529,原材料,个,1,,0.0000,1,0,"占位数据：名称字面为「原材料」且编码为纯数字，无真实物料语义",高
1545,1531,原材料,个,1,,0.0000,1,0,"占位数据：名称字面为「原材料」且编码为纯数字，无真实物料语义",高
1552,1538,原材料,个,1,,0.0000,1,0,"占位数据：名称字面为「原材料」且编码为纯数字，无真实物料语义",高
1554,1540,原材料,个,1,,0.0000,1,0,"占位数据：名称字面为「原材料」且编码为纯数字，无真实物料语义",高
1561,1547,原材料,个,1,,0.0000,1,0,"占位数据：名称字面为「原材料」且编码为纯数字，无真实物料语义",高
1562,1548,原材料,个,1,,0.0000,1,0,"占位数据：名称字面为「原材料」且编码为纯数字，无真实物料语义",高
1563,1549,原材料,个,1,,0.0000,1,0,"占位数据：名称字面为「原材料」且编码为纯数字，无真实物料语义",高
1564,1550,原材料,个,1,,0.0000,1,0,"占位数据：名称字面为「原材料」且编码为纯数字，无真实物料语义",高
1575,1561,原材料,个,1,,0.0000,1,0,"占位数据：名称字面为「原材料」且编码为纯数字，无真实物料语义",高
1579,1565,原材料,个,1,,0.0000,1,0,"占位数据：名称字面为「原材料」且编码为纯数字，无真实物料语义",高
1581,1567,原材料,个,1,,0.0000,1,0,"占位数据：名称字面为「原材料」且编码为纯数字，无真实物料语义",高
1582,1568,原材料,个,1,,0.0000,1,0,"占位数据：名称字面为「原材料」且编码为纯数字，无真实物料语义",高
1584,1570,原材料,个,1,,0.0000,1,0,"占位数据：名称字面为「原材料」且编码为纯数字，无真实物料语义",高
1585,1571,原材料,个,1,,0.0000,1,0,"占位数据：名称字面为「原材料」且编码为纯数字，无真实物料语义",高
1589,1575,规格品,个,1,,0.0000,1,0,"未匹配卷材特征（名称「规格品」），默认收紧为不可分切",待人工确认
1592,1578,原材料,个,1,,0.0000,1,0,"占位数据：名称字面为「原材料」且编码为纯数字，无真实物料语义",高
1597,1583,原材料,个,1,,0.0000,1,0,"占位数据：名称字面为「原材料」且编码为纯数字，无真实物料语义",高
1598,1584,原材料,个,1,,0.0000,1,0,"占位数据：名称字面为「原材料」且编码为纯数字，无真实物料语义",高
1599,1585,原材料,个,1,,0.0000,1,0,"占位数据：名称字面为「原材料」且编码为纯数字，无真实物料语义",高
1603,1590,原材料,个,1,,0.0000,1,0,"占位数据：名称字面为「原材料」且编码为纯数字，无真实物料语义",高
1604,1591,原材料,个,1,,0.0000,1,0,"占位数据：名称字面为「原材料」且编码为纯数字，无真实物料语义",高
1605,1592,原材料,个,1,,0.0000,1,0,"占位数据：名称字面为「原材料」且编码为纯数字，无真实物料语义",高
1606,1593,原材料,个,1,,0.0000,1,0,"占位数据：名称字面为「原材料」且编码为纯数字，无真实物料语义",高
1610,1597,原材料,个,1,,0.0000,1,0,"占位数据：名称字面为「原材料」且编码为纯数字，无真实物料语义",高
1611,1598,原材料,个,1,,0.0000,1,0,"占位数据：名称字面为「原材料」且编码为纯数字，无真实物料语义",高
1612,1599,原材料,个,1,,0.0000,1,0,"占位数据：名称字面为「原材料」且编码为纯数字，无真实物料语义",高
1614,1601,原材料,个,1,,0.0000,1,0,"占位数据：名称字面为「原材料」且编码为纯数字，无真实物料语义",高
1615,1602,原材料,个,1,,0.0000,1,0,"占位数据：名称字面为「原材料」且编码为纯数字，无真实物料语义",高
1617,1604,原材料,个,1,,0.0000,1,0,"占位数据：名称字面为「原材料」且编码为纯数字，无真实物料语义",高
1618,1605,原材料,个,1,,0.0000,1,0,"占位数据：名称字面为「原材料」且编码为纯数字，无真实物料语义",高
1619,1606,原材料,个,1,,0.0000,1,0,"占位数据：名称字面为「原材料」且编码为纯数字，无真实物料语义",高
1621,1608,原材料,个,1,,0.0000,1,0,"占位数据：名称字面为「原材料」且编码为纯数字，无真实物料语义",高
1622,1609,原材料,个,1,,0.0000,1,0,"占位数据：名称字面为「原材料」且编码为纯数字，无真实物料语义",高
1623,1610,原材料,个,1,,0.0000,1,0,"占位数据：名称字面为「原材料」且编码为纯数字，无真实物料语义",高
1624,1611,原材料,个,1,,0.0000,1,0,"占位数据：名称字面为「原材料」且编码为纯数字，无真实物料语义",高
1625,1612,原材料,个,1,,0.0000,1,0,"占位数据：名称字面为「原材料」且编码为纯数字，无真实物料语义",高
1626,1613,原材料,个,1,,0.0000,1,0,"占位数据：名称字面为「原材料」且编码为纯数字，无真实物料语义",高
1627,1614,原材料,个,1,,0.0000,1,0,"占位数据：名称字面为「原材料」且编码为纯数字，无真实物料语义",高
1628,1615,原材料,个,1,,0.0000,1,0,"占位数据：名称字面为「原材料」且编码为纯数字，无真实物料语义",高
1629,1616,原材料,个,1,,0.0000,1,0,"占位数据：名称字面为「原材料」且编码为纯数字，无真实物料语义",高
1631,1618,原材料,个,1,,0.0000,1,0,"占位数据：名称字面为「原材料」且编码为纯数字，无真实物料语义",高
1632,1619,原材料,个,1,,0.0000,1,0,"占位数据：名称字面为「原材料」且编码为纯数字，无真实物料语义",高
1633,1620,原材料,个,1,,0.0000,1,0,"占位数据：名称字面为「原材料」且编码为纯数字，无真实物料语义",高
1634,1621,原材料,个,1,,0.0000,1,0,"占位数据：名称字面为「原材料」且编码为纯数字，无真实物料语义",高
1635,1622,原材料,个,1,,0.0000,1,0,"占位数据：名称字面为「原材料」且编码为纯数字，无真实物料语义",高
1636,1623,原材料,个,1,,0.0000,1,0,"占位数据：名称字面为「原材料」且编码为纯数字，无真实物料语义",高
1637,1624,原材料,个,1,,0.0000,1,0,"占位数据：名称字面为「原材料」且编码为纯数字，无真实物料语义",高
1640,1627,原材料,个,1,,0.0000,1,0,"占位数据：名称字面为「原材料」且编码为纯数字，无真实物料语义",高
1641,1628,原材料,个,1,,0.0000,1,0,"占位数据：名称字面为「原材料」且编码为纯数字，无真实物料语义",高
1644,1631,原材料,个,1,,0.0000,1,0,"占位数据：名称字面为「原材料」且编码为纯数字，无真实物料语义",高
1645,1632,原材料,个,1,,0.0000,1,0,"占位数据：名称字面为「原材料」且编码为纯数字，无真实物料语义",高
1646,1633,原材料,个,1,,0.0000,1,0,"占位数据：名称字面为「原材料」且编码为纯数字，无真实物料语义",高
1648,1635,原材料,个,1,,0.0000,1,0,"占位数据：名称字面为「原材料」且编码为纯数字，无真实物料语义",高
1655,1642,原材料,个,1,,0.0000,1,0,"占位数据：名称字面为「原材料」且编码为纯数字，无真实物料语义",高
1656,1643,原材料,个,1,,0.0000,1,0,"占位数据：名称字面为「原材料」且编码为纯数字，无真实物料语义",高
1658,1645,原材料,个,1,,0.0000,1,0,"占位数据：名称字面为「原材料」且编码为纯数字，无真实物料语义",高
1659,1646,原材料,个,1,,0.0000,1,0,"占位数据：名称字面为「原材料」且编码为纯数字，无真实物料语义",高
1660,1647,原材料,个,1,,0.0000,1,0,"占位数据：名称字面为「原材料」且编码为纯数字，无真实物料语义",高
1664,1651,原材料,个,1,,0.0000,1,0,"占位数据：名称字面为「原材料」且编码为纯数字，无真实物料语义",高
1665,1652,原材料,个,1,,0.0000,1,0,"占位数据：名称字面为「原材料」且编码为纯数字，无真实物料语义",高
1666,1653,原材料,个,1,,0.0000,1,0,"占位数据：名称字面为「原材料」且编码为纯数字，无真实物料语义",高
1667,1654,原材料,个,1,,0.0000,1,0,"占位数据：名称字面为「原材料」且编码为纯数字，无真实物料语义",高
1668,1655,原材料,个,1,,0.0000,1,0,"占位数据：名称字面为「原材料」且编码为纯数字，无真实物料语义",高
1669,1656,原材料,个,1,,0.0000,1,0,"占位数据：名称字面为「原材料」且编码为纯数字，无真实物料语义",高
1670,1657,原材料,个,1,,0.0000,1,0,"占位数据：名称字面为「原材料」且编码为纯数字，无真实物料语义",高
1696,1683,原材料,个,1,,0.0000,1,0,"占位数据：名称字面为「原材料」且编码为纯数字，无真实物料语义",高
1697,1684,原材料,个,1,,0.0000,1,0,"占位数据：名称字面为「原材料」且编码为纯数字，无真实物料语义",高
1698,1685,原材料,个,1,,0.0000,1,0,"占位数据：名称字面为「原材料」且编码为纯数字，无真实物料语义",高
1699,1686,原材料,个,1,,0.0000,1,0,"占位数据：名称字面为「原材料」且编码为纯数字，无真实物料语义",高
1700,1687,原材料,个,1,,0.0000,1,0,"占位数据：名称字面为「原材料」且编码为纯数字，无真实物料语义",高
1701,1688,原材料,个,1,,0.0000,1,0,"占位数据：名称字面为「原材料」且编码为纯数字，无真实物料语义",高
1703,1690,原材料,个,1,,0.0000,1,0,"占位数据：名称字面为「原材料」且编码为纯数字，无真实物料语义",高
1704,1691,原材料,个,1,,0.0000,1,0,"占位数据：名称字面为「原材料」且编码为纯数字，无真实物料语义",高
1708,1695,原材料,个,1,,0.0000,1,0,"占位数据：名称字面为「原材料」且编码为纯数字，无真实物料语义",高
1709,1696,原材料,个,1,,0.0000,1,0,"占位数据：名称字面为「原材料」且编码为纯数字，无真实物料语义",高
1710,1697,原材料,个,1,,0.0000,1,0,"占位数据：名称字面为「原材料」且编码为纯数字，无真实物料语义",高
1711,1698,原材料,个,1,,0.0000,1,0,"占位数据：名称字面为「原材料」且编码为纯数字，无真实物料语义",高
1712,1699,原材料,个,1,,0.0000,1,0,"占位数据：名称字面为「原材料」且编码为纯数字，无真实物料语义",高
1713,1700,原材料,个,1,,0.0000,1,0,"占位数据：名称字面为「原材料」且编码为纯数字，无真实物料语义",高
1714,1701,原材料,个,1,,0.0000,1,0,"占位数据：名称字面为「原材料」且编码为纯数字，无真实物料语义",高
1716,1703,原材料,个,1,,0.0000,1,0,"占位数据：名称字面为「原材料」且编码为纯数字，无真实物料语义",高
1720,1707,原材料,个,1,,0.0000,1,0,"占位数据：名称字面为「原材料」且编码为纯数字，无真实物料语义",高
1721,1708,原材料,个,1,,0.0000,1,0,"占位数据：名称字面为「原材料」且编码为纯数字，无真实物料语义",高
1724,1711,原材料,个,1,,0.0000,1,0,"占位数据：名称字面为「原材料」且编码为纯数字，无真实物料语义",高
1725,1712,原材料,个,1,,0.0000,1,0,"占位数据：名称字面为「原材料」且编码为纯数字，无真实物料语义",高
1726,1713,原材料,个,1,,0.0000,1,0,"占位数据：名称字面为「原材料」且编码为纯数字，无真实物料语义",高
1727,1714,原材料,个,1,,0.0000,1,0,"占位数据：名称字面为「原材料」且编码为纯数字，无真实物料语义",高
1728,1715,原材料,个,1,,0.0000,1,0,"占位数据：名称字面为「原材料」且编码为纯数字，无真实物料语义",高
1729,1716,原材料,个,1,,0.0000,1,0,"占位数据：名称字面为「原材料」且编码为纯数字，无真实物料语义",高
1730,1717,原材料,个,1,,0.0000,1,0,"占位数据：名称字面为「原材料」且编码为纯数字，无真实物料语义",高
1731,1718,原材料,个,1,,0.0000,1,0,"占位数据：名称字面为「原材料」且编码为纯数字，无真实物料语义",高
1732,1719,原材料,个,1,,0.0000,1,0,"占位数据：名称字面为「原材料」且编码为纯数字，无真实物料语义",高
1733,1720,原材料,个,1,,0.0000,1,0,"占位数据：名称字面为「原材料」且编码为纯数字，无真实物料语义",高
1734,1721,原材料,个,1,,0.0000,1,0,"占位数据：名称字面为「原材料」且编码为纯数字，无真实物料语义",高
1735,1722,原材料,个,1,,0.0000,1,0,"占位数据：名称字面为「原材料」且编码为纯数字，无真实物料语义",高
1736,1723,原材料,个,1,,0.0000,1,0,"占位数据：名称字面为「原材料」且编码为纯数字，无真实物料语义",高
1737,1724,原材料,个,1,,0.0000,1,0,"占位数据：名称字面为「原材料」且编码为纯数字，无真实物料语义",高
1738,1725,原材料,个,1,,0.0000,1,0,"占位数据：名称字面为「原材料」且编码为纯数字，无真实物料语义",高
1742,1729,原材料,个,1,,0.0000,1,0,"占位数据：名称字面为「原材料」且编码为纯数字，无真实物料语义",高
1743,1730,原材料,个,1,,0.0000,1,0,"占位数据：名称字面为「原材料」且编码为纯数字，无真实物料语义",高
1744,1731,原材料,个,1,,0.0000,1,0,"占位数据：名称字面为「原材料」且编码为纯数字，无真实物料语义",高
1747,1734,原材料,个,1,,0.0000,1,0,"占位数据：名称字面为「原材料」且编码为纯数字，无真实物料语义",高
1750,1737,原材料,个,1,,0.0000,1,0,"占位数据：名称字面为「原材料」且编码为纯数字，无真实物料语义",高
1751,1738,原材料,个,1,,0.0000,1,0,"占位数据：名称字面为「原材料」且编码为纯数字，无真实物料语义",高
1753,1740,原材料,个,1,,0.0000,1,0,"占位数据：名称字面为「原材料」且编码为纯数字，无真实物料语义",高
1757,1744,原材料,个,1,,0.0000,1,0,"占位数据：名称字面为「原材料」且编码为纯数字，无真实物料语义",高
1758,1745,原材料,个,1,,0.0000,1,0,"占位数据：名称字面为「原材料」且编码为纯数字，无真实物料语义",高
1759,1746,原材料,个,1,,0.0000,1,0,"占位数据：名称字面为「原材料」且编码为纯数字，无真实物料语义",高
1760,1747,原材料,个,1,,0.0000,1,0,"占位数据：名称字面为「原材料」且编码为纯数字，无真实物料语义",高
1761,1748,原材料,个,1,,0.0000,1,0,"占位数据：名称字面为「原材料」且编码为纯数字，无真实物料语义",高
1762,1749,原材料,个,1,,0.0000,1,0,"占位数据：名称字面为「原材料」且编码为纯数字，无真实物料语义",高
1763,1750,原材料,个,1,,0.0000,1,0,"占位数据：名称字面为「原材料」且编码为纯数字，无真实物料语义",高
1766,1753,原材料,个,1,,0.0000,1,0,"占位数据：名称字面为「原材料」且编码为纯数字，无真实物料语义",高
1767,1754,原材料,个,1,,0.0000,1,0,"占位数据：名称字面为「原材料」且编码为纯数字，无真实物料语义",高
1768,1755,原材料,个,1,,0.0000,1,0,"占位数据：名称字面为「原材料」且编码为纯数字，无真实物料语义",高
1769,1756,原材料,个,1,,0.0000,1,0,"占位数据：名称字面为「原材料」且编码为纯数字，无真实物料语义",高
1770,1757,原材料,个,1,,0.0000,1,0,"占位数据：名称字面为「原材料」且编码为纯数字，无真实物料语义",高
1771,1758,原材料,个,1,,0.0000,1,0,"占位数据：名称字面为「原材料」且编码为纯数字，无真实物料语义",高
1773,1760,原材料,个,1,,0.0000,1,0,"占位数据：名称字面为「原材料」且编码为纯数字，无真实物料语义",高
1783,1770,原材料,个,1,,0.0000,1,0,"占位数据：名称字面为「原材料」且编码为纯数字，无真实物料语义",高
1787,1774,原材料,个,1,,0.0000,1,0,"占位数据：名称字面为「原材料」且编码为纯数字，无真实物料语义",高
1794,1781,原材料,个,1,,0.0000,1,0,"占位数据：名称字面为「原材料」且编码为纯数字，无真实物料语义",高
1795,1782,原材料,个,1,,0.0000,1,0,"占位数据：名称字面为「原材料」且编码为纯数字，无真实物料语义",高
1796,1783,原材料,个,1,,0.0000,1,0,"占位数据：名称字面为「原材料」且编码为纯数字，无真实物料语义",高
1797,1784,原材料,个,1,,0.0000,1,0,"占位数据：名称字面为「原材料」且编码为纯数字，无真实物料语义",高
1801,1788,原材料,个,1,,0.0000,1,0,"占位数据：名称字面为「原材料」且编码为纯数字，无真实物料语义",高
1802,1789,原材料,个,1,,0.0000,1,0,"占位数据：名称字面为「原材料」且编码为纯数字，无真实物料语义",高
1803,1790,原材料,个,1,,0.0000,1,0,"占位数据：名称字面为「原材料」且编码为纯数字，无真实物料语义",高
1804,1791,原材料,个,1,,0.0000,1,0,"占位数据：名称字面为「原材料」且编码为纯数字，无真实物料语义",高
1805,1792,原材料,个,1,,0.0000,1,0,"占位数据：名称字面为「原材料」且编码为纯数字，无真实物料语义",高
1808,1795,原材料,个,1,,0.0000,1,0,"占位数据：名称字面为「原材料」且编码为纯数字，无真实物料语义",高
1809,1796,原材料,个,1,,0.0000,1,0,"占位数据：名称字面为「原材料」且编码为纯数字，无真实物料语义",高