material_code,material_name,specification,category_code,material_type,unit,brand,is_splittable,remark
0.033KB,KB薄膜0.033mm,0.033mm,C01,1,卷,,1,薄膜卷材-允许分切
3M7533,3M双面胶,,C02,1,卷,3M,1,双面胶带
UV NH黑,UV油墨黑色,,C03,1,kg,,0,油墨涂料
标准溶剂,标准溶剂,,C04,1,kg,,0,危化品-溶剂类
网版100目,丝印网版100目,,C05,1,张,,0,网版耗材
HR耐溶性碳带,耐溶剂碳带,,C06,1,卷,,0,打印耗材
纸箱1-7,纸箱规格1-7,,C07,1,个,,0,包装材料
钨钢刀片,钨钢分切刀片,,C08,1,把,,0,模切刀具
5KW UV灯管,UV固化灯管5KW,,C09,1,支,,0,设备配件
无尘服,无尘连体服,,C10,1,件,,0,劳保清洁
生产工单,印刷生产工单,,C11,1,张,,0,办公表单
SH-8015,未知物料SH-8015,,C12,1,,,0,待确认-需查BOM或供应商
