SET FOREIGN_KEY_CHECKS=0;
SET NAMES utf8mb4;

-- ============================================================
-- 财务/HR/打样/CRM补充/库存补充 模块种子数据 (Part 5)
-- 生成日期: 2025-05-12
-- 包含: 应收/应付/成本/付款/收款/凭证, 员工/考勤/薪资/培训/培训参与,
--       打样订单, 客户联系人/客户分析/跟进记录, 库位/物料标签/批次库存/
--       库存日志/库存事务/出库明细
-- 依赖基础数据: 仓库(1~20), 物料(1~30), 供应商(1~20), 客户(1~20),
--   用户(1~10), 部门(1~10), 角色(1~5)
-- 客户对照: 1=美的集团, 2=格力电器, 3=华为技术, 4=比亚迪, 5=TCL科技,
--   6=中兴通讯, 7=广汽集团, 8=海信集团, 9=小米科技, 10=OPPO,
--   11=长虹集团, 12=创维集团, 13=联想集团, 14=海尔集团, 15=方太集团,
--   16=志高集团, 17=奥克斯, 18=康佳集团, 19=熊猫电子, 20=苏泊尔
-- 供应商对照: 1=东莞鑫达薄膜材料, 2=佛山顺达PVC材料, 3=深圳精诚油墨化工,
--   4=广州永盛化工, 5=东莞宏达丝网材料, 6=上海紫江特种油墨,
--   7=苏州雅特不干胶材料, 8=深圳金太阳保护膜, 9=中山华美包装材料,
--   10=广州天力胶粘制品, 11=佛山南海永利薄膜, 12=东莞大朗化工,
--   13=深圳光明油墨科技, 14=惠州大亚湾材料, 15=珠海格力新材料,
--   16=江门新会化工, 17=东莞长安丝印器材, 18=佛山三水包装材料,
--   19=深圳宝安标签材料, 20=广州黄埔化工
-- 部门对照: 1=管理部, 2=业务部, 3=工程技术部, 4=生产部, 5=模切车间,
--   6=商标车间, 7=仓库管理部, 8=采购部, 9=品质部, 10=财务行政部
-- 角色对照: 1=超级管理员, 2=生产主管, 3=仓库管理员, 4=采购员, 5=品质检验员
-- 业务链路:
--   销售→应收→收款凭证
--   采购→应付→付款凭证
--   工单→成本记录
--   员工→考勤→薪资→培训
-- ============================================================


-- ============================================================
-- 一、财务管理模块 (FINANCE)
-- ============================================================

-- -----------------------------------------------------------
-- 1. 应收账款 (fin_receivable) - 20条
-- 业务链路: 销售订单→应收账款→收款记录
-- source_type: 1=销售订单
-- status: 1=未收款, 2=部分收款, 3=已收款
-- -----------------------------------------------------------
INSERT IGNORE INTO fin_receivable (receivable_no, source_type, source_no, customer_id, amount, received_amount, balance, due_date, status, remark, deleted) VALUES
('AR-20250401-001', 1, 'SO-20250401-001', 1, 96163.0000, 96163.0000, 0.0000, '2025-05-01', 3, '美的集团空调面板标签订单-已全额收款', 0),
('AR-20250402-002', 1, 'SO-20250402-002', 2, 145205.0000, 145205.0000, 0.0000, '2025-05-17', 3, '格力电器标签及包装膜订单-已全额收款', 0),
('AR-20250403-003', 1, 'SO-20250403-003', 3, 230520.0000, 150000.0000, 80520.0000, '2025-06-02', 2, '华为技术手机标签订单-部分收款', 0),
('AR-20250405-004', 1, 'SO-20250405-004', 4, 172890.0000, 172890.0000, 0.0000, '2025-05-05', 3, '比亚迪汽车内饰标签订单-已全额收款', 0),
('AR-20250407-005', 1, 'SO-20250407-005', 5, 72885.0000, 40000.0000, 32885.0000, '2025-05-07', 2, 'TCL家电面板标签订单-部分收款', 0),
('AR-20250408-006', 1, 'SO-20250408-006', 6, 110175.0000, 0.0000, 110175.0000, '2025-05-23', 1, '中兴通讯电子标签订单-未收款', 0),
('AR-20250410-007', 1, 'SO-20250410-007', 7, 109158.0000, 109158.0000, 0.0000, '2025-05-10', 3, '广汽集团汽车内饰标签订单-已全额收款', 0),
('AR-20250411-008', 1, 'SO-20250411-008', 8, 170347.5000, 85000.0000, 85347.5000, '2025-05-26', 2, '海信集团空调面板标签订单-部分收款', 0),
('AR-20250414-009', 1, 'SO-20250414-009', 9, 177297.0000, 0.0000, 177297.0000, '2025-06-13', 1, '小米科技手机标签订单-未收款', 0),
('AR-20250415-010', 1, 'SO-20250415-010', 10, 177410.0000, 177410.0000, 0.0000, '2025-05-15', 3, 'OPPO手机标签订单-已全额收款', 0),
('AR-20250417-011', 1, 'SO-20250417-011', 11, 54409.5000, 0.0000, 54409.5000, '2025-05-17', 1, '长虹家电面板标签订单-未收款', 0),
('AR-20250418-012', 1, 'SO-20250418-012', 12, 71190.0000, 35000.0000, 36190.0000, '2025-06-02', 2, '创维电子标签订单-部分收款', 0),
('AR-20250421-013', 1, 'SO-20250421-013', 13, 94083.8000, 0.0000, 94083.8000, '2025-05-21', 1, '联想洗衣机标签订单-未收款', 0),
('AR-20250422-014', 1, 'SO-20250422-014', 14, 87292.5000, 87292.5000, 0.0000, '2025-05-22', 3, '海尔空调标签订单-已全额收款', 0),
('AR-20250424-015', 1, 'SO-20250424-015', 15, 67800.0000, 30000.0000, 37800.0000, '2025-06-08', 2, '方太汽车标签订单-部分收款', 0),
('AR-20250425-016', 1, 'SO-20250425-016', 16, 80795.0000, 0.0000, 80795.0000, '2025-05-25', 1, '志高包装膜订单-未收款', 0),
('AR-20250428-017', 1, 'SO-20250428-017', 17, 74286.2000, 0.0000, 74286.2000, '2025-05-28', 1, '奥克斯洗衣机标签订单-未收款', 0),
('AR-20250502-018', 1, 'SO-20250502-018', 18, 63619.0000, 0.0000, 63619.0000, '2025-06-16', 1, '康佳电子标签订单-未收款', 0),
('AR-20250505-019', 1, 'SO-20250505-019', 19, 93225.0000, 0.0000, 93225.0000, '2025-06-04', 1, '熊猫汽车标签订单-未收款', 0),
('AR-20250508-020', 1, 'SO-20250508-020', 20, 81145.3000, 0.0000, 81145.3000, '2025-06-07', 1, '苏泊尔手机标签订单-未收款', 0);


-- -----------------------------------------------------------
-- 2. 应付账款 (fin_payable) - 20条
-- 业务链路: 采购订单→应付账款→付款记录
-- source_type: 1=采购订单
-- status: 1=未付款, 2=部分付款, 3=已付款
-- -----------------------------------------------------------
INSERT IGNORE INTO fin_payable (payable_no, source_type, source_no, supplier_id, amount, paid_amount, balance, due_date, status, remark, deleted) VALUES
('AP-20250401-001', 1, 'PO-20250328-001', 1, 25000.0000, 25000.0000, 0.0000, '2025-04-28', 3, '东莞鑫达PET透明膜采购-已付款', 0),
('AP-20250403-002', 1, 'PO-20250330-002', 1, 18000.0000, 18000.0000, 0.0000, '2025-04-30', 3, '东莞鑫达PET白膜采购-已付款', 0),
('AP-20250405-003', 1, 'PO-20250401-003', 2, 15600.0000, 15600.0000, 0.0000, '2025-05-01', 3, '佛山顺达PVC透明膜采购-已付款', 0),
('AP-20250407-004', 1, 'PO-20250403-004', 2, 22000.0000, 10000.0000, 12000.0000, '2025-05-03', 2, '佛山顺达PVC白膜采购-部分付款', 0),
('AP-20250409-005', 1, 'PO-20250405-005', 3, 16800.0000, 16800.0000, 0.0000, '2025-05-05', 3, '深圳精诚UV油墨-黑色采购-已付款', 0),
('AP-20250411-006', 1, 'PO-20250407-006', 6, 13500.0000, 0.0000, 13500.0000, '2025-05-07', 1, '上海紫江UV油墨-白色采购-未付款', 0),
('AP-20250413-007', 1, 'PO-20250409-007', 3, 9600.0000, 9600.0000, 0.0000, '2025-05-09', 3, '深圳精诚溶剂型油墨采购-已付款', 0),
('AP-20250415-008', 1, 'PO-20250411-008', 4, 9000.0000, 5000.0000, 4000.0000, '2025-05-11', 2, '广州永盛稀释剂采购-部分付款', 0),
('AP-20250417-009', 1, 'PO-20250413-009', 5, 6800.0000, 6800.0000, 0.0000, '2025-05-13', 3, '东莞宏达丝印网版采购-已付款', 0),
('AP-20250419-010', 1, 'PO-20250415-010', 5, 5200.0000, 0.0000, 5200.0000, '2025-05-15', 1, '东莞宏达模切刀模采购-未付款', 0),
('AP-20250420-011', 1, 'PO-20250416-011', 6, 28000.0000, 15000.0000, 13000.0000, '2025-05-16', 2, '上海紫江导电银浆采购-部分付款', 0),
('AP-20250422-012', 1, 'PO-20250418-012', 8, 12000.0000, 12000.0000, 0.0000, '2025-05-18', 3, '深圳金太阳BOPP透明膜采购-已付款', 0),
('AP-20250501-013', 1, 'PO-20250428-013', 1, 30000.0000, 0.0000, 30000.0000, '2025-05-28', 1, '东莞鑫达PET透明膜第二批-未付款', 0),
('AP-20250503-014', 1, 'PO-20250430-014', 2, 20000.0000, 0.0000, 20000.0000, '2025-05-30', 1, '佛山顺达PVC白膜第二批-未付款', 0),
('AP-20250505-015', 1, 'PO-20250502-015', 3, 14400.0000, 0.0000, 14400.0000, '2025-06-02', 1, '深圳精诚UV油墨第二批-未付款', 0),
('AP-20250424-016', 1, 'PO-20250420-016', 7, 8400.0000, 8400.0000, 0.0000, '2025-05-20', 3, '苏州雅特不干胶铜版纸采购-已付款', 0),
('AP-20250426-017', 1, 'PO-20250422-017', 9, 11500.0000, 6000.0000, 5500.0000, '2025-05-22', 2, '中山华美包装膜采购-部分付款', 0),
('AP-20250428-018', 1, 'PO-20250424-018', 10, 9800.0000, 0.0000, 9800.0000, '2025-05-24', 1, '广州天力胶粘制品采购-未付款', 0),
('AP-20250506-019', 1, 'PO-20250504-019', 11, 16500.0000, 0.0000, 16500.0000, '2025-06-04', 1, '佛山南海永利薄膜采购-未付款', 0),
('AP-20250508-020', 1, 'PO-20250506-020', 12, 7200.0000, 0.0000, 7200.0000, '2025-06-06', 1, '东莞大朗化工采购-未付款', 0);


-- -----------------------------------------------------------
-- 3. 成本记录 (fin_cost_record) - 20条
-- 业务链路: 工单→成本记录
-- cost_type: material=材料成本, labor=人工成本, overhead=制造费用
-- source_type: work_order=生产工单, purchase=采购
-- -----------------------------------------------------------
INSERT IGNORE INTO fin_cost_record (cost_no, cost_type, source_type, source_no, source_id, department, amount, cost_date, description, status, remark, create_by, deleted) VALUES
('CR-20250402-001', 'material', 'work_order', 'WO-20250401-001', 1, '模切车间', 15200.0000, '2025-04-02', '美的空调面板标签-材料成本-PET膜+油墨', 1, '含PET膜1200元+UV油墨800元+辅料200元', 2, 0),
('CR-20250403-002', 'labor', 'work_order', 'WO-20250401-001', 1, '模切车间', 4500.0000, '2025-04-03', '美的空调面板标签-人工成本-模切工序', 1, '3人×8小时×187.5元/人天', 2, 0),
('CR-20250404-003', 'overhead', 'work_order', 'WO-20250401-001', 1, '模切车间', 2300.0000, '2025-04-04', '美的空调面板标签-制造费用-设备折旧+电费', 1, '设备折旧1500元+电费800元', 2, 0),
('CR-20250405-004', 'material', 'work_order', 'WO-20250402-002', 2, '商标车间', 28500.0000, '2025-04-05', '格力电器标签-材料成本-PVC膜+油墨+银浆', 1, '含PVC膜3500元+UV油墨2000元+银浆8000元', 2, 0),
('CR-20250406-005', 'labor', 'work_order', 'WO-20250402-002', 2, '商标车间', 6800.0000, '2025-04-06', '格力电器标签-人工成本-丝印+模切工序', 1, '4人×8小时×212.5元/人天', 2, 0),
('CR-20250408-006', 'material', 'work_order', 'WO-20250403-003', 3, '模切车间', 42000.0000, '2025-04-08', '华为手机标签-材料成本-PET膜+导电银浆', 1, '含PET膜5000元+导电银浆18000元+油墨3000元', 3, 0),
('CR-20250409-007', 'labor', 'work_order', 'WO-20250403-003', 3, '模切车间', 9200.0000, '2025-04-09', '华为手机标签-人工成本-精密模切工序', 1, '5人×8小时×230元/人天', 3, 0),
('CR-20250410-008', 'overhead', 'work_order', 'WO-20250403-003', 3, '模切车间', 5600.0000, '2025-04-10', '华为手机标签-制造费用-精密设备折旧+无尘车间', 1, '设备折旧3500元+无尘车间2100元', 3, 0),
('CR-20250412-009', 'material', 'work_order', 'WO-20250405-004', 4, '商标车间', 31000.0000, '2025-04-12', '比亚迪汽车内饰标签-材料成本', 1, '含PVC膜4000元+溶剂油墨2500元+保护膜2000元', 3, 0),
('CR-20250413-010', 'labor', 'work_order', 'WO-20250405-004', 4, '商标车间', 7500.0000, '2025-04-13', '比亚迪汽车内饰标签-人工成本', 1, '4人×8小时×234元/人天', 3, 0),
('CR-20250415-011', 'material', 'work_order', 'WO-20250407-005', 5, '模切车间', 12800.0000, '2025-04-15', 'TCL家电面板标签-材料成本', 1, '含PET膜1800元+UV油墨1200元+BOPP膜1500元', 4, 0),
('CR-20250416-012', 'labor', 'work_order', 'WO-20250407-005', 5, '模切车间', 3800.0000, '2025-04-16', 'TCL家电面板标签-人工成本', 1, '2人×8小时×237.5元/人天', 4, 0),
('CR-20250418-013', 'material', 'work_order', 'WO-20250408-006', 6, '商标车间', 19500.0000, '2025-04-18', '中兴通讯电子标签-材料成本', 1, '含导电银浆6000元+PET膜2500元+UV油墨1800元', 4, 0),
('CR-20250420-014', 'overhead', 'work_order', 'WO-20250410-007', 7, '商标车间', 4100.0000, '2025-04-20', '广汽汽车内饰标签-制造费用', 1, '设备折旧2800元+电费1300元', 2, 0),
('CR-20250422-015', 'material', 'work_order', 'WO-20250411-008', 8, '商标车间', 35000.0000, '2025-04-22', '海信空调面板标签-材料成本', 1, '含PVC膜5000元+UV油墨3000元+热收缩膜4500元', 3, 0),
('CR-20250424-016', 'labor', 'work_order', 'WO-20250414-009', 9, '模切车间', 8600.0000, '2025-04-24', '小米手机标签-人工成本', 1, '5人×8小时×215元/人天', 4, 0),
('CR-20250426-017', 'material', 'work_order', 'WO-20250415-010', 10, '商标车间', 33000.0000, '2025-04-26', 'OPPO手机标签-材料成本', 1, '含PET膜4500元+导电银浆10000元+油墨3500元', 3, 0),
('CR-20250428-018', 'overhead', 'work_order', 'WO-20250417-011', 11, '模切车间', 3200.0000, '2025-04-28', '长虹家电面板标签-制造费用', 1, '设备折旧2000元+电费1200元', 2, 0),
('CR-20250501-019', 'material', 'purchase', 'PO-20250428-013', 13, '仓库管理部', 30000.0000, '2025-05-01', 'PET透明膜第二批采购-材料成本', 1, '1200kg×25元/kg', 4, 0),
('CR-20250503-020', 'material', 'purchase', 'PO-20250430-014', 14, '仓库管理部', 20000.0000, '2025-05-03', 'PVC白膜第二批采购-材料成本', 1, '700kg×28.57元/kg', 4, 0);


-- -----------------------------------------------------------
-- 4. 付款记录 (fin_payment_record) - 20条
-- 业务链路: 应付账款→付款记录
-- payment_method: bank_transfer=银行转账, check=支票, cash=现金
-- -----------------------------------------------------------
INSERT IGNORE INTO fin_payment_record (payment_no, payable_id, supplier_id, amount, payment_method, payment_date, remark, deleted) VALUES
('PR-20250428-001', 1, 1, 25000.0000, 'bank_transfer', '2025-04-28', '东莞鑫达PET透明膜采购-全额付款-工商银行转账', 0),
('PR-20250430-002', 2, 1, 18000.0000, 'bank_transfer', '2025-04-30', '东莞鑫达PET白膜采购-全额付款-工商银行转账', 0),
('PR-20250501-003', 3, 2, 15600.0000, 'bank_transfer', '2025-05-01', '佛山顺达PVC透明膜采购-全额付款-建设银行转账', 0),
('PR-20250503-004', 4, 2, 10000.0000, 'bank_transfer', '2025-05-03', '佛山顺达PVC白膜采购-部分付款-建设银行转账', 0),
('PR-20250505-005', 5, 3, 16800.0000, 'bank_transfer', '2025-05-05', '深圳精诚UV油墨采购-全额付款-招商银行转账', 0),
('PR-20250509-006', 7, 3, 9600.0000, 'check', '2025-05-09', '深圳精诚溶剂型油墨采购-全额付款-支票支付', 0),
('PR-20250511-007', 8, 4, 5000.0000, 'bank_transfer', '2025-05-11', '广州永盛稀释剂采购-部分付款-农业银行转账', 0),
('PR-20250513-008', 9, 5, 6800.0000, 'bank_transfer', '2025-05-13', '东莞宏达丝印网版采购-全额付款-工商银行转账', 0),
('PR-20250516-009', 11, 6, 15000.0000, 'bank_transfer', '2025-05-16', '上海紫江导电银浆采购-部分付款-中国银行转账', 0),
('PR-20250518-010', 12, 8, 12000.0000, 'bank_transfer', '2025-05-18', '深圳金太阳BOPP透明膜采购-全额付款-建设银行转账', 0),
('PR-20250520-011', 16, 7, 8400.0000, 'bank_transfer', '2025-05-20', '苏州雅特不干胶铜版纸采购-全额付款-招商银行转账', 0),
('PR-20250522-012', 17, 9, 6000.0000, 'check', '2025-05-22', '中山华美包装膜采购-部分付款-支票支付', 0),
('PR-20250425-013', 1, 1, 5000.0000, 'cash', '2025-04-25', '东莞鑫达PET透明膜采购-预付款-现金支付', 0),
('PR-20250427-014', 3, 2, 8000.0000, 'bank_transfer', '2025-04-27', '佛山顺达PVC透明膜采购-预付款-建设银行转账', 0),
('PR-20250502-015', 5, 3, 8000.0000, 'bank_transfer', '2025-05-02', '深圳精诚UV油墨采购-预付款-招商银行转账', 0),
('PR-20250504-016', 9, 5, 3000.0000, 'cash', '2025-05-04', '东莞宏达丝印网版采购-预付款-现金支付', 0),
('PR-20250506-017', 11, 6, 10000.0000, 'bank_transfer', '2025-05-06', '上海紫江导电银浆采购-预付款-中国银行转账', 0),
('PR-20250508-018', 12, 8, 6000.0000, 'bank_transfer', '2025-05-08', '深圳金太阳BOPP透明膜采购-预付款-建设银行转账', 0),
('PR-20250510-019', 16, 7, 4000.0000, 'check', '2025-05-10', '苏州雅特不干胶铜版纸采购-预付款-支票支付', 0),
('PR-20250512-020', 17, 9, 3000.0000, 'bank_transfer', '2025-05-12', '中山华美包装膜采购-预付款-工商银行转账', 0);


-- -----------------------------------------------------------
-- 5. 收款记录 (fin_receipt_record) - 20条
-- 业务链路: 应收账款→收款记录
-- payment_method: bank_transfer=银行转账, check=支票, cash=现金, e_payment=电子支付
-- -----------------------------------------------------------
INSERT IGNORE INTO fin_receipt_record (receipt_no, receivable_id, customer_id, amount, payment_method, receipt_date, remark, deleted) VALUES
('RR-20250501-001', 1, 1, 96163.0000, 'bank_transfer', '2025-05-01', '美的集团空调面板标签订单-全额收款-工商银行', 0),
('RR-20250517-002', 2, 2, 145205.0000, 'bank_transfer', '2025-05-17', '格力电器标签订单-全额收款-建设银行', 0),
('RR-20250420-003', 3, 3, 80000.0000, 'bank_transfer', '2025-04-20', '华为技术手机标签订单-第一笔收款-招商银行', 0),
('RR-20250505-004', 3, 3, 70000.0000, 'bank_transfer', '2025-05-05', '华为技术手机标签订单-第二笔收款-招商银行', 0),
('RR-20250505-005', 4, 4, 172890.0000, 'bank_transfer', '2025-05-05', '比亚迪汽车内饰标签订单-全额收款-中国银行', 0),
('RR-20250415-006', 5, 5, 20000.0000, 'e_payment', '2025-04-15', 'TCL家电面板标签订单-预收款-电子支付', 0),
('RR-20250507-007', 5, 5, 20000.0000, 'bank_transfer', '2025-05-07', 'TCL家电面板标签订单-第二笔收款-建设银行', 0),
('RR-20250510-008', 7, 7, 109158.0000, 'bank_transfer', '2025-05-10', '广汽集团汽车内饰标签订单-全额收款-工商银行', 0),
('RR-20250425-009', 8, 8, 45000.0000, 'bank_transfer', '2025-04-25', '海信集团空调面板标签订单-第一笔收款-农业银行', 0),
('RR-20250510-010', 8, 8, 40000.0000, 'check', '2025-05-10', '海信集团空调面板标签订单-第二笔收款-支票', 0),
('RR-20250515-011', 10, 10, 177410.0000, 'bank_transfer', '2025-05-15', 'OPPO手机标签订单-全额收款-招商银行', 0),
('RR-20250428-012', 12, 12, 35000.0000, 'bank_transfer', '2025-04-28', '创维电子标签订单-部分收款-建设银行', 0),
('RR-20250522-013', 14, 14, 87292.5000, 'bank_transfer', '2025-05-22', '海尔空调标签订单-全额收款-工商银行', 0),
('RR-20250501-014', 15, 15, 30000.0000, 'e_payment', '2025-05-01', '方太汽车标签订单-部分收款-电子支付', 0),
('RR-20250410-015', 1, 1, 30000.0000, 'bank_transfer', '2025-04-10', '美的集团空调面板标签订单-预收款-工商银行', 0),
('RR-20250412-016', 2, 2, 50000.0000, 'bank_transfer', '2025-04-12', '格力电器标签订单-预收款-建设银行', 0),
('RR-20250408-017', 4, 4, 80000.0000, 'bank_transfer', '2025-04-08', '比亚迪汽车内饰标签订单-预收款-中国银行', 0),
('RR-20250418-018', 7, 7, 50000.0000, 'e_payment', '2025-04-18', '广汽集团汽车内饰标签订单-预收款-电子支付', 0),
('RR-20250420-019', 10, 10, 80000.0000, 'bank_transfer', '2025-04-20', 'OPPO手机标签订单-预收款-招商银行', 0),
('RR-20250520-020', 14, 14, 40000.0000, 'bank_transfer', '2025-05-20', '海尔空调标签订单-预收款-工商银行', 0);


-- -----------------------------------------------------------
-- 6. 凭证 (fin_voucher) - 20条
-- 业务链路: 业务单据→会计凭证
-- source_type: sale=销售, purchase=采购, payment=付款, receipt=收款, cost=成本
-- -----------------------------------------------------------
INSERT IGNORE INTO fin_voucher (voucher_no, voucher_date, source_type, source_id, source_no, debit_account, credit_account, amount, cost_price, quantity, batch_no, material_id, material_name, warehouse_id, create_time) VALUES
('VN-20250501-001', '2025-05-01', 'sale', 1, 'SO-20250401-001', '应收账款', '主营业务收入', 96163.00, 0.8500, 50000.000, 'BH20250401001', 22, '空调面板标签', 1, '2025-05-01 10:00:00'),
('VN-20250501-002', '2025-05-01', 'receipt', 1, 'RR-20250501-001', '银行存款', '应收账款', 96163.00, 0.0000, 0.000, NULL, NULL, NULL, NULL, '2025-05-01 14:00:00'),
('VN-20250502-003', '2025-05-02', 'sale', 2, 'SO-20250402-002', '应收账款', '主营业务收入', 145205.00, 0.8000, 80000.000, 'BH20250405001', 22, '空调面板标签', 2, '2025-05-02 09:30:00'),
('VN-20250503-004', '2025-05-03', 'purchase', 1, 'PO-20250328-001', '原材料', '应付账款', 25000.00, 25.0000, 1000.000, 'BH20250401001', 1, 'PET透明膜0.1mm', 1, '2025-05-03 10:00:00'),
('VN-20250503-005', '2025-05-03', 'payment', 1, 'PR-20250428-001', '应付账款', '银行存款', 25000.00, 0.0000, 0.000, NULL, NULL, NULL, NULL, '2025-05-03 11:00:00'),
('VN-20250504-006', '2025-05-04', 'purchase', 3, 'PO-20250401-003', '原材料', '应付账款', 15600.00, 26.0000, 600.000, 'BH20250405001', 3, 'PVC透明膜0.15mm', 2, '2025-05-04 09:00:00'),
('VN-20250505-007', '2025-05-05', 'cost', 1, 'CR-20250402-001', '生产成本', '原材料', 15200.00, 0.3040, 50000.000, 'BH20250401001', 22, '空调面板标签', 1, '2025-05-05 10:30:00'),
('VN-20250506-008', '2025-05-06', 'cost', 2, 'CR-20250403-002', '生产成本', '应付职工薪酬', 4500.00, 0.0000, 0.000, NULL, NULL, NULL, NULL, '2025-05-06 09:00:00'),
('VN-20250507-009', '2025-05-07', 'sale', 4, 'SO-20250405-004', '应收账款', '主营业务收入', 172890.00, 1.2000, 60000.000, 'BH20250407001', 25, '汽车内饰标签', 2, '2025-05-07 10:00:00'),
('VN-20250508-010', '2025-05-08', 'purchase', 5, 'PO-20250405-005', '原材料', '应付账款', 16800.00, 140.0000, 120.000, 'BH20250409001', 8, 'UV油墨-黑色', 9, '2025-05-08 09:30:00'),
('VN-20250509-011', '2025-05-09', 'payment', 5, 'PR-20250505-005', '应付账款', '银行存款', 16800.00, 0.0000, 0.000, NULL, NULL, NULL, NULL, '2025-05-09 11:00:00'),
('VN-20250510-012', '2025-05-10', 'cost', 4, 'CR-20250405-004', '生产成本', '原材料', 28500.00, 0.3563, 80000.000, 'BH20250407001', 22, '空调面板标签', 2, '2025-05-10 10:00:00'),
('VN-20250511-013', '2025-05-11', 'sale', 7, 'SO-20250410-007', '应收账款', '主营业务收入', 109158.00, 1.2000, 45000.000, 'BH20250413001', 25, '汽车内饰标签', 3, '2025-05-11 09:00:00'),
('VN-20250512-014', '2025-05-12', 'receipt', 8, 'RR-20250510-008', '银行存款', '应收账款', 109158.00, 0.0000, 0.000, NULL, NULL, NULL, NULL, '2025-05-12 14:00:00'),
('VN-20250505-015', '2025-05-05', 'sale', 5, 'SO-20250407-005', '应收账款', '主营业务收入', 72885.00, 0.8500, 40000.000, 'BH20250415001', 22, '空调面板标签', 1, '2025-05-05 10:30:00'),
('VN-20250506-016', '2025-05-06', 'purchase', 6, 'PO-20250407-006', '原材料', '应付账款', 13500.00, 135.0000, 100.000, 'BH20250411001', 9, 'UV油墨-白色', 9, '2025-05-06 09:00:00'),
('VN-20250507-017', '2025-05-07', 'cost', 6, 'CR-20250408-006', '生产成本', '原材料', 42000.00, 0.4200, 100000.000, 'BH20250501001', 24, '手机后盖标签', 1, '2025-05-07 10:00:00'),
('VN-20250508-018', '2025-05-08', 'sale', 8, 'SO-20250411-008', '应收账款', '主营业务收入', 170347.50, 0.8500, 55000.000, 'BH20250417001', 22, '空调面板标签', 2, '2025-05-08 09:30:00'),
('VN-20250509-019', '2025-05-09', 'purchase', 9, 'PO-20250413-009', '原材料', '应付账款', 6800.00, 453.3300, 15.000, 'BH20250417001', 14, '丝印网版-300目', 7, '2025-05-09 10:00:00'),
('VN-20250510-020', '2025-05-10', 'payment', 9, 'PR-20250513-008', '应付账款', '银行存款', 6800.00, 0.0000, 0.000, NULL, NULL, NULL, NULL, '2025-05-10 11:00:00');


-- ============================================================
-- 二、人力资源管理模块 (HR)
-- ============================================================

-- -----------------------------------------------------------
-- 7. 员工信息 (sys_employee) - 20条
-- status: 1=在职, 2=试用期, 3=离职
-- gender: 1=男, 2=女
-- -----------------------------------------------------------
INSERT IGNORE INTO sys_employee (employee_no, name, gender, id_card, phone, email, dept_id, dept_name, role_id, role_name, position, entry_date, status, address, emergency_contact, emergency_phone, education, remark, photo, age, section, birth_date, native_place, home_address, current_address, birth_month, id_card_expiry, id_card_issue_date, id_card_expiry_date) VALUES
('EMP-001', '陈志强', 1, '440602198503156718', '13800138001', 'chenzhiqiang@dcprint.com', 1, '管理部', 1, '超级管理员', '总经理', '2018-03-01', 1, '广东省佛山市顺德区大良街道', '陈志明', '13900139001', '本科', '公司创始人', '/uploads/emp/emp001.jpg', 40, '管理', '1985-03-15', '广东佛山', '广东省佛山市顺德区大良街道德和中路1号', '广东省佛山市顺德区大良街道德和中路1号', '03', '长期', '2018-01-15', '2038-01-15'),
('EMP-002', '李伟明', 1, '440602199007221034', '13800138002', 'liweiming@dcprint.com', 2, '业务部', 2, '生产主管', '业务经理', '2019-06-15', 1, '广东省佛山市禅城区祖庙街道', '李伟华', '13900139002', '本科', '负责美的/格力客户', '/uploads/emp/emp002.jpg', 35, '业务', '1990-07-22', '广东广州', '广东省广州市天河区体育西路50号', '广东省佛山市禅城区祖庙街道建新路10号', '07', '长期', '2019-05-20', '2039-05-20'),
('EMP-003', '王建国', 1, '440602198808115213', '13800138003', 'wangjianguo@dcprint.com', 3, '工程技术部', 2, '生产主管', '技术主管', '2019-09-01', 1, '广东省佛山市南海区桂城街道', '王建民', '13900139003', '硕士', '丝印工艺专家', '/uploads/emp/emp003.jpg', 37, '工程', '1988-08-11', '湖南长沙', '湖南省长沙市岳麓区麓山南路1号', '广东省佛山市南海区桂城街道灯湖东路5号', '08', '长期', '2019-08-10', '2039-08-10'),
('EMP-004', '张丽华', 2, '440602199205188026', '13800138004', 'zhanglihua@dcprint.com', 4, '生产部', 2, '生产主管', '生产主管', '2020-01-10', 1, '广东省佛山市顺德区容桂街道', '张丽芳', '13900139004', '本科', '负责模切车间生产调度', '/uploads/emp/emp004.jpg', 33, '生产', '1992-05-18', '广东佛山', '广东省佛山市顺德区容桂街道文海路20号', '广东省佛山市顺德区容桂街道文海路20号', '05', '长期', '2020-01-05', '2040-01-05'),
('EMP-005', '刘志远', 1, '440602199311093315', '13800138005', 'liuzhiyuan@dcprint.com', 5, '模切车间', 2, '生产主管', '模切组长', '2020-03-15', 1, '广东省佛山市顺德区北滘街道', '刘志刚', '13900139005', '大专', '模切设备操作专家', '/uploads/emp/emp005.jpg', 32, '模切', '1993-11-09', '广东深圳', '广东省深圳市南山区科技园路8号', '广东省佛山市顺德区北滘镇工业大道15号', '11', '长期', '2020-03-10', '2040-03-10'),
('EMP-006', '陈美玲', 2, '440602199506247028', '13800138006', 'chenmeiling@dcprint.com', 6, '商标车间', 2, '生产主管', '商标组长', '2020-06-01', 1, '广东省佛山市禅城区石湾街道', '陈美云', '13900139006', '大专', '丝印工艺熟练工', '/uploads/emp/emp006.jpg', 30, '商标', '1995-06-24', '广东东莞', '广东省东莞市南城区鸿福路100号', '广东省佛山市禅城区石湾街道江湾三路8号', '06', '长期', '2020-05-25', '2040-05-25'),
('EMP-007', '赵大伟', 1, '440602199108056313', '13800138007', 'zhaodawei@dcprint.com', 7, '仓库管理部', 3, '仓库管理员', '仓库主管', '2020-09-01', 1, '广东省佛山市顺德区乐从街道', '赵大明', '13900139007', '大专', '仓库管理经验8年', '/uploads/emp/emp007.jpg', 34, '仓库', '1991-08-05', '广东佛山', '广东省佛山市顺德区乐从镇家具大道50号', '广东省佛山市顺德区乐从镇家具大道50号', '08', '长期', '2020-08-25', '2040-08-25'),
('EMP-008', '周小芳', 2, '440602199403129624', '13800138008', 'zhouxiaofang@dcprint.com', 8, '采购部', 4, '采购员', '采购专员', '2021-01-15', 1, '广东省佛山市南海区里水镇', '周小红', '13900139008', '本科', '负责原材料采购', '/uploads/emp/emp008.jpg', 31, '采购', '1994-03-12', '江西南昌', '江西省南昌市东湖区八一大道200号', '广东省佛山市南海区里水镇和顺大道30号', '03', '长期', '2021-01-10', '2041-01-10'),
('EMP-009', '孙浩然', 1, '440602199709184517', '13800138009', 'sunhaoran@dcprint.com', 9, '品质部', 5, '品质检验员', '品质工程师', '2021-04-01', 1, '广东省佛山市禅城区南庄镇', '孙浩天', '13900139009', '本科', '品质管理专业', '/uploads/emp/emp009.jpg', 28, '品质', '1997-09-18', '广东惠州', '广东省惠州市惠城区麦地路60号', '广东省佛山市禅城区南庄镇紫洞大道18号', '09', '长期', '2021-03-25', '2041-03-25'),
('EMP-010', '林雅琴', 2, '440602199812256829', '13800138010', 'linyaqin@dcprint.com', 10, '财务行政部', 2, '生产主管', '财务主管', '2021-07-01', 1, '广东省佛山市顺德区龙江镇', '林雅芳', '13900139010', '本科', '注册会计师', '/uploads/emp/emp010.jpg', 27, '财务', '1998-12-25', '福建厦门', '福建省厦门市思明区厦禾路100号', '广东省佛山市顺德区龙江镇文华路25号', '12', '长期', '2021-06-25', '2041-06-25'),
('EMP-011', '黄志豪', 1, '440602199604077413', '13800138011', 'huangzhihao@dcprint.com', 5, '模切车间', 2, '生产主管', '模切操作员', '2022-02-15', 1, '广东省佛山市顺德区陈村镇', '黄志伟', '13900139011', '高中', '模切机操作3年经验', '/uploads/emp/emp011.jpg', 29, '模切', '1996-04-07', '广东佛山', '广东省佛山市顺德区陈村镇白陈路12号', '广东省佛山市顺德区陈村镇白陈路12号', '04', '长期', '2022-02-10', '2042-02-10'),
('EMP-012', '吴秀英', 2, '440602199908153026', '13800138012', 'wuxiuying@dcprint.com', 6, '商标车间', 2, '生产主管', '丝印操作员', '2022-05-01', 1, '广东省佛山市禅城区张槎街道', '吴秀兰', '13900139012', '高中', '丝印操作2年经验', '/uploads/emp/emp012.jpg', 26, '商标', '1999-08-15', '广东肇庆', '广东省肇庆市端州区建设二路30号', '广东省佛山市禅城区张槎街道华富北路8号', '08', '长期', '2022-04-25', '2042-04-25'),
('EMP-013', '郑伟杰', 1, '440602199202288317', '13800138013', 'zhengweijie@dcprint.com', 2, '业务部', 2, '生产主管', '业务员', '2022-08-01', 1, '广东省佛山市南海区九江镇', '郑伟强', '13900139013', '本科', '负责华为/比亚迪客户', '/uploads/emp/emp013.jpg', 33, '业务', '1992-02-28', '广东深圳', '广东省深圳市福田区深南大道6008号', '广东省佛山市南海区九江镇沙头大道20号', '02', '长期', '2022-07-25', '2042-07-25'),
('EMP-014', '马晓燕', 2, '440602199706105428', '13800138014', 'maxiaoyan@dcprint.com', 8, '采购部', 4, '采购员', '采购助理', '2023-01-10', 1, '广东省佛山市顺德区勒流街道', '马晓红', '13900139014', '大专', '协助采购专员', '/uploads/emp/emp014.jpg', 28, '采购', '1997-06-10', '广东中山', '广东省中山市石岐区孙文东路50号', '广东省佛山市顺德区勒流街道政和中路15号', '06', '长期', '2023-01-05', '2043-01-05'),
('EMP-015', '杨志强', 1, '440602200001152513', '13800138015', 'yangzhiqiang@dcprint.com', 4, '生产部', 2, '生产主管', '生产操作员', '2023-04-01', 2, '广东省佛山市禅城区南庄镇', '杨志明', '13900139015', '大专', '试用期员工-生产操作', '/uploads/emp/emp015.jpg', 25, '生产', '2000-01-15', '广东清远', '广东省清远市清城区先锋路30号', '广东省佛山市禅城区南庄镇紫洞大道28号', '01', '长期', '2023-03-25', '2043-03-25'),
('EMP-016', '何丽萍', 2, '440602199804186029', '13800138016', 'helingping@dcprint.com', 9, '品质部', 5, '品质检验员', 'QC检验员', '2023-06-15', 1, '广东省佛山市顺德区杏坛镇', '何丽芳', '13900139016', '大专', '来料检验专员', '/uploads/emp/emp016.jpg', 27, '品质', '1998-04-18', '广东江门', '广东省江门市蓬江区建设路80号', '广东省佛山市顺德区杏坛镇齐新路10号', '04', '长期', '2023-06-10', '2043-06-10'),
('EMP-017', '罗建文', 1, '440602199509237814', '13800138017', 'luojianwen@dcprint.com', 3, '工程技术部', 2, '生产主管', '工艺工程师', '2023-09-01', 1, '广东省佛山市南海区丹灶镇', '罗建国', '13900139017', '硕士', '印刷工艺研发', '/uploads/emp/emp017.jpg', 30, '工程', '1995-09-23', '湖北武汉', '湖北省武汉市洪山区珞喻路100号', '广东省佛山市南海区丹灶镇金沙大道22号', '09', '长期', '2023-08-25', '2043-08-25'),
('EMP-018', '谢小敏', 2, '440602200103078326', '13800138018', 'xiexiaomin@dcprint.com', 10, '财务行政部', 2, '生产主管', '行政助理', '2024-01-15', 2, '广东省佛山市禅城区石湾街道', '谢小红', '13900139018', '本科', '试用期员工-行政', '/uploads/emp/emp018.jpg', 24, '行政', '2001-03-07', '广东汕头', '广东省汕头市金平区金湖路50号', '广东省佛山市禅城区石湾街道江湾三路12号', '03', '长期', '2024-01-10', '2044-01-10'),
('EMP-019', '唐志军', 1, '440602199312156717', '13800138019', 'tangzhijun@dcprint.com', 7, '仓库管理部', 3, '仓库管理员', '仓管员', '2024-03-01', 1, '广东省佛山市顺德区均安镇', '唐志伟', '13900139019', '高中', '仓库出入库管理', '/uploads/emp/emp019.jpg', 32, '仓库', '1993-12-15', '广东佛山', '广东省佛山市顺德区均安镇仓门大道8号', '广东省佛山市顺德区均安镇仓门大道8号', '12', '长期', '2024-02-25', '2044-02-25'),
('EMP-020', '许美珊', 2, '440602199607089028', '13800138020', 'xumeishan@dcprint.com', 2, '业务部', 2, '生产主管', '业务助理', '2024-06-01', 2, '广东省佛山市南海区西樵镇', '许美华', '13900139020', '大专', '试用期员工-业务跟单', '/uploads/emp/emp020.jpg', 29, '业务', '1996-07-08', '广东珠海', '广东省珠海市香洲区人民东路60号', '广东省佛山市南海区西樵镇登山大道15号', '07', '长期', '2024-05-25', '2044-05-25');


-- -----------------------------------------------------------
-- 8. 考勤记录 (hr_attendance) - 20条
-- 业务链路: 员工→考勤
-- status: normal=正常, late=迟到, early=早退, absent=缺勤, leave=请假, overtime=加班
-- -----------------------------------------------------------
INSERT IGNORE INTO hr_attendance (employee_id, employee_id_int, employee_name, department_name, attendance_date, check_in_time, check_out_time, status, working_hours, overtime_hours, remark, deleted, emp_id) VALUES
('EMP001', 1, '张伟', '业务部', '2025-04-01', '08:00', '17:30', 'normal', 8.00, 0.50, '正常出勤+加班0.5小时', 0, 1),
('EMP002', 2, '李娜', '工程技术部', '2025-04-01', '08:05', '17:30', 'late', 7.92, 0.50, '迟到5分钟', 0, 2),
('EMP003', 3, '王强', '生产部', '2025-04-01', '07:55', '18:00', 'overtime', 8.00, 1.00, '技术攻关加班1小时', 0, 3),
('EMP004', 4, '刘洋', '模切车间', '2025-04-01', '08:00', '17:30', 'normal', 8.00, 0.50, '正常出勤+加班0.5小时', 0, 4),
('EMP005', 5, '陈明', '商标车间', '2025-04-01', '08:00', '20:00', 'overtime', 8.00, 2.50, '模切赶工加班2.5小时', 0, 5),
('EMP006', 6, '赵磊', '仓库管理部', '2025-04-01', '08:00', '17:30', 'normal', 8.00, 0.50, '正常出勤+加班0.5小时', 0, 6),
('EMP007', 7, '孙丽', '采购部', '2025-04-02', '08:00', '17:30', 'normal', 8.00, 0.50, '正常出勤', 0, 7),
('EMP008', 8, '周杰', '品质部', '2025-04-02', '08:00', '17:30', 'normal', 8.00, 0.50, '正常出勤', 0, 8),
('EMP009', 9, '吴芳', '财务行政部', '2025-04-02', '07:50', '17:30', 'normal', 8.00, 0.67, '提前到岗品质巡检', 0, 9),
('EMP010', 10, '张伟', '业务部', '2025-04-02', '08:00', '17:30', 'normal', 8.00, 0.50, '正常出勤', 0, 10),
('EMP011', 1, '张伟', '业务部', '2025-04-03', '08:10', '17:30', 'late', 7.83, 0.50, '迟到10分钟', 0, 11),
('EMP012', 2, '李娜', '工程技术部', '2025-04-03', '08:00', '17:00', 'early', 7.50, 0.00, '早退30分钟', 0, 12),
('EMP013', 3, '王强', '生产部', '2025-04-03', '08:00', '17:30', 'normal', 8.00, 0.50, '正常出勤', 0, 13),
('EMP014', 4, '刘洋', '模切车间', '2025-04-03', NULL, NULL, 'leave', 0.00, 0.00, '事假一天', 0, 14),
('EMP015', 5, '陈明', '商标车间', '2025-04-04', '08:00', '17:30', 'normal', 8.00, 0.50, '正常出勤', 0, 15),
('EMP016', 6, '赵磊', '仓库管理部', '2025-04-04', '08:00', '17:30', 'normal', 8.00, 0.50, '正常出勤', 0, 16),
('EMP017', 7, '孙丽', '采购部', '2025-04-04', '07:45', '19:00', 'overtime', 8.00, 3.25, '工艺研发加班3.25小时', 0, 17),
('EMP018', 8, '周杰', '品质部', '2025-04-04', NULL, NULL, 'absent', 0.00, 0.00, '旷工一天', 0, 18),
('EMP019', 9, '吴芳', '财务行政部', '2025-04-05', '08:00', '17:30', 'normal', 8.00, 0.50, '正常出勤', 0, 19),
('EMP020', 10, '张伟', '业务部', '2025-04-05', '08:00', '17:30', 'normal', 8.00, 0.50, '正常出勤', 0, 20);


-- -----------------------------------------------------------
-- 9. 薪资记录 (sys_salary) - 20条
-- 业务链路: 员工→考勤→薪资
-- month格式: YYYY-MM
-- -----------------------------------------------------------
INSERT IGNORE INTO sys_salary (employee_id, month, basic_salary, position_allowance, performance_bonus, overtime_pay, other_bonus, social_security, housing_fund, personal_tax, other_deduction, actual_salary, remark, create_time, update_time) VALUES
(1, '2025-04', 15000.00, 3000.00, 5000.00, 0.00, 2000.00, 1800.00, 1500.00, 1420.00, 0.00, 20280.00, '总经理4月薪资-含绩效奖金', '2025-05-01 10:00:00', '2025-05-01 10:00:00'),
(2, '2025-04', 10000.00, 2000.00, 3500.00, 375.00, 1000.00, 1200.00, 1000.00, 680.00, 0.00, 13995.00, '业务经理4月薪资-含加班费', '2025-05-01 10:00:00', '2025-05-01 10:00:00'),
(3, '2025-04', 12000.00, 2500.00, 4000.00, 750.00, 1500.00, 1440.00, 1200.00, 920.00, 0.00, 17190.00, '技术主管4月薪资-含加班费', '2025-05-01 10:00:00', '2025-05-01 10:00:00'),
(4, '2025-04', 10000.00, 2000.00, 3000.00, 375.00, 800.00, 1200.00, 1000.00, 620.00, 0.00, 13355.00, '生产主管4月薪资', '2025-05-01 10:00:00', '2025-05-01 10:00:00'),
(5, '2025-04', 8000.00, 1500.00, 2500.00, 937.50, 500.00, 960.00, 800.00, 320.00, 0.00, 11357.50, '模切组长4月薪资-含加班费', '2025-05-01 10:00:00', '2025-05-01 10:00:00'),
(6, '2025-04', 7500.00, 1200.00, 2000.00, 375.00, 500.00, 900.00, 750.00, 230.00, 0.00, 9695.00, '商标组长4月薪资', '2025-05-01 10:00:00', '2025-05-01 10:00:00'),
(7, '2025-04', 8000.00, 1500.00, 2000.00, 375.00, 500.00, 960.00, 800.00, 320.00, 0.00, 10295.00, '仓库主管4月薪资', '2025-05-01 10:00:00', '2025-05-01 10:00:00'),
(8, '2025-04', 8500.00, 1500.00, 2500.00, 375.00, 600.00, 1020.00, 850.00, 420.00, 0.00, 11185.00, '采购专员4月薪资', '2025-05-01 10:00:00', '2025-05-01 10:00:00'),
(9, '2025-04', 9000.00, 1800.00, 3000.00, 500.00, 800.00, 1080.00, 900.00, 530.00, 0.00, 12590.00, '品质工程师4月薪资', '2025-05-01 10:00:00', '2025-05-01 10:00:00'),
(10, '2025-04', 10000.00, 2000.00, 3500.00, 375.00, 1000.00, 1200.00, 1000.00, 680.00, 0.00, 13995.00, '财务主管4月薪资', '2025-05-01 10:00:00', '2025-05-01 10:00:00'),
(11, '2025-04', 6000.00, 800.00, 1500.00, 375.00, 300.00, 720.00, 600.00, 80.00, 0.00, 7575.00, '模切操作员4月薪资', '2025-05-01 10:00:00', '2025-05-01 10:00:00'),
(12, '2025-04', 5500.00, 800.00, 1200.00, 0.00, 300.00, 660.00, 550.00, 40.00, 0.00, 6550.00, '丝印操作员4月薪资', '2025-05-01 10:00:00', '2025-05-01 10:00:00'),
(13, '2025-04', 9000.00, 1800.00, 3000.00, 375.00, 800.00, 1080.00, 900.00, 530.00, 0.00, 12565.00, '业务员4月薪资', '2025-05-01 10:00:00', '2025-05-01 10:00:00'),
(14, '2025-04', 6500.00, 1000.00, 1500.00, 0.00, 300.00, 780.00, 650.00, 100.00, 0.00, 7770.00, '采购助理4月薪资-事假扣薪', '2025-05-01 10:00:00', '2025-05-01 10:00:00'),
(15, '2025-04', 5500.00, 800.00, 1000.00, 375.00, 200.00, 660.00, 550.00, 20.00, 0.00, 6645.00, '试用期生产操作员4月薪资', '2025-05-01 10:00:00', '2025-05-01 10:00:00'),
(16, '2025-04', 6500.00, 1000.00, 1800.00, 375.00, 400.00, 780.00, 650.00, 100.00, 0.00, 8545.00, 'QC检验员4月薪资', '2025-05-01 10:00:00', '2025-05-01 10:00:00'),
(17, '2025-04', 11000.00, 2200.00, 3500.00, 2437.50, 1500.00, 1320.00, 1100.00, 850.00, 0.00, 17367.50, '工艺工程师4月薪资-含加班费', '2025-05-01 10:00:00', '2025-05-01 10:00:00'),
(18, '2025-04', 5000.00, 800.00, 500.00, 0.00, 200.00, 600.00, 500.00, 0.00, 300.00, 5100.00, '行政助理4月薪资-旷工扣薪', '2025-05-01 10:00:00', '2025-05-01 10:00:00'),
(19, '2025-04', 5500.00, 800.00, 1200.00, 375.00, 300.00, 660.00, 550.00, 40.00, 0.00, 6925.00, '仓管员4月薪资', '2025-05-01 10:00:00', '2025-05-01 10:00:00'),
(20, '2025-04', 5500.00, 800.00, 1000.00, 375.00, 200.00, 660.00, 550.00, 20.00, 0.00, 6645.00, '试用期业务助理4月薪资', '2025-05-01 10:00:00', '2025-05-01 10:00:00');


-- -----------------------------------------------------------
-- 10. 培训记录 (hr_training) - 20条
-- training_type: 1=技能培训, 2=安全培训, 3=管理培训, 4=新员工培训
-- status: 1=计划中, 2=进行中, 3=已完成
-- -----------------------------------------------------------
INSERT IGNORE INTO hr_training (training_no, training_name, training_type, training_date, training_hours, trainer, training_content, training_place, status, remark, create_by, deleted) VALUES
('TRN-20250401-001', '模切设备操作安全培训', 2, '2025-04-01', 4.0, '张安全', '模切设备安全操作规程、紧急停机流程、个人防护用品使用', '模切车间培训室', 3, '全员必修安全培训', 2, 0),
('TRN-20250403-002', '丝印工艺技能提升培训', 1, '2025-04-03', 6.0, '王建国', '高精度丝印工艺参数调整、网版张力控制、油墨配色技巧', '商标车间培训室', 3, '针对商标车间操作员', 3, 0),
('TRN-20250405-003', '新员工入职培训-4月批次', 4, '2025-04-05', 8.0, '林雅琴', '公司制度介绍、安全生产须知、ERP系统操作基础、部门职责说明', '公司会议室A', 3, '4月新员工集中培训', 10, 0),
('TRN-20250408-004', '品质检验标准培训', 1, '2025-04-08', 4.0, '孙浩然', '来料检验标准、过程检验要点、成品检验规范、不合格品处理流程', '品质部会议室', 3, '品质部全员培训', 9, 0),
('TRN-20250410-005', '消防安全知识培训', 2, '2025-04-10', 3.0, '李消防', '消防器材使用、疏散逃生路线、危化品存储安全、灭火演练', '公司操场', 3, '年度消防培训', 2, 0),
('TRN-20250412-006', 'ERP系统操作培训', 1, '2025-04-12', 4.0, '罗建文', 'ERP系统基础操作、工单录入、库存查询、报表导出', '电脑培训室', 3, '生产部门系统操作培训', 3, 0),
('TRN-20250415-007', '团队管理能力培训', 3, '2025-04-15', 6.0, '陈志强', '团队建设方法、沟通技巧、目标管理、绩效辅导', '公司会议室A', 3, '管理层培训', 1, 0),
('TRN-20250418-008', '导电银浆操作专项培训', 1, '2025-04-18', 4.0, '王建国', '导电银浆存储要求、使用规范、安全防护、废弃物处理', '商标车间培训室', 3, '针对接触银浆的员工', 3, 0),
('TRN-20250420-009', '5S现场管理培训', 2, '2025-04-20', 3.0, '张丽华', '5S管理理念、现场整理整顿标准、可视化管理、持续改善方法', '生产车间', 3, '生产部门5S培训', 4, 0),
('TRN-20250422-010', '采购谈判技巧培训', 3, '2025-04-22', 4.0, '周小芳', '供应商谈判策略、价格分析技巧、合同条款审查、成本控制方法', '公司会议室B', 3, '采购部专项培训', 8, 0),
('TRN-20250425-011', '精密模切技术培训', 1, '2025-04-25', 6.0, '刘志远', '精密模切设备调试、刀具选择与维护、精度控制方法、常见故障排除', '模切车间培训室', 3, '模切车间技能提升', 5, 0),
('TRN-20250428-012', '职业健康与劳动保护培训', 2, '2025-04-28', 3.0, '张安全', '职业病防治知识、劳动保护用品正确使用、健康体检重要性', '公司会议室A', 3, '年度健康培训', 2, 0),
('TRN-20250501-013', '财务软件操作培训', 1, '2025-05-01', 4.0, '林雅琴', '财务软件基础操作、凭证录入、报表生成、税务申报流程', '电脑培训室', 2, '财务部专项培训', 10, 0),
('TRN-20250503-014', '客户服务与沟通培训', 3, '2025-05-03', 4.0, '李伟明', '客户需求分析、沟通技巧、投诉处理流程、客户关系维护', '公司会议室A', 2, '业务部专项培训', 2, 0),
('TRN-20250505-015', '危化品管理专项培训', 2, '2025-05-05', 4.0, '张安全', '危化品分类与标识、存储规范、泄漏应急处理、MSDS解读', '危化品仓库培训区', 2, '接触危化品员工必修', 2, 0),
('TRN-20250507-016', '生产计划排程培训', 1, '2025-05-07', 4.0, '张丽华', '生产计划编制方法、产能分析、排程优化、紧急订单处理', '公司会议室B', 1, '生产管理培训', 4, 0),
('TRN-20250509-017', '新员工入职培训-5月批次', 4, '2025-05-09', 8.0, '林雅琴', '公司制度介绍、安全生产须知、ERP系统操作基础、部门职责说明', '公司会议室A', 1, '5月新员工集中培训', 10, 0),
('TRN-20250510-018', '仓库管理系统培训', 1, '2025-05-10', 4.0, '赵大伟', 'WMS系统操作、出入库流程、盘点方法、库存分析', '仓库管理部', 1, '仓库人员系统培训', 7, 0),
('TRN-20250511-019', '领导力提升培训', 3, '2025-05-11', 6.0, '陈志强', '领导力模型、决策方法、团队激励、变革管理', '公司会议室A', 1, '高层管理培训', 1, 0),
('TRN-20250512-020', '油墨配色高级培训', 1, '2025-05-12', 6.0, '罗建文', '油墨配色原理、色彩管理、特殊效果油墨应用、配色软件操作', '商标车间培训室', 1, '高级技能培训', 3, 0);


-- -----------------------------------------------------------
-- 11. 培训参与记录 (hr_training_participant) - 20条
-- is_qualified: 0=不合格, 1=合格
-- -----------------------------------------------------------
INSERT IGNORE INTO hr_training_participant (training_id, employee_id, employee_name, score, is_qualified, remark, create_time) VALUES
(1, 5, '刘志远', 92.0, 1, '模切组长-安全培训优秀', '2025-04-01 12:00:00'),
(1, 11, '黄志豪', 85.0, 1, '模切操作员-安全培训合格', '2025-04-01 12:00:00'),
(2, 6, '陈美玲', 95.0, 1, '商标组长-丝印技能优秀', '2025-04-03 14:00:00'),
(2, 12, '吴秀英', 82.0, 1, '丝印操作员-丝印技能合格', '2025-04-03 14:00:00'),
(3, 15, '杨志强', 78.0, 1, '新员工-入职培训合格', '2025-04-05 17:00:00'),
(3, 18, '谢小敏', 88.0, 1, '新员工-入职培训良好', '2025-04-05 17:00:00'),
(4, 9, '孙浩然', 96.0, 1, '品质工程师-检验标准优秀', '2025-04-08 12:00:00'),
(4, 16, '何丽萍', 90.0, 1, 'QC检验员-检验标准优秀', '2025-04-08 12:00:00'),
(5, 1, '陈志强', 88.0, 1, '总经理-消防培训良好', '2025-04-10 11:00:00'),
(5, 4, '张丽华', 91.0, 1, '生产主管-消防培训优秀', '2025-04-10 11:00:00'),
(6, 4, '张丽华', 87.0, 1, '生产主管-ERP操作良好', '2025-04-12 12:00:00'),
(6, 5, '刘志远', 93.0, 1, '模切组长-ERP操作优秀', '2025-04-12 12:00:00'),
(7, 2, '李伟明', 90.0, 1, '业务经理-管理培训优秀', '2025-04-15 16:00:00'),
(7, 4, '张丽华', 88.0, 1, '生产主管-管理培训良好', '2025-04-15 16:00:00'),
(8, 6, '陈美玲', 94.0, 1, '商标组长-银浆操作优秀', '2025-04-18 12:00:00'),
(8, 12, '吴秀英', 76.0, 1, '丝印操作员-银浆操作合格', '2025-04-18 12:00:00'),
(9, 5, '刘志远', 89.0, 1, '模切组长-5S培训良好', '2025-04-20 11:00:00'),
(10, 8, '周小芳', 92.0, 1, '采购专员-谈判培训优秀', '2025-04-22 12:00:00'),
(10, 14, '马晓燕', 85.0, 1, '采购助理-谈判培训合格', '2025-04-22 12:00:00'),
(11, 11, '黄志豪', 55.0, 0, '模切操作员-精密模切不合格需补考', '2025-04-25 14:00:00');


-- ============================================================
-- 三、打样管理模块 (SAMPLE)
-- ============================================================

-- -----------------------------------------------------------
-- 12. 打样订单 (sample_order) - 20条
-- sample_type: 新品打样/变更打样/客户定制
-- progress_status: 待确认/打样中/已寄出/已确认/已拒绝
-- status: 0=草稿, 1=进行中, 2=已完成, 3=已取消
-- -----------------------------------------------------------
INSERT IGNORE INTO sample_order (sample_no, order_month, order_date, sample_type, customer_name, print_method, color_sequence, product_name, material_code, size_spec, material_desc, sample_order_no, required_date, progress_status, is_confirmed, is_urgent, is_produce_together, quantity, progress_detail, sample_count, sample_reason, order_tracker, provided_material, receive_time, mylar_info, sample_stock, customer_confirm, remark, status, deleted) VALUES
('SMP-20250401-001', 4, '2025-04-01', '新品打样', '美的集团', '丝印+模切', '白+黑+银', '空调面板标签', 'PET-001', '150mm×80mm', 'PET透明膜0.1mm+UV油墨+导电银浆', 'SO-SMP-001', '2025-04-05', '已确认', 1, 0, 0, 5, '已确认-4月3日寄出-4月5日确认', 3, '新品开发需求', '李伟明', '客户提供设计稿', '09:30', '麦拉片0.125mm', '库存充足', '确认合格-可量产', '美的空调面板标签打样-丝印三色', 2, 0),
('SMP-20250402-002', 4, '2025-04-02', '客户定制', '格力电器', '丝印+模切', '蓝+白', '空调遥控器标签', 'PVC-001', '60mm×40mm', 'PVC透明膜0.15mm+UV油墨', 'SO-SMP-002', '2025-04-06', '已确认', 1, 0, 0, 5, '已确认-4月4日寄出-4月6日确认', 3, '客户定制需求', '李伟明', '客户提供Pantone色号', '10:00', '麦拉片0.1mm', '库存充足', '确认合格-可量产', '格力遥控器标签打样-丝印双色', 2, 0),
('SMP-20250403-003', 4, '2025-04-03', '新品打样', '华为技术', '丝印+模切+烫金', '黑+金+银', '手机后盖标签', 'PET-001', '80mm×50mm', 'PET透明膜0.1mm+UV油墨+导电银浆+烫金箔', 'SO-SMP-003', '2025-04-08', '已确认', 1, 1, 0, 3, '已确认-4月6日寄出-4月8日确认', 2, '新品开发-紧急', '郑伟杰', '客户提供3D图档', '08:30', '麦拉片0.075mm', '库存紧张', '确认合格-可量产', '华为手机标签打样-丝印三色+烫金-紧急', 2, 0),
('SMP-20250405-004', 4, '2025-04-05', '变更打样', '比亚迪', '丝印+模切', '红+黑', '汽车内饰标签', 'PVC-002', '200mm×120mm', 'PVC白膜0.2mm+溶剂型油墨', 'SO-SMP-004', '2025-04-10', '已确认', 1, 0, 0, 5, '已确认-4月8日寄出-4月10日确认', 3, '设计变更-颜色调整', '郑伟杰', '客户提供变更图纸', '11:00', '麦拉片0.15mm', '库存充足', '确认合格-可量产', '比亚迪汽车标签打样-设计变更', 2, 0),
('SMP-20250407-005', 4, '2025-04-07', '新品打样', 'TCL科技', '丝印+模切', '白+灰', '家电面板标签', 'PET-002', '120mm×70mm', 'PET白膜0.125mm+UV油墨', 'SO-SMP-005', '2025-04-11', '已寄出', 0, 0, 0, 5, '4月10日寄出-等待客户确认', 3, '新品开发需求', '李伟明', '客户提供AI文件', '09:00', '麦拉片0.1mm', '库存充足', '等待确认', 'TCL家电标签打样-丝印双色', 1, 0),
('SMP-20250408-006', 4, '2025-04-08', '客户定制', '中兴通讯', '丝印+模切', '蓝+银', '5G设备电子标签', 'PET-001', '100mm×60mm', 'PET透明膜0.1mm+导电银浆+UV油墨', 'SO-SMP-006', '2025-04-12', '已寄出', 0, 0, 0, 3, '4月11日寄出-等待客户确认', 2, '5G设备定制需求', '郑伟杰', '客户提供规格书', '14:00', '麦拉片0.075mm', '库存紧张', '等待确认', '中兴5G标签打样-含导电银浆', 1, 0),
('SMP-20250410-007', 4, '2025-04-10', '新品打样', '广汽集团', '丝印+模切', '黑+银+红', '汽车内饰标签', 'PVC-001', '180mm×100mm', 'PVC透明膜0.15mm+UV油墨+溶剂油墨', 'SO-SMP-007', '2025-04-15', '打样中', 0, 0, 0, 5, '丝印工序进行中', 3, '新品开发需求', '李伟明', '客户提供设计稿', '10:30', '麦拉片0.125mm', '库存充足', NULL, '广汽汽车标签打样-丝印三色', 1, 0),
('SMP-20250411-008', 4, '2025-04-11', '变更打样', '海信集团', '丝印+模切', '白+蓝+灰', '空调面板标签', 'PET-002', '140mm×75mm', 'PET白膜0.125mm+UV油墨', 'SO-SMP-008', '2025-04-16', '打样中', 0, 0, 0, 5, '模切工序进行中', 3, '设计变更-尺寸调整', '郑伟杰', '客户提供变更文件', '09:30', '麦拉片0.1mm', '库存充足', NULL, '海信空调标签打样-尺寸变更', 1, 0),
('SMP-20250414-009', 4, '2025-04-14', '新品打样', '小米科技', '丝印+模切+烫金', '黑+金', '手机后盖标签', 'PET-001', '75mm×45mm', 'PET透明膜0.1mm+UV油墨+烫金箔', 'SO-SMP-009', '2025-04-18', '待确认', 0, 1, 0, 3, '等待确认打样方案', 2, '新品开发-紧急', '郑伟杰', '客户提供3D图档', '08:00', '麦拉片0.075mm', '库存紧张', NULL, '小米手机标签打样-丝印+烫金-紧急', 1, 0),
('SMP-20250415-010', 4, '2025-04-15', '客户定制', 'OPPO', '丝印+模切', '绿+银', '手机后盖标签', 'PET-001', '78mm×48mm', 'PET透明膜0.1mm+导电银浆+UV油墨', 'SO-SMP-010', '2025-04-20', '已确认', 1, 0, 0, 5, '已确认-4月18日寄出-4月20日确认', 3, '客户定制需求', '郑伟杰', '客户提供AI文件', '10:00', '麦拉片0.075mm', '库存充足', '确认合格-可量产', 'OPPO手机标签打样-丝印双色', 2, 0),
('SMP-20250417-011', 4, '2025-04-17', '新品打样', '长虹集团', '丝印+模切', '白+黑', '家电面板标签', 'PET-002', '130mm×65mm', 'PET白膜0.125mm+UV油墨', 'SO-SMP-011', '2025-04-22', '已寄出', 0, 0, 0, 5, '4月20日寄出-等待客户确认', 3, '新品开发需求', '李伟明', '客户提供设计稿', '11:30', '麦拉片0.1mm', '库存充足', '等待确认', '长虹家电标签打样-丝印双色', 1, 0),
('SMP-20250418-012', 4, '2025-04-18', '变更打样', '创维集团', '丝印+模切', '黑+银', '电子标签', 'PET-001', '90mm×55mm', 'PET透明膜0.1mm+导电银浆+UV油墨', 'SO-SMP-012', '2025-04-23', '打样中', 0, 0, 0, 3, '丝印工序进行中', 2, '设计变更-材料更换', '李伟明', '客户提供变更规格', '13:00', '麦拉片0.075mm', '库存紧张', NULL, '创维电子标签打样-材料变更', 1, 0),
('SMP-20250421-013', 4, '2025-04-21', '新品打样', '联想集团', '丝印+模切', '白+蓝', '洗衣机面板标签', 'PVC-002', '110mm×60mm', 'PVC白膜0.2mm+UV油墨', 'SO-SMP-013', '2025-04-25', '待确认', 0, 0, 0, 5, '等待确认打样方案', 3, '新品开发需求', '李伟明', '客户提供AI文件', '09:00', '麦拉片0.1mm', '库存充足', NULL, '联想洗衣机标签打样-丝印双色', 0, 0),
('SMP-20250422-014', 4, '2025-04-22', '客户定制', '海尔集团', '丝印+模切', '白+灰+银', '空调面板标签', 'PET-002', '135mm×72mm', 'PET白膜0.125mm+UV油墨+导电银浆', 'SO-SMP-014', '2025-04-27', '待确认', 0, 0, 0, 5, '等待确认打样方案', 3, '客户定制需求', '郑伟杰', '客户提供设计稿', '10:30', '麦拉片0.1mm', '库存充足', NULL, '海尔空调标签打样-丝印三色', 0, 0),
('SMP-20250425-015', 4, '2025-04-25', '新品打样', '方太集团', '丝印+模切', '黑+金', '汽车标签', 'PVC-001', '160mm×90mm', 'PVC透明膜0.15mm+UV油墨+烫金箔', 'SO-SMP-015', '2025-04-30', '待确认', 0, 0, 0, 5, '等待确认打样方案', 3, '新品开发需求', '李伟明', '客户提供设计稿', '14:00', '麦拉片0.125mm', '库存充足', NULL, '方太汽车标签打样-丝印+烫金', 0, 0),
('SMP-20250428-016', 4, '2025-04-28', '客户定制', '志高集团', '丝印+模切', '白+蓝', '包装膜标签', 'BOPP-001', '200mm×150mm', 'BOPP透明膜0.08mm+UV油墨', 'SO-SMP-016', '2025-05-03', '待确认', 0, 0, 0, 5, '等待确认打样方案', 3, '客户定制需求', '李伟明', '客户提供AI文件', '09:30', '麦拉片0.075mm', '库存充足', NULL, '志高包装膜标签打样-丝印双色', 0, 0),
('SMP-20250502-017', 5, '2025-05-02', '新品打样', '奥克斯', '丝印+模切', '白+灰', '洗衣机标签', 'PET-002', '115mm×62mm', 'PET白膜0.125mm+UV油墨', 'SO-SMP-017', '2025-05-07', '待确认', 0, 0, 0, 5, '等待确认打样方案', 3, '新品开发需求', '郑伟杰', '客户提供设计稿', '10:00', '麦拉片0.1mm', '库存充足', NULL, '奥克斯洗衣机标签打样-丝印双色', 0, 0),
('SMP-20250505-018', 5, '2025-05-05', '变更打样', '康佳集团', '丝印+模切', '黑+银', '电子标签', 'PET-001', '85mm×50mm', 'PET透明膜0.1mm+导电银浆+UV油墨', 'SO-SMP-018', '2025-05-10', '待确认', 0, 0, 0, 3, '等待确认打样方案', 2, '设计变更-颜色调整', '李伟明', '客户提供变更文件', '11:00', '麦拉片0.075mm', '库存紧张', NULL, '康佳电子标签打样-颜色变更', 0, 0),
('SMP-20250508-019', 5, '2025-05-08', '新品打样', '熊猫电子', '丝印+模切', '红+黑+银', '汽车标签', 'PVC-002', '190mm×110mm', 'PVC白膜0.2mm+溶剂型油墨', 'SO-SMP-019', '2025-05-13', '待确认', 0, 0, 0, 5, '等待确认打样方案', 3, '新品开发需求', '郑伟杰', '客户提供设计稿', '09:00', '麦拉片0.15mm', '库存充足', NULL, '熊猫汽车标签打样-丝印三色', 0, 0),
('SMP-20250510-020', 5, '2025-05-10', '客户定制', '苏泊尔', '丝印+模切', '白+绿', '手机标签', 'PET-001', '70mm×42mm', 'PET透明膜0.1mm+UV油墨', 'SO-SMP-020', '2025-05-15', '待确认', 0, 0, 0, 3, '等待确认打样方案', 2, '客户定制需求', '李伟明', '客户提供AI文件', '10:30', '麦拉片0.075mm', '库存充足', NULL, '苏泊尔手机标签打样-丝印双色', 0, 0);


-- ============================================================
-- 四、CRM补充模块
-- ============================================================

-- -----------------------------------------------------------
-- 13. 客户联系人 (crm_customer_contact) - 20条
-- is_primary: 0=非主联系人, 1=主联系人
-- -----------------------------------------------------------
INSERT IGNORE INTO crm_customer_contact (customer_id, contact_name, position, phone, email, is_primary, remark, deleted) VALUES
(1, '张明', '采购经理', '0757-26338888', 'zhangming@midea.com', 1, '美的集团主联系人-负责标签采购', 0),
(1, '王丽', '采购助理', '0757-26338889', 'wangli@midea.com', 0, '美的集团采购助理', 0),
(2, '李华', '供应链总监', '0756-86148888', 'lihua@gree.com', 1, '格力电器主联系人-负责标签及包装膜采购', 0),
(2, '赵敏', '采购专员', '0756-86148889', 'zhaomin@gree.com', 0, '格力电器采购专员', 0),
(3, '王强', '采购总监', '0755-28780808', 'wangqiang@huawei.com', 1, '华为技术主联系人-负责标签及包装膜采购', 0),
(4, '赵刚', '供应链经理', '0755-89888888', 'zhaogang@byd.com', 1, '比亚迪主联系人-负责汽车内饰标签采购', 0),
(4, '刘芳', '采购助理', '0755-89888889', 'liufang@byd.com', 0, '比亚迪采购助理', 0),
(5, '陈伟', '采购经理', '0752-2288888', 'chenwei@tcl.com', 1, 'TCL科技主联系人-负责家电标签采购', 0),
(6, '刘洋', '供应链经理', '0755-26770000', 'liuyang@zte.com', 1, '中兴通讯主联系人-负责电子标签采购', 0),
(7, '周明', '采购总监', '020-82308888', 'zhouming@gac.com', 1, '广汽集团主联系人-负责汽车标签采购', 0),
(7, '孙丽', '采购专员', '020-82308889', 'sunli@gac.com', 0, '广汽集团采购专员', 0),
(8, '孙磊', '采购经理', '0532-85728888', 'sunlei@hisense.com', 1, '海信集团主联系人-负责标签及包装膜采购', 0),
(9, '吴鹏', '供应链总监', '010-82528888', 'wupeng@xiaomi.com', 1, '小米科技主联系人-负责手机标签采购', 0),
(10, '郑涛', '采购经理', '0769-88688888', 'zhengtao@oppo.com', 1, 'OPPO主联系人-负责手机标签采购', 0),
(10, '何静', '采购助理', '0769-88688889', 'hejing@oppo.com', 0, 'OPPO采购助理', 0),
(11, '何军', '采购经理', '0816-2418888', 'hejun@changhong.com', 1, '长虹集团主联系人', 0),
(13, '林峰', '供应链经理', '010-58868888', 'linfeng@lenovo.com', 1, '联想集团主联系人', 0),
(14, '黄勇', '采购总监', '0532-88938888', 'huangyong@haier.com', 1, '海尔集团主联系人', 0),
(17, '蒋明', '采购经理', '0574-55838888', 'jiangming@aux.com', 1, '奥克斯主联系人', 0),
(20, '沈强', '采购经理', '0571-86808888', 'shenqiang@supor.com', 1, '苏泊尔主联系人', 0);


-- -----------------------------------------------------------
-- 14. 客户分析 (crm_customer_analysis) - 20条
-- analysis_period: 2025-Q1, 2025-Q2, 2025-04, 2025-05
-- customer_level: A=战略客户, B=重要客户, C=普通客户, D=新客户
-- -----------------------------------------------------------
INSERT IGNORE INTO crm_customer_analysis (customer_id, customer_name, analysis_period, period_start, period_end, order_count, order_amount, delivery_count, return_count, complaint_count, on_time_rate, satisfaction_score, customer_level, growth_rate, remark, create_time, update_time) VALUES
(1, '美的集团', '2025-Q1', '2025-01-01', '2025-03-31', 8, 285600.00, 8, 0, 0, 98.50, 4.8, 'A', 12.50, '战略客户-季度订单稳定增长', '2025-04-01 10:00:00', '2025-04-01 10:00:00'),
(2, '格力电器', '2025-Q1', '2025-01-01', '2025-03-31', 6, 412500.00, 6, 1, 0, 95.00, 4.5, 'A', 8.30, '战略客户-少量退货', '2025-04-01 10:00:00', '2025-04-01 10:00:00'),
(3, '华为技术', '2025-Q1', '2025-01-01', '2025-03-31', 10, 680000.00, 9, 0, 1, 92.00, 4.3, 'A', 25.00, '战略客户-高增长-投诉1次', '2025-04-01 10:00:00', '2025-04-01 10:00:00'),
(4, '比亚迪', '2025-Q1', '2025-01-01', '2025-03-31', 5, 520000.00, 5, 0, 0, 97.00, 4.6, 'A', 30.00, '战略客户-新能源汽车需求增长', '2025-04-01 10:00:00', '2025-04-01 10:00:00'),
(5, 'TCL科技', '2025-Q1', '2025-01-01', '2025-03-31', 4, 198000.00, 4, 0, 1, 94.00, 4.2, 'B', 5.00, '重要客户-投诉1次', '2025-04-01 10:00:00', '2025-04-01 10:00:00'),
(6, '中兴通讯', '2025-Q1', '2025-01-01', '2025-03-31', 3, 165000.00, 3, 0, 0, 96.00, 4.4, 'B', 15.00, '重要客户-5G设备需求增长', '2025-04-01 10:00:00', '2025-04-01 10:00:00'),
(7, '广汽集团', '2025-Q1', '2025-01-01', '2025-03-31', 4, 325000.00, 4, 0, 0, 97.50, 4.5, 'B', 18.00, '重要客户-汽车标签需求稳定', '2025-04-01 10:00:00', '2025-04-01 10:00:00'),
(8, '海信集团', '2025-Q1', '2025-01-01', '2025-03-31', 5, 450000.00, 5, 1, 0, 93.00, 4.3, 'B', 10.00, '重要客户-少量退货', '2025-04-01 10:00:00', '2025-04-01 10:00:00'),
(9, '小米科技', '2025-Q1', '2025-01-01', '2025-03-31', 6, 510000.00, 5, 0, 1, 91.00, 4.1, 'B', 22.00, '重要客户-高增长-投诉1次', '2025-04-01 10:00:00', '2025-04-01 10:00:00'),
(10, 'OPPO', '2025-Q1', '2025-01-01', '2025-03-31', 4, 475000.00, 4, 0, 0, 96.50, 4.6, 'B', 16.00, '重要客户-手机标签需求稳定', '2025-04-01 10:00:00', '2025-04-01 10:00:00'),
(1, '美的集团', '2025-04', '2025-04-01', '2025-04-30', 3, 96163.00, 3, 0, 0, 99.00, 4.9, 'A', 15.00, '4月表现优秀', '2025-05-01 10:00:00', '2025-05-01 10:00:00'),
(2, '格力电器', '2025-04', '2025-04-01', '2025-04-30', 2, 145205.00, 2, 0, 0, 97.00, 4.7, 'A', 10.00, '4月表现良好', '2025-05-01 10:00:00', '2025-05-01 10:00:00'),
(3, '华为技术', '2025-04', '2025-04-01', '2025-04-30', 4, 230520.00, 3, 0, 0, 94.00, 4.4, 'A', 28.00, '4月高增长', '2025-05-01 10:00:00', '2025-05-01 10:00:00'),
(4, '比亚迪', '2025-04', '2025-04-01', '2025-04-30', 2, 172890.00, 2, 0, 0, 98.00, 4.7, 'A', 32.00, '4月新能源汽车需求持续增长', '2025-05-01 10:00:00', '2025-05-01 10:00:00'),
(11, '长虹集团', '2025-Q1', '2025-01-01', '2025-03-31', 2, 85600.00, 2, 0, 0, 95.00, 4.0, 'C', 3.00, '普通客户-订单量较小', '2025-04-01 10:00:00', '2025-04-01 10:00:00'),
(14, '海尔集团', '2025-Q1', '2025-01-01', '2025-03-31', 3, 256000.00, 3, 0, 0, 96.00, 4.5, 'B', 12.00, '重要客户-家电标签需求稳定', '2025-04-01 10:00:00', '2025-04-01 10:00:00'),
(17, '奥克斯', '2025-Q1', '2025-01-01', '2025-03-31', 2, 125000.00, 2, 0, 0, 94.00, 4.2, 'C', 8.00, '普通客户-空调标签需求', '2025-04-01 10:00:00', '2025-04-01 10:00:00'),
(20, '苏泊尔', '2025-Q1', '2025-01-01', '2025-03-31', 1, 68000.00, 1, 0, 0, 90.00, 3.8, 'D', 0.00, '新客户-首次合作', '2025-04-01 10:00:00', '2025-04-01 10:00:00'),
(5, 'TCL科技', '2025-04', '2025-04-01', '2025-04-30', 2, 72885.00, 1, 0, 0, 95.00, 4.3, 'B', 6.00, '4月表现良好', '2025-05-01 10:00:00', '2025-05-01 10:00:00'),
(9, '小米科技', '2025-04', '2025-04-01', '2025-04-30', 3, 177297.00, 2, 0, 0, 93.00, 4.2, 'B', 20.00, '4月高增长', '2025-05-01 10:00:00', '2025-05-01 10:00:00');


-- -----------------------------------------------------------
-- 15. 跟进记录 (crm_follow_record) - 20条
-- follow_type: visit=拜访, phone=电话, wechat=微信, email=邮件
-- status: 1=待跟进, 2=跟进中, 3=已完成
-- -----------------------------------------------------------
INSERT IGNORE INTO crm_follow_record (customer_id, customer_name, follow_type, follow_content, contact_name, salesman_name, next_follow_date, opportunity, status, remark, create_by, deleted) VALUES
(1, '美的集团', 'visit', '拜访美的采购部-讨论Q2空调标签订单计划-客户表示需求增长15%', '张明', '李伟明', '2025-04-15', 'Q2空调标签增量订单', 3, '客户满意度高-续约意向强', 2, 0),
(2, '格力电器', 'phone', '电话沟通格力供应链-确认4月标签及包装膜交付计划', '李华', '李伟明', '2025-04-10', '4月标签交付', 3, '交付计划已确认', 2, 0),
(3, '华为技术', 'visit', '拜访华为采购中心-讨论手机标签新规格要求-客户提出更严格的品质标准', '王强', '郑伟杰', '2025-04-12', '华为Mate70标签新规格', 3, '需提升品质管控', 3, 0),
(4, '比亚迪', 'wechat', '微信沟通比亚迪供应链-确认汽车内饰标签打样进度', '赵刚', '郑伟杰', '2025-04-08', '比亚迪汉系列标签量产', 3, '打样已确认-可量产', 3, 0),
(5, 'TCL科技', 'phone', '电话跟进TCL采购部-了解家电标签需求变化', '陈伟', '李伟明', '2025-04-20', 'TCL新品标签需求', 3, '客户有新品开发需求', 2, 0),
(6, '中兴通讯', 'email', '邮件发送5G设备电子标签报价单-等待客户回复', '刘洋', '郑伟杰', '2025-04-15', '5G设备标签订单', 2, '报价已发送-等待确认', 3, 0),
(7, '广汽集团', 'visit', '拜访广汽采购中心-讨论汽车标签年度合作框架', '周明', '李伟明', '2025-04-18', '广汽年度框架协议', 3, '框架协议谈判中', 2, 0),
(8, '海信集团', 'phone', '电话沟通海信采购部-确认空调面板标签交付时间', '孙磊', '郑伟杰', '2025-04-14', '海信空调标签交付', 3, '交付时间已确认', 3, 0),
(9, '小米科技', 'wechat', '微信沟通小米供应链-讨论手机标签打样方案', '吴鹏', '郑伟杰', '2025-04-16', '小米14S标签打样', 2, '打样方案讨论中', 3, 0),
(10, 'OPPO', 'visit', '拜访OPPO采购部-确认手机标签量产计划', '郑涛', '郑伟杰', '2025-04-22', 'OPPO Find标签量产', 3, '量产计划已确认', 3, 0),
(1, '美的集团', 'phone', '电话跟进美的-确认4月第二批标签交付', '张明', '李伟明', '2025-05-05', '4月第二批交付', 2, '交付进度正常', 2, 0),
(3, '华为技术', 'wechat', '微信跟进华为-发送手机标签样品照片', '王强', '郑伟杰', '2025-04-25', '华为标签样品确认', 2, '样品已发送', 3, 0),
(4, '比亚迪', 'visit', '拜访比亚迪-讨论新能源电池标签新需求', '赵刚', '郑伟杰', '2025-05-10', '比亚迪电池标签需求', 1, '新需求待评估', 3, 0),
(11, '长虹集团', 'phone', '电话沟通长虹采购部-了解家电标签需求', '何军', '李伟明', '2025-05-08', '长虹家电标签续单', 1, '客户有意续单', 2, 0),
(14, '海尔集团', 'visit', '拜访海尔采购中心-讨论空调标签及手机标签合作', '黄勇', '郑伟杰', '2025-05-12', '海尔多品类标签合作', 1, '合作意向积极', 3, 0),
(17, '奥克斯', 'email', '邮件发送洗衣机标签报价单-等待客户回复', '蒋明', '李伟明', '2025-05-15', '奥克斯洗衣机标签', 1, '报价已发送', 2, 0),
(20, '苏泊尔', 'phone', '电话跟进苏泊尔-了解手机标签需求', '沈强', '李伟明', '2025-05-18', '苏泊尔手机标签首单', 1, '新客户开发中', 2, 0),
(2, '格力电器', 'wechat', '微信跟进格力-确认5月标签交付计划', '李华', '李伟明', '2025-05-10', '5月格力标签交付', 1, '5月计划待确认', 2, 0),
(7, '广汽集团', 'phone', '电话跟进广汽-确认汽车标签打样结果', '周明', '李伟明', '2025-05-08', '广汽标签打样确认', 1, '打样结果待确认', 2, 0),
(9, '小米科技', 'visit', '拜访小米供应链-讨论IoT设备标签需求', '吴鹏', '郑伟杰', '2025-05-15', '小米IoT标签需求', 1, '新需求待评估', 3, 0);


-- ============================================================
-- 五、库存补充模块 (INVENTORY SUPPLEMENTARY)
-- ============================================================

-- -----------------------------------------------------------
-- 16. 库位 (inv_location) - 20条
-- location_type: 1=原料区, 2=成品区, 3=半成品区, 4=退货区, 5=待检区
-- status: 1=正常, 2=停用
-- -----------------------------------------------------------
INSERT IGNORE INTO inv_location (location_code, location_name, warehouse_id, zone, row_no, column_no, layer_no, location_type, status, remark, deleted) VALUES
('LOC-001', 'A区-01排-01列-01层', 1, 'A', '01', '01', '01', 1, 1, '原料仓A区-PET薄膜存放位', 0),
('LOC-002', 'A区-01排-02列-01层', 1, 'A', '01', '02', '01', 1, 1, '原料仓A区-PET薄膜存放位', 0),
('LOC-003', 'B区-02排-01列-01层', 2, 'B', '02', '01', '01', 1, 1, '原料仓B区-PVC薄膜存放位', 0),
('LOC-004', 'B区-02排-02列-01层', 2, 'B', '02', '02', '01', 1, 1, '原料仓B区-PVC薄膜存放位', 0),
('LOC-005', 'C区-09排-01列-01层', 9, 'C', '09', '01', '01', 1, 1, '油墨仓C区-UV油墨存放位', 0),
('LOC-006', 'C区-09排-02列-01层', 9, 'C', '09', '02', '01', 1, 1, '油墨仓C区-UV油墨存放位', 0),
('LOC-007', 'D区-11排-01列-01层', 11, 'D', '11', '01', '01', 1, 1, '化工仓D区-稀释剂存放位', 0),
('LOC-008', 'E区-07排-01列-01层', 7, 'E', '07', '01', '01', 1, 1, '辅料仓E区-丝印网版存放位', 0),
('LOC-009', 'E区-08排-01列-01层', 8, 'E', '08', '01', '01', 1, 1, '辅料仓E区-模切刀模存放位', 0),
('LOC-010', 'F区-13排-01列-01层', 13, 'F', '13', '01', '01', 1, 1, '危化品仓F区-导电银浆存放位', 0),
('LOC-011', 'G区-17排-01列-01层', 17, 'G', '17', '01', '01', 4, 1, '退货仓G区-客户退货存放位', 0),
('LOC-012', 'H区-18排-01列-01层', 18, 'H', '18', '01', '01', 4, 1, '退货仓H区-供应商退货存放位', 0),
('LOC-013', 'A区-03排-01列-01层', 1, 'A', '03', '01', '01', 2, 1, '原料仓A区-成品标签存放位', 0),
('LOC-014', 'B区-04排-01列-01层', 2, 'B', '04', '01', '01', 2, 1, '原料仓B区-成品标签存放位', 0),
('LOC-015', 'I区-15排-01列-01层', 15, 'I', '15', '01', '01', 5, 1, '待检仓I区-来料待检存放位', 0),
('LOC-016', 'J区-16排-01列-01层', 16, 'J', '16', '01', '01', 3, 1, '半成品仓J区-半成品存放位', 0),
('LOC-017', 'A区-02排-01列-01层', 1, 'A', '02', '01', '01', 1, 1, '原料仓A区-BOPP薄膜存放位', 0),
('LOC-018', 'C区-10排-01列-01层', 10, 'C', '10', '01', '01', 1, 1, '油墨仓C区-溶剂型油墨存放位', 0),
('LOC-019', 'K区-19排-01列-01层', 19, 'K', '19', '01', '01', 2, 1, '成品仓K区-成品标签存放位', 0),
('LOC-020', 'L区-20排-01列-01层', 20, 'L', '20', '01', '01', 2, 1, '成品仓L区-成品标签存放位', 0);


-- -----------------------------------------------------------
-- 17. 物料标签 (inv_material_label) - 20条
-- label_type: 1=整卷, 2=分切, 3=余料
-- is_main_material: 0=非主材, 1=主材
-- is_used: 0=未使用, 1=已使用
-- is_cut: 0=未分切, 1=已分切
-- status: 1=正常, 2=已使用, 3=已分切
-- -----------------------------------------------------------
INSERT IGNORE INTO inv_material_label (label_no, qr_code, purchase_order_no, supplier_name, receive_date, material_code, material_name, specification, unit, batch_no, quantity, package_qty, width, length_per_roll, remark, color_code, mix_remark, warehouse_id, location_id, is_main_material, is_used, is_cut, parent_label_id, label_type, remaining_width, remaining_length, status, deleted) VALUES
('LBL-017', 'QR-LBL-017', 'PO-20250403-004', '中山华联胶粘制品', '2025-04-07', 'ADH-001', '水溶性胶水-分装', '5kg/桶,固含45%', 'kg', 'BH20250407001', 25.0000, 5.0000, 50.00, 25.00, '水溶性胶水分装-5桶', NULL, '分装自LBL-006', 4, 5, 1, 1, 1, 6, 2, 50.00, 25.00, 3, 0),
('LBL-018', 'QR-LBL-018', 'PO-20250405-005', '珠海百润化工', '2025-04-09', 'UV-001', 'UV光油-高光型-分装', '20kg/桶,粘度150s', 'kg', 'BH20250409001', 20.0000, 2.0000, 40.00, 20.00, 'UV光油分装-2桶', NULL, '分装自LBL-007', 5, 6, 1, 1, 1, 7, 2, 40.00, 20.00, 3, 0),
('LBL-019', 'QR-LBL-019', 'PO-20250420-013', '上海紫江特种油墨', '2025-04-24', 'AG-PASTE', '导电银浆-高导电-分装', '5kg/瓶,导电型,固含70%', 'kg', 'BH20250424001', 10.0000, 2.0000, 30.00, 10.00, '导电银浆分装-2瓶-需冷藏', NULL, '分装自LBL-012,需冷藏2-8°C', 13, 10, 1, 1, 1, 12, 2, 30.00, 10.00, 3, 0),
('LBL-020', 'QR-LBL-020', 'PO-20250422-014', '深圳金太阳保护膜', '2025-04-26', 'BOPP-001', 'BOPP透明膜0.08mm-分切', '400mm×600m/卷,厚度0.08mm', 'kg', 'BH20250426001', 400.0000, 1.0000, 600.00, 400.00, 'BOPP透明膜分切-小米标签用', NULL, '分切自LBL-013', 1, 17, 1, 1, 1, 13, 2, 600.00, 400.00, 3, 0),
('LBL-001', 'QR-LBL-001', 'PO-20250328-001', '东莞鑫达薄膜材料', '2025-04-01', 'PET-001', 'PET透明膜0.1mm', '1000mm×500m/卷,厚度0.1mm', 'kg', 'BH20250401001', 500.0000, 1.0000, 1000.00, 500.00, 'PET透明膜整卷', NULL, NULL, 1, 1, 1, 0, 0, NULL, 1, 1000.00, 500.00, 1, 0),
('LBL-002', 'QR-LBL-002', 'PO-20250328-001', '东莞鑫达薄膜材料', '2025-04-01', 'PET-001', 'PET透明膜0.1mm', '1000mm×500m/卷,厚度0.1mm', 'kg', 'BH20250401001', 500.0000, 1.0000, 1000.00, 500.00, 'PET透明膜整卷', NULL, NULL, 1, 2, 1, 0, 0, NULL, 1, 1000.00, 500.00, 1, 0),
('LBL-003', 'QR-LBL-003', 'PO-20250330-002', '东莞鑫达薄膜材料', '2025-04-03', 'PET-002', 'PET白膜0.125mm', '1200mm×500m/卷,厚度0.125mm', 'kg', 'BH20250403001', 800.0000, 1.0000, 1200.00, 500.00, 'PET白膜整卷', NULL, NULL, 1, 1, 1, 0, 0, NULL, 1, 1200.00, 500.00, 1, 0),
('LBL-004', 'QR-LBL-004', 'PO-20250401-003', '佛山顺达PVC材料', '2025-04-05', 'PVC-001', 'PVC透明膜0.15mm', '1000mm×400m/卷,厚度0.15mm', 'kg', 'BH20250405001', 600.0000, 1.0000, 1000.00, 400.00, 'PVC透明膜整卷', NULL, NULL, 2, 3, 1, 0, 0, NULL, 1, 1000.00, 400.00, 1, 0),
('LBL-005', 'QR-LBL-005', 'PO-20250403-004', '佛山顺达PVC材料', '2025-04-07', 'PVC-002', 'PVC白膜0.2mm', '1200mm×400m/卷,厚度0.2mm', 'kg', 'BH20250407001', 750.0000, 1.0000, 1200.00, 400.00, 'PVC白膜整卷', NULL, NULL, 2, 4, 1, 0, 0, NULL, 1, 1200.00, 400.00, 1, 0),
('LBL-006', 'QR-LBL-006', 'PO-20250405-005', '深圳精诚油墨化工', '2025-04-09', 'UV-BK', 'UV油墨-黑色', 'UV固化型,粘度25-30s', 'kg', 'BH20250409001', 120.0000, 4.0000, NULL, NULL, 'UV油墨-黑色4桶', 'BK001', NULL, 9, 5, 1, 0, 0, NULL, 1, NULL, NULL, 1, 0),
('LBL-007', 'QR-LBL-007', 'PO-20250407-006', '上海紫江特种油墨', '2025-04-11', 'UV-WH', 'UV油墨-白色', 'UV固化型,粘度20-25s', 'kg', 'BH20250411001', 100.0000, 4.0000, NULL, NULL, 'UV油墨-白色4桶', 'WH001', NULL, 9, 6, 1, 0, 0, NULL, 1, NULL, NULL, 1, 0),
('LBL-008', 'QR-LBL-008', 'PO-20250409-007', '深圳精诚油墨化工', '2025-04-13', 'SOL-BK', '溶剂型油墨-黑色', '溶剂型,粘度30-35s', 'kg', 'BH20250413001', 80.0000, 4.0000, NULL, NULL, '溶剂型油墨-黑色4桶', 'BK002', NULL, 10, 18, 1, 0, 0, NULL, 1, NULL, NULL, 1, 0),
('LBL-009', 'QR-LBL-009', 'PO-20250411-008', '广州永盛化工', '2025-04-15', 'THINNER', '稀释剂-标准型', '标准型,沸点80-120°C', 'kg', 'BH20250415001', 300.0000, 6.0000, NULL, NULL, '稀释剂6桶', NULL, NULL, 11, 7, 0, 0, 0, NULL, 1, NULL, NULL, 1, 0),
('LBL-010', 'QR-LBL-010', 'PO-20250413-009', '东莞宏达丝网材料', '2025-04-17', 'SCREEN-300', '丝印网版-300目', '300目,铝合金框架', '件', 'BH20250417001', 15.0000, 15.0000, NULL, NULL, '丝印网版15件', NULL, NULL, 7, 8, 0, 0, 0, NULL, 1, NULL, NULL, 1, 0),
('LBL-011', 'QR-LBL-011', 'PO-20250415-010', '东莞宏达丝网材料', '2025-04-19', 'DIE-001', '模切刀模-平板', '平板式,精度±0.05mm', '件', 'BH20250419001', 10.0000, 10.0000, NULL, NULL, '模切刀模10件', NULL, NULL, 8, 9, 0, 0, 0, NULL, 1, NULL, NULL, 1, 0),
('LBL-012', 'QR-LBL-012', 'PO-20250416-011', '上海紫江特种油墨', '2025-04-20', 'AG-PASTE', '导电银浆-高导电', '导电型,固含70%', 'kg', 'BH20250420001', 40.0000, 8.0000, NULL, NULL, '导电银浆8瓶-需冷藏2-8°C', NULL, '需冷藏保存', 13, 10, 1, 0, 0, NULL, 1, NULL, NULL, 1, 0),
('LBL-013', 'QR-LBL-013', 'PO-20250418-012', '深圳金太阳保护膜', '2025-04-22', 'BOPP-001', 'BOPP透明膜0.08mm', '800mm×600m/卷,厚度0.08mm', 'kg', 'BH20250422001', 600.0000, 1.0000, 800.00, 600.00, 'BOPP透明膜整卷', NULL, NULL, 1, 17, 1, 0, 0, NULL, 1, 800.00, 600.00, 1, 0),
('LBL-014', 'QR-LBL-014', 'PO-20250328-001', '东莞鑫达薄膜材料', '2025-04-01', 'PET-001', 'PET透明膜0.1mm-分切', '500mm×500m/卷,厚度0.1mm', 'kg', 'BH20250401001', 250.0000, 1.0000, 500.00, 500.00, 'PET透明膜分切-美的空调标签用', NULL, '分切自LBL-001', 1, 1, 1, 1, 1, 1, 2, 500.00, 350.00, 3, 0),
('LBL-015', 'QR-LBL-015', 'PO-20250328-001', '东莞鑫达薄膜材料', '2025-04-01', 'PET-001', 'PET透明膜0.1mm-分切', '500mm×500m/卷,厚度0.1mm', 'kg', 'BH20250401001', 250.0000, 1.0000, 500.00, 500.00, 'PET透明膜分切-华为手机标签用', NULL, '分切自LBL-001', 1, 1, 1, 0, 1, 1, 2, 500.00, 500.00, 3, 0),
('LBL-016', 'QR-LBL-016', 'PO-20250401-003', '佛山顺达PVC材料', '2025-04-05', 'PVC-001', 'PVC透明膜0.15mm-分切', '500mm×400m/卷,厚度0.15mm', 'kg', 'BH20250405001', 300.0000, 1.0000, 500.00, 400.00, 'PVC透明膜分切-格力标签用', NULL, '分切自LBL-004', 2, 3, 1, 1, 1, 4, 2, 500.00, 280.00, 3, 0);

-- -----------------------------------------------------------
-- 18. 批次库存 (inv_batch_inventory) - 20条
-- status: 1=正常, 2=冻结, 3=过期
-- -----------------------------------------------------------
INSERT IGNORE INTO inv_batch_inventory (batch_no, material_id, warehouse_id, location_id, quantity, locked_quantity, available_quantity, unit_cost, total_cost, status, production_date, expiry_date, supplier_id, remark, created_by, created_at, updated_at, deleted) VALUES
('BH20250401001', 1, 1, 1, 500.0000, 0.0000, 500.0000, 18.5000, 9250.0000, 1, '2025-03-28', '2026-03-28', 1, 'PET透明膜0.1mm-东莞鑫达', 1, '2025-04-01 08:30:00', '2025-04-01 08:30:00', 0),
('BH20250401002', 1, 1, 2, 500.0000, 0.0000, 500.0000, 18.5000, 9250.0000, 1, '2025-03-28', '2026-03-28', 1, 'PET透明膜0.1mm-东莞鑫达', 1, '2025-04-01 08:35:00', '2025-04-01 08:35:00', 0),
('BH20250403001', 2, 1, 1, 800.0000, 0.0000, 800.0000, 22.0000, 17600.0000, 1, '2025-03-30', '2026-03-30', 1, 'PET白膜0.125mm-东莞鑫达', 1, '2025-04-03 09:00:00', '2025-04-03 09:00:00', 0),
('BH20250405001', 4, 2, 3, 600.0000, 50.0000, 550.0000, 15.8000, 9480.0000, 1, '2025-04-01', '2026-04-01', 3, 'PVC透明膜0.15mm-佛山顺达', 2, '2025-04-05 10:00:00', '2025-04-05 10:00:00', 0),
('BH20250407001', 5, 2, 4, 750.0000, 0.0000, 750.0000, 19.2000, 14400.0000, 1, '2025-04-03', '2026-04-03', 3, 'PVC白膜0.2mm-佛山顺达', 2, '2025-04-07 09:30:00', '2025-04-07 09:30:00', 0),
('BH20250409001', 6, 9, 5, 120.0000, 0.0000, 120.0000, 85.0000, 10200.0000, 1, '2025-04-05', '2025-10-05', 5, 'UV油墨-黑色-深圳精诚', 3, '2025-04-09 11:00:00', '2025-04-09 11:00:00', 0),
('BH20250411001', 7, 9, 6, 100.0000, 20.0000, 80.0000, 92.0000, 9200.0000, 1, '2025-04-07', '2025-10-07', 6, 'UV油墨-白色-上海紫江', 3, '2025-04-11 10:00:00', '2025-04-11 10:00:00', 0),
('BH20250413001', 8, 10, 18, 80.0000, 0.0000, 80.0000, 68.0000, 5440.0000, 1, '2025-04-09', '2025-10-09', 5, '溶剂型油墨-黑色-深圳精诚', 4, '2025-04-13 14:00:00', '2025-04-13 14:00:00', 0),
('BH20250415001', 9, 11, 7, 300.0000, 0.0000, 300.0000, 12.5000, 3750.0000, 1, '2025-04-11', '2025-10-11', 7, '稀释剂-标准型-广州永盛', 4, '2025-04-15 09:00:00', '2025-04-15 09:00:00', 0),
('BH20250417001', 10, 7, 8, 15.0000, 0.0000, 15.0000, 280.0000, 4200.0000, 1, '2025-04-13', '2026-04-13', 8, '丝印网版-300目-东莞宏达', 5, '2025-04-17 10:30:00', '2025-04-17 10:30:00', 0),
('BH20250419001', 11, 8, 9, 10.0000, 0.0000, 10.0000, 350.0000, 3500.0000, 1, '2025-04-15', '2026-04-15', 8, '模切刀模-平板-东莞宏达', 5, '2025-04-19 11:00:00', '2025-04-19 11:00:00', 0),
('BH20250420001', 12, 13, 10, 40.0000, 10.0000, 30.0000, 450.0000, 18000.0000, 1, '2025-04-16', '2025-07-16', 10, '导电银浆-高导电-上海紫江-需冷藏', 6, '2025-04-20 08:00:00', '2025-04-20 08:00:00', 0),
('BH20250422001', 13, 1, 17, 600.0000, 0.0000, 600.0000, 14.0000, 8400.0000, 1, '2025-04-18', '2026-04-18', 14, 'BOPP透明膜0.08mm-深圳金太阳', 1, '2025-04-22 09:00:00', '2025-04-22 09:00:00', 0),
('BH20250424001', 12, 13, 10, 20.0000, 0.0000, 20.0000, 450.0000, 9000.0000, 1, '2025-04-22', '2025-07-22', 10, '导电银浆-分装-上海紫江-需冷藏', 6, '2025-04-24 10:00:00', '2025-04-24 10:00:00', 0),
('BH20250426001', 13, 1, 17, 400.0000, 0.0000, 400.0000, 14.0000, 5600.0000, 1, '2025-04-24', '2026-04-24', 14, 'BOPP透明膜分切-深圳金太阳', 1, '2025-04-26 09:30:00', '2025-04-26 09:30:00', 0),
('BH20250428001', 3, 1, 1, 650.0000, 100.0000, 550.0000, 20.0000, 13000.0000, 1, '2025-04-26', '2026-04-26', 2, 'PET哑光膜0.12mm-东莞鑫达', 2, '2025-04-28 08:00:00', '2025-04-28 08:00:00', 0),
('BH20250501001', 6, 9, 5, 60.0000, 0.0000, 60.0000, 85.0000, 5100.0000, 1, '2025-04-28', '2025-10-28', 5, 'UV油墨-黑色-5月批次', 3, '2025-05-01 09:00:00', '2025-05-01 09:00:00', 0),
('BH20250503001', 14, 3, 11, 200.0000, 0.0000, 200.0000, 35.0000, 7000.0000, 1, '2025-05-01', '2026-05-01', 9, '铜版纸80g-广州造纸', 7, '2025-05-03 10:00:00', '2025-05-03 10:00:00', 0),
('BH20250505001', 15, 4, 12, 180.0000, 0.0000, 180.0000, 42.0000, 7560.0000, 2, '2025-05-03', '2026-05-03', 11, '不干胶材料-中山华联-冻结待检', 8, '2025-05-05 11:00:00', '2025-05-05 11:00:00', 0),
('BH20250508001', 16, 5, 13, 90.0000, 0.0000, 90.0000, 120.0000, 10800.0000, 1, '2025-05-06', '2025-11-06', 12, '热熔胶-EVA型-珠海百润', 9, '2025-05-08 08:30:00', '2025-05-08 08:30:00', 0);

-- -----------------------------------------------------------
-- 19. 库存日志 (inv_inventory_log) - 20条
-- change_type: inbound, outbound, transfer_in, transfer_out, adjust, return
-- reference_type: purchase, sales, production, transfer, adjustment, return
-- -----------------------------------------------------------
INSERT IGNORE INTO inv_inventory_log (warehouse_id, location_id, material_id, batch_no, change_type, change_quantity, before_quantity, after_quantity, reference_no, reference_type, operator_id, remark, created_at, deleted) VALUES
(1, 1, 1, 'BH20250401001', 'inbound', 500.0000, 0.0000, 500.0000, 'PO-20250328-001', 'purchase', 1, 'PET透明膜0.1mm采购入库', '2025-04-01 08:30:00', 0),
(1, 2, 1, 'BH20250401002', 'inbound', 500.0000, 0.0000, 500.0000, 'PO-20250328-001', 'purchase', 1, 'PET透明膜0.1mm采购入库-第二卷', '2025-04-01 08:35:00', 0),
(1, 1, 2, 'BH20250403001', 'inbound', 800.0000, 0.0000, 800.0000, 'PO-20250330-002', 'purchase', 1, 'PET白膜0.125mm采购入库', '2025-04-03 09:00:00', 0),
(2, 3, 4, 'BH20250405001', 'inbound', 600.0000, 0.0000, 600.0000, 'PO-20250401-003', 'purchase', 2, 'PVC透明膜0.15mm采购入库', '2025-04-05 10:00:00', 0),
(2, 4, 5, 'BH20250407001', 'inbound', 750.0000, 0.0000, 750.0000, 'PO-20250403-004', 'purchase', 2, 'PVC白膜0.2mm采购入库', '2025-04-07 09:30:00', 0),
(9, 5, 6, 'BH20250409001', 'inbound', 120.0000, 0.0000, 120.0000, 'PO-20250405-005', 'purchase', 3, 'UV油墨-黑色采购入库', '2025-04-09 11:00:00', 0),
(9, 6, 7, 'BH20250411001', 'inbound', 100.0000, 0.0000, 100.0000, 'PO-20250407-006', 'purchase', 3, 'UV油墨-白色采购入库', '2025-04-11 10:00:00', 0),
(1, 1, 1, 'BH20250401001', 'outbound', 250.0000, 500.0000, 250.0000, 'SO-20250410-001', 'sales', 5, 'PET透明膜分切出库-美的空调标签', '2025-04-12 14:00:00', 0),
(1, 1, 1, 'BH20250401001', 'outbound', 250.0000, 250.0000, 0.0000, 'SO-20250412-002', 'sales', 5, 'PET透明膜分切出库-华为手机标签', '2025-04-14 09:00:00', 0),
(2, 3, 4, 'BH20250405001', 'outbound', 300.0000, 600.0000, 300.0000, 'SO-20250415-003', 'sales', 5, 'PVC透明膜分切出库-格力标签', '2025-04-16 10:00:00', 0),
(1, 1, 1, 'BH20250401001', 'transfer_in', 250.0000, 0.0000, 250.0000, 'TR-20250417-001', 'transfer', 3, 'PET透明膜分切余料调拨入库', '2025-04-17 15:00:00', 0),
(1, 2, 1, 'BH20250401002', 'transfer_out', 250.0000, 500.0000, 250.0000, 'TR-20250417-001', 'transfer', 3, 'PET透明膜调拨至库位1', '2025-04-17 15:00:00', 0),
(9, 6, 7, 'BH20250411001', 'outbound', 20.0000, 100.0000, 80.0000, 'WO-20250418-001', 'production', 4, 'UV油墨-白色领料出库-生产工单', '2025-04-18 08:30:00', 0),
(13, 10, 12, 'BH20250420001', 'inbound', 40.0000, 0.0000, 40.0000, 'PO-20250416-011', 'purchase', 6, '导电银浆采购入库-需冷藏', '2025-04-20 08:00:00', 0),
(13, 10, 12, 'BH20250420001', 'outbound', 10.0000, 40.0000, 30.0000, 'WO-20250421-002', 'production', 4, '导电银浆领料出库-生产工单', '2025-04-21 09:00:00', 0),
(1, 17, 13, 'BH20250422001', 'inbound', 600.0000, 0.0000, 600.0000, 'PO-20250418-012', 'purchase', 1, 'BOPP透明膜采购入库', '2025-04-22 09:00:00', 0),
(1, 1, 3, 'BH20250428001', 'inbound', 650.0000, 0.0000, 650.0000, 'PO-20250425-015', 'purchase', 2, 'PET哑光膜0.12mm采购入库', '2025-04-28 08:00:00', 0),
(1, 1, 1, 'BH20250401001', 'adjust', 5.0000, 250.0000, 255.0000, 'ADJ-20250429-001', 'adjustment', 7, 'PET透明膜盘点调整+5kg', '2025-04-29 16:00:00', 0),
(4, 12, 15, 'BH20250505001', 'inbound', 180.0000, 0.0000, 180.0000, 'PO-20250428-016', 'purchase', 8, '不干胶材料采购入库-冻结待检', '2025-05-05 11:00:00', 0),
(2, 3, 4, 'BH20250405001', 'return', 50.0000, 300.0000, 350.0000, 'RT-20250506-001', 'return', 5, 'PVC透明膜退货入库-质量不合格退回', '2025-05-06 14:00:00', 0);

-- -----------------------------------------------------------
-- 20. 库存事务 (inv_inventory_transaction) - 20条
-- trans_type: in, out, transfer, adjust, return
-- -----------------------------------------------------------
INSERT IGNORE INTO inv_inventory_transaction (trans_no, trans_type, warehouse_id, location_id, material_id, batch_no, quantity, unit_cost, total_cost, reference_no, reference_type, operator_id, remark, created_at, updated_at, deleted) VALUES
('TRX-20250401-001', 'in', 1, 1, 1, 'BH20250401001', 500.0000, 18.5000, 9250.0000, 'PO-20250328-001', 'purchase', 1, 'PET透明膜0.1mm采购入库', '2025-04-01 08:30:00', '2025-04-01 08:30:00', 0),
('TRX-20250401-002', 'in', 1, 2, 1, 'BH20250401002', 500.0000, 18.5000, 9250.0000, 'PO-20250328-001', 'purchase', 1, 'PET透明膜0.1mm采购入库-第二卷', '2025-04-01 08:35:00', '2025-04-01 08:35:00', 0),
('TRX-20250403-001', 'in', 1, 1, 2, 'BH20250403001', 800.0000, 22.0000, 17600.0000, 'PO-20250330-002', 'purchase', 1, 'PET白膜0.125mm采购入库', '2025-04-03 09:00:00', '2025-04-03 09:00:00', 0),
('TRX-20250405-001', 'in', 2, 3, 4, 'BH20250405001', 600.0000, 15.8000, 9480.0000, 'PO-20250401-003', 'purchase', 2, 'PVC透明膜0.15mm采购入库', '2025-04-05 10:00:00', '2025-04-05 10:00:00', 0),
('TRX-20250407-001', 'in', 2, 4, 5, 'BH20250407001', 750.0000, 19.2000, 14400.0000, 'PO-20250403-004', 'purchase', 2, 'PVC白膜0.2mm采购入库', '2025-04-07 09:30:00', '2025-04-07 09:30:00', 0),
('TRX-20250409-001', 'in', 9, 5, 6, 'BH20250409001', 120.0000, 85.0000, 10200.0000, 'PO-20250405-005', 'purchase', 3, 'UV油墨-黑色采购入库', '2025-04-09 11:00:00', '2025-04-09 11:00:00', 0),
('TRX-20250411-001', 'in', 9, 6, 7, 'BH20250411001', 100.0000, 92.0000, 9200.0000, 'PO-20250407-006', 'purchase', 3, 'UV油墨-白色采购入库', '2025-04-11 10:00:00', '2025-04-11 10:00:00', 0),
('TRX-20250412-001', 'out', 1, 1, 1, 'BH20250401001', 250.0000, 18.5000, 4625.0000, 'SO-20250410-001', 'sales', 5, 'PET透明膜分切出库-美的空调标签', '2025-04-12 14:00:00', '2025-04-12 14:00:00', 0),
('TRX-20250414-001', 'out', 1, 1, 1, 'BH20250401001', 250.0000, 18.5000, 4625.0000, 'SO-20250412-002', 'sales', 5, 'PET透明膜分切出库-华为手机标签', '2025-04-14 09:00:00', '2025-04-14 09:00:00', 0),
('TRX-20250416-001', 'out', 2, 3, 4, 'BH20250405001', 300.0000, 15.8000, 4740.0000, 'SO-20250415-003', 'sales', 5, 'PVC透明膜分切出库-格力标签', '2025-04-16 10:00:00', '2025-04-16 10:00:00', 0),
('TRX-20250417-001', 'transfer', 1, 2, 1, 'BH20250401002', 250.0000, 18.5000, 4625.0000, 'TR-20250417-001', 'transfer', 3, 'PET透明膜库位间调拨', '2025-04-17 15:00:00', '2025-04-17 15:00:00', 0),
('TRX-20250418-001', 'out', 9, 6, 7, 'BH20250411001', 20.0000, 92.0000, 1840.0000, 'WO-20250418-001', 'production', 4, 'UV油墨-白色领料出库', '2025-04-18 08:30:00', '2025-04-18 08:30:00', 0),
('TRX-20250420-001', 'in', 13, 10, 12, 'BH20250420001', 40.0000, 450.0000, 18000.0000, 'PO-20250416-011', 'purchase', 6, '导电银浆采购入库-需冷藏', '2025-04-20 08:00:00', '2025-04-20 08:00:00', 0),
('TRX-20250421-001', 'out', 13, 10, 12, 'BH20250420001', 10.0000, 450.0000, 4500.0000, 'WO-20250421-002', 'production', 4, '导电银浆领料出库', '2025-04-21 09:00:00', '2025-04-21 09:00:00', 0),
('TRX-20250422-001', 'in', 1, 17, 13, 'BH20250422001', 600.0000, 14.0000, 8400.0000, 'PO-20250418-012', 'purchase', 1, 'BOPP透明膜采购入库', '2025-04-22 09:00:00', '2025-04-22 09:00:00', 0),
('TRX-20250428-001', 'in', 1, 1, 3, 'BH20250428001', 650.0000, 20.0000, 13000.0000, 'PO-20250425-015', 'purchase', 2, 'PET哑光膜0.12mm采购入库', '2025-04-28 08:00:00', '2025-04-28 08:00:00', 0),
('TRX-20250429-001', 'adjust', 1, 1, 1, 'BH20250401001', 5.0000, 18.5000, 92.5000, 'ADJ-20250429-001', 'adjustment', 7, 'PET透明膜盘点调整+5kg', '2025-04-29 16:00:00', '2025-04-29 16:00:00', 0),
('TRX-20250505-001', 'in', 4, 12, 15, 'BH20250505001', 180.0000, 42.0000, 7560.0000, 'PO-20250428-016', 'purchase', 8, '不干胶材料采购入库-冻结待检', '2025-05-05 11:00:00', '2025-05-05 11:00:00', 0),
('TRX-20250506-001', 'return', 2, 3, 4, 'BH20250405001', 50.0000, 15.8000, 790.0000, 'RT-20250506-001', 'return', 5, 'PVC透明膜退货入库-质量不合格退回', '2025-05-06 14:00:00', '2025-05-06 14:00:00', 0),
('TRX-20250508-001', 'in', 5, 13, 16, 'BH20250508001', 90.0000, 120.0000, 10800.0000, 'PO-20250505-017', 'purchase', 9, '热熔胶-EVA型采购入库', '2025-05-08 08:30:00', '2025-05-08 08:30:00', 0);

-- -----------------------------------------------------------
-- 21. 出库明细 (inv_outbound_item) - 20条
-- 关联销售出库单和生产领料出库单
-- -----------------------------------------------------------
INSERT IGNORE INTO inv_outbound_item (outbound_order_id, material_id, batch_no, quantity, unit_price, total_price, warehouse_id, location_id, remark, created_at, deleted) VALUES
(1, 1, 'BH20250401001', 250.0000, 18.5000, 4625.0000, 1, 1, 'PET透明膜分切出库-美的空调标签', '2025-04-12 14:00:00', 0),
(1, 1, 'BH20250401001', 250.0000, 18.5000, 4625.0000, 1, 1, 'PET透明膜分切出库-华为手机标签', '2025-04-14 09:00:00', 0),
(2, 4, 'BH20250405001', 300.0000, 15.8000, 4740.0000, 2, 3, 'PVC透明膜分切出库-格力标签', '2025-04-16 10:00:00', 0),
(2, 5, 'BH20250407001', 200.0000, 19.2000, 3840.0000, 2, 4, 'PVC白膜出库-格力标签配套', '2025-04-16 10:30:00', 0),
(3, 7, 'BH20250411001', 20.0000, 92.0000, 1840.0000, 9, 6, 'UV油墨-白色领料出库-生产工单', '2025-04-18 08:30:00', 0),
(3, 6, 'BH20250409001', 15.0000, 85.0000, 1275.0000, 9, 5, 'UV油墨-黑色领料出库-生产工单', '2025-04-18 08:35:00', 0),
(3, 9, 'BH20250415001', 30.0000, 12.5000, 375.0000, 11, 7, '稀释剂领料出库-生产工单', '2025-04-18 08:40:00', 0),
(4, 12, 'BH20250420001', 10.0000, 450.0000, 4500.0000, 13, 10, '导电银浆领料出库-生产工单', '2025-04-21 09:00:00', 0),
(4, 7, 'BH20250411001', 10.0000, 92.0000, 920.0000, 9, 6, 'UV油墨-白色领料出库-生产工单2', '2025-04-21 09:10:00', 0),
(5, 2, 'BH20250403001', 400.0000, 22.0000, 8800.0000, 1, 1, 'PET白膜出库-OPPO手机标签', '2025-04-22 14:00:00', 0),
(5, 6, 'BH20250409001', 25.0000, 85.0000, 2125.0000, 9, 5, 'UV油墨-黑色出库-OPPO手机标签', '2025-04-22 14:10:00', 0),
(6, 4, 'BH20250405001', 150.0000, 15.8000, 2370.0000, 2, 3, 'PVC透明膜出库-海尔电器标签', '2025-04-24 10:00:00', 0),
(6, 8, 'BH20250413001', 20.0000, 68.0000, 1360.0000, 10, 18, '溶剂型油墨-黑色出库-海尔电器标签', '2025-04-24 10:15:00', 0),
(7, 13, 'BH20250422001', 300.0000, 14.0000, 4200.0000, 1, 17, 'BOPP透明膜出库-小米标签', '2025-04-25 09:00:00', 0),
(7, 6, 'BH20250501001', 30.0000, 85.0000, 2550.0000, 9, 5, 'UV油墨-黑色出库-小米标签', '2025-04-25 09:10:00', 0),
(8, 1, 'BH20250401001', 200.0000, 18.5000, 3700.0000, 1, 1, 'PET透明膜出库-比亚迪汽车标签', '2025-04-28 08:30:00', 0),
(8, 10, 'BH20250417001', 5.0000, 280.0000, 1400.0000, 7, 8, '丝印网版出库-比亚迪汽车标签', '2025-04-28 08:40:00', 0),
(9, 3, 'BH20250428001', 300.0000, 20.0000, 6000.0000, 1, 1, 'PET哑光膜出库-VIVO手机标签', '2025-05-02 09:00:00', 0),
(9, 7, 'BH20250411001', 15.0000, 92.0000, 1380.0000, 9, 6, 'UV油墨-白色出库-VIVO手机标签', '2025-05-02 09:10:00', 0),
(10, 14, 'BH20250503001', 100.0000, 35.0000, 3500.0000, 3, 11, '铜版纸出库-联想电脑标签', '2025-05-05 10:00:00', 0);

SET FOREIGN_KEY_CHECKS = 1;