SET FOREIGN_KEY_CHECKS=0;
SET NAMES utf8mb4;

-- ============================================================
-- DC印刷 ERP 系统业务种子数据 - 丝网印刷行业特色
-- 日期范围: 2025-01-01 ~ 2025-05-12
-- 前置依赖: 用户(1-10), 部门(1-10), 仓库(1-20), 物料(1-35), 客户(1-20), 供应商(1-20), 设备(1-12)
-- 使用 INSERT IGNORE 避免重复插入，不指定自增ID
-- ============================================================

-- ############################################################
-- # 第一部分：基础配置数据
-- ############################################################

-- ============================================================
-- 1. BOM物料清单 (10条)
-- ============================================================
INSERT IGNORE INTO prd_bom (bom_name, product_id, version, total_cost, status, remark, create_by, create_time) VALUES
('空调面板标签BOM', 21, 'V1.0', 1.8500, 1, '美的空调面板标签标准BOM', 2, '2025-01-05 09:00:00'),
('洗衣机面板标签BOM', 22, 'V1.0', 1.6200, 1, '格力洗衣机面板标签标准BOM', 2, '2025-01-06 09:00:00'),
('手机后盖标签BOM', 23, 'V1.0', 2.3500, 1, '华为手机后盖标签标准BOM', 2, '2025-01-07 09:00:00'),
('汽车内饰标签BOM', 24, 'V1.0', 1.2800, 1, '比亚迪汽车内饰标签标准BOM', 2, '2025-01-08 09:00:00'),
('电视背板标签BOM', 25, 'V1.0', 0.9500, 1, 'TCL电视背板标签标准BOM', 2, '2025-01-09 09:00:00'),
('通信设备铭牌BOM', 26, 'V1.0', 3.1000, 1, '中兴通信设备铭牌标准BOM', 2, '2025-01-10 09:00:00'),
('无人机产品标签BOM', 27, 'V1.0', 2.0800, 1, '大疆无人机产品标签标准BOM', 2, '2025-01-11 09:00:00'),
('医疗设备标签BOM', 28, 'V1.0', 2.5600, 1, '迈瑞医疗医疗设备标签标准BOM', 2, '2025-01-12 09:00:00'),
('电池产品标签BOM', 29, 'V1.0', 0.7800, 1, '珠海冠宇电池产品标签标准BOM', 2, '2025-01-13 09:00:00'),
('汽车仪表盘标签BOM', 30, 'V1.0', 1.4500, 1, '广汽汽车仪表盘标签标准BOM', 2, '2025-01-14 09:00:00');

-- ============================================================
-- 2. BOM明细 (40条)
-- ============================================================
INSERT IGNORE INTO prd_bom_detail (bom_id, material_id, material_code, material_name, quantity, unit, loss_rate, remark) VALUES
(1, 2, 'PET-W-0125', 'PET白膜0.125mm', 0.015, 'KG', 3, '基材'),
(1, 8, 'UV-IK-BK', 'UV油墨-黑色', 0.005, 'KG', 5, '丝印油墨'),
(1, 13, 'SP-300', '丝印网版-300目', 0.001, 'PCS', 0, '网版消耗'),
(1, 14, 'DD-FT', '模切刀模-平板', 0.001, 'PCS', 0, '刀模消耗'),
(2, 2, 'PET-W-0125', 'PET白膜0.125mm', 0.015, 'KG', 3, '基材'),
(2, 9, 'UV-IK-WH', 'UV油墨-白色', 0.005, 'KG', 5, '丝印油墨'),
(2, 13, 'SP-300', '丝印网版-300目', 0.001, 'PCS', 0, '网版消耗'),
(2, 14, 'DD-FT', '模切刀模-平板', 0.001, 'PCS', 0, '刀模消耗'),
(3, 1, 'PET-T-010', 'PET透明膜0.1mm', 0.012, 'KG', 3, '基材'),
(3, 12, 'AG-001', '导电银浆-高导电', 0.008, 'G', 8, '导电线路丝印'),
(3, 13, 'SP-300', '丝印网版-300目', 0.001, 'PCS', 0, '网版消耗'),
(3, 14, 'DD-FT', '模切刀模-平板', 0.001, 'PCS', 0, '刀模消耗'),
(4, 4, 'PVC-W-020', 'PVC白膜0.2mm', 0.02, 'KG', 3, '基材'),
(4, 10, 'SL-IK-BK', '溶剂型油墨-黑色', 0.006, 'KG', 5, '丝印油墨'),
(4, 13, 'SP-300', '丝印网版-300目', 0.001, 'PCS', 0, '网版消耗'),
(4, 14, 'DD-FT', '模切刀模-平板', 0.001, 'PCS', 0, '刀模消耗'),
(5, 2, 'PET-W-0125', 'PET白膜0.125mm', 0.012, 'KG', 3, '基材'),
(5, 8, 'UV-IK-BK', 'UV油墨-黑色', 0.004, 'KG', 5, '丝印油墨'),
(5, 13, 'SP-300', '丝印网版-300目', 0.001, 'PCS', 0, '网版消耗'),
(5, 14, 'DD-FT', '模切刀模-平板', 0.001, 'PCS', 0, '刀模消耗'),
(6, 1, 'PET-T-010', 'PET透明膜0.1mm', 0.015, 'KG', 3, '基材'),
(6, 9, 'UV-IK-WH', 'UV油墨-白色', 0.006, 'KG', 5, '丝印油墨'),
(6, 13, 'SP-300', '丝印网版-300目', 0.001, 'PCS', 0, '网版消耗'),
(6, 14, 'DD-FT', '模切刀模-平板', 0.001, 'PCS', 0, '刀模消耗'),
(7, 1, 'PET-T-010', 'PET透明膜0.1mm', 0.012, 'KG', 3, '基材'),
(7, 12, 'AG-001', '导电银浆-高导电', 0.006, 'G', 8, '导电线路丝印'),
(7, 13, 'SP-300', '丝印网版-300目', 0.001, 'PCS', 0, '网版消耗'),
(7, 14, 'DD-FT', '模切刀模-平板', 0.001, 'PCS', 0, '刀模消耗'),
(8, 3, 'PVC-T-015', 'PVC透明膜0.15mm', 0.018, 'KG', 3, '基材'),
(8, 11, 'WT-IK-BK', '水性油墨-黑色', 0.005, 'KG', 5, '丝印油墨'),
(8, 13, 'SP-300', '丝印网版-300目', 0.001, 'PCS', 0, '网版消耗'),
(8, 14, 'DD-FT', '模切刀模-平板', 0.001, 'PCS', 0, '刀模消耗'),
(9, 2, 'PET-W-0125', 'PET白膜0.125mm', 0.01, 'KG', 3, '基材'),
(9, 8, 'UV-IK-BK', 'UV油墨-黑色', 0.004, 'KG', 5, '丝印油墨'),
(9, 13, 'SP-300', '丝印网版-300目', 0.001, 'PCS', 0, '网版消耗'),
(9, 14, 'DD-FT', '模切刀模-平板', 0.001, 'PCS', 0, '刀模消耗'),
(10, 4, 'PVC-W-020', 'PVC白膜0.2mm', 0.018, 'KG', 3, '基材'),
(10, 35, 'SL-IK-WH', '溶剂型油墨-白色', 0.005, 'KG', 5, '丝印油墨'),
(10, 13, 'SP-300', '丝印网版-300目', 0.001, 'PCS', 0, '网版消耗'),
(10, 14, 'DD-FT', '模切刀模-平板', 0.001, 'PCS', 0, '刀模消耗');

-- ============================================================
-- 3. 标准工艺卡 (10条)
-- ============================================================
INSERT IGNORE INTO prd_standard_card (card_no, customer_id, customer_name, product_name, material_name, finished_size, print_method, color_count, status, remark, create_by, create_time) VALUES
('SC-20250105-001', 1, '美的', '空调面板标签', 'PET白膜0.125mm', '200x80mm', 'UV丝印', 2, 1, '双色UV丝印工艺', 3, '2025-01-05 10:00:00'),
('SC-20250106-001', 2, '格力', '洗衣机面板标签', 'PET白膜0.125mm', '180x60mm', 'UV丝印', 1, 1, '单色UV丝印工艺', 3, '2025-01-06 10:00:00'),
('SC-20250107-001', 3, '华为', '手机后盖标签', 'PET透明膜0.1mm', '150x75mm', '导电银浆丝印', 3, 1, '三色含导电线路', 3, '2025-01-07 10:00:00'),
('SC-20250108-001', 4, '比亚迪', '汽车内饰标签', 'PVC白膜0.2mm', '300x150mm', '溶剂型丝印', 2, 1, '双色溶剂型丝印工艺', 3, '2025-01-08 10:00:00'),
('SC-20250109-001', 5, 'TCL', '电视背板标签', 'PET白膜0.125mm', '120x50mm', 'UV丝印', 1, 1, '单色UV丝印工艺', 3, '2025-01-09 10:00:00'),
('SC-20250110-001', 6, '中兴', '通信设备铭牌', 'PET透明膜0.1mm', '100x60mm', 'UV丝印', 2, 1, '双色UV丝印含光油', 3, '2025-01-10 10:00:00'),
('SC-20250111-001', 13, '大疆', '无人机产品标签', 'PET透明膜0.1mm', '80x40mm', '导电银浆丝印', 2, 1, '双色含导电线路', 3, '2025-01-11 10:00:00'),
('SC-20250112-001', 15, '迈瑞医疗', '医疗设备标签', 'PVC透明膜0.15mm', '150x80mm', '水性丝印', 1, 1, '单色水性丝印工艺', 3, '2025-01-12 10:00:00'),
('SC-20250113-001', 16, '珠海冠宇', '电池产品标签', 'PET白膜0.125mm', '100x40mm', 'UV丝印', 1, 1, '单色UV丝印工艺', 3, '2025-01-13 10:00:00'),
('SC-20250114-001', 7, '广汽', '汽车仪表盘标签', 'PVC白膜0.2mm', '250x120mm', '溶剂型丝印', 3, 1, '三色溶剂型丝印工艺', 3, '2025-01-14 10:00:00');

-- ============================================================
-- 4. 油墨主数据 (10条)
-- ============================================================
INSERT IGNORE INTO prd_ink (ink_code, ink_name, ink_type, color_name, brand, specification, unit, status, remark, create_time) VALUES
('IK-UV-BK', 'UV黑色油墨', 'UV', '黑色', '精诚', '1KG/罐', 'KG', 1, 'UV黑色油墨', '2025-01-02 09:00:00'),
('IK-UV-WH', 'UV白色油墨', 'UV', '白色', '精诚', '1KG/罐', 'KG', 1, 'UV白色油墨', '2025-01-02 09:10:00'),
('IK-SL-BK', '溶剂黑色油墨', '溶剂', '黑色', '永盛', '1KG/罐', 'KG', 1, '溶剂黑色油墨', '2025-01-02 09:20:00'),
('IK-SL-WH', '溶剂白色油墨', '溶剂', '白色', '永盛', '1KG/罐', 'KG', 1, '溶剂白色油墨', '2025-01-02 09:30:00'),
('IK-WT-BK', '水性黑色油墨', '水性', '黑色', '紫江', '1KG/罐', 'KG', 1, '水性黑色油墨', '2025-01-02 09:40:00'),
('IK-AG-01', '导电银浆', '导电', '银色', '特种', '100G/瓶', 'G', 1, '导电银浆', '2025-01-02 09:50:00'),
('IK-SR-BL', '丝印蓝色油墨', '丝印', '蓝色', '精诚', '1KG/罐', 'KG', 1, '丝印蓝色油墨', '2025-01-02 09:60:00'),
('IK-SR-YL', '丝印黄色油墨', '丝印', '黄色', '精诚', '1KG/罐', 'KG', 1, '丝印黄色油墨', '2025-01-02 09:70:00'),
('IK-UV-GH', 'UV光油', 'UV', '透明', '精诚', '1KG/罐', 'KG', 1, 'UV光油', '2025-01-02 09:80:00'),
('IK-DL-01', '稀释剂-标准型', '溶剂', '透明', '永盛', '1L/瓶', 'L', 1, '稀释剂-标准型', '2025-01-02 09:90:00');

-- ============================================================
-- 5. 网版主数据 (10条)
-- ============================================================
INSERT IGNORE INTO prd_screen_plate (plate_code, plate_name, mesh_count, specification, status, total_usage, max_usage, effective_date, expire_date, remark, create_time) VALUES
('SP-300-01', '300目网版-标准型', 300, '300目/铝合金框/500x400mm', 1, 0, 5000, '2025-01-01', '2025-12-31', '300目网版-标准型', '2025-01-01 09:00:00'),
('SP-200-01', '200目网版-粗网型', 200, '200目/铝合金框/600x500mm', 1, 0, 3000, '2025-01-01', '2025-12-31', '200目网版-粗网型', '2025-01-01 09:10:00'),
('SP-350-01', '350目网版-精细型', 350, '350目/铝合金框/400x300mm', 1, 0, 4000, '2025-01-01', '2025-12-31', '350目网版-精细型', '2025-01-01 09:20:00'),
('SP-250-01', '250目网版-通用型', 250, '250目/铝合金框/500x400mm', 1, 0, 4500, '2025-01-01', '2025-12-31', '250目网版-通用型', '2025-01-01 09:30:00'),
('SP-150-01', '150目网版-厚墨型', 150, '150目/铝合金框/600x500mm', 1, 0, 2000, '2025-01-01', '2025-12-31', '150目网版-厚墨型', '2025-01-01 09:40:00'),
('SP-400-01', '400目网版-超精细型', 400, '400目/铝合金框/300x250mm', 1, 0, 3500, '2025-01-01', '2025-12-31', '400目网版-超精细型', '2025-01-01 09:50:00'),
('SP-180-01', '180目网版-大面积型', 180, '180目/铝合金框/800x600mm', 1, 0, 2500, '2025-01-01', '2025-12-31', '180目网版-大面积型', '2025-01-01 09:60:00'),
('SP-320-01', '320目网版-高精度型', 320, '320目/铝合金框/400x300mm', 1, 0, 3800, '2025-01-01', '2025-12-31', '320目网版-高精度型', '2025-01-01 09:70:00'),
('SP-280-01', '280目网版-常规型', 280, '280目/铝合金框/500x400mm', 1, 0, 4200, '2025-01-01', '2025-12-31', '280目网版-常规型', '2025-01-01 09:80:00'),
('SP-220-01', '220目网版-半粗型', 220, '220目/铝合金框/600x500mm', 1, 0, 3500, '2025-01-01', '2025-12-31', '220目网版-半粗型', '2025-01-01 09:90:00');

-- ============================================================
-- 6. 刀模主数据 (10条)
-- ============================================================
INSERT IGNORE INTO prd_die (die_code, die_name, die_type, specification, status, total_usage, max_usage, effective_date, expire_date, remark, create_time) VALUES
('DD-FT-01', '平板刀模-标准型', '平板', '200x80mm/单刀', 1, 0, 100000, '2025-01-01', '2025-12-31', '平板刀模-标准型', '2025-01-01 09:00:00'),
('DD-FT-02', '平板刀模-精密型', '平板', '150x75mm/单刀', 1, 0, 80000, '2025-01-01', '2025-12-31', '平板刀模-精密型', '2025-01-01 09:10:00'),
('DD-RD-01', '圆刀模-标准型', '圆刀', '300x150mm/单刀', 1, 0, 200000, '2025-01-01', '2025-12-31', '圆刀模-标准型', '2025-01-01 09:20:00'),
('DD-FT-03', '平板刀模-大型', '平板', '300x150mm/单刀', 1, 0, 60000, '2025-01-01', '2025-12-31', '平板刀模-大型', '2025-01-01 09:30:00'),
('DD-RD-02', '圆刀模-精密型', '圆刀', '180x60mm/单刀', 1, 0, 150000, '2025-01-01', '2025-12-31', '圆刀模-精密型', '2025-01-01 09:40:00'),
('DD-FT-04', '平板刀模-小型', '平板', '100x40mm/单刀', 1, 0, 120000, '2025-01-01', '2025-12-31', '平板刀模-小型', '2025-01-01 09:50:00'),
('DD-FT-05', '平板刀模-异形', '平板', '250x120mm/多刀', 1, 0, 50000, '2025-01-01', '2025-12-31', '平板刀模-异形', '2025-01-01 09:60:00'),
('DD-RD-03', '圆刀模-高速型', '圆刀', '200x80mm/双刀', 1, 0, 250000, '2025-01-01', '2025-12-31', '圆刀模-高速型', '2025-01-01 09:70:00'),
('DD-FT-06', '平板刀模-多工位', '平板', '400x300mm/多刀', 1, 0, 40000, '2025-01-01', '2025-12-31', '平板刀模-多工位', '2025-01-01 09:80:00'),
('DD-RD-04', '圆刀模-多功能型', '圆刀', '250x120mm/双刀', 1, 0, 180000, '2025-01-01', '2025-12-31', '圆刀模-多功能型', '2025-01-01 09:90:00');

-- ============================================================
-- 7. 油墨配方 (10条)
-- ============================================================
INSERT IGNORE INTO ink_formula (formula_no, formula_name, pantone_code, color_name, color_code, ink_type, base_ink_type, total_weight, unit, shelf_life_hours, status, remark, create_time) VALUES
('IF-20250105-001', '空调面板黑-专色', 'PANTONE Black 6 C', '深黑', '#1A1A1A', 'UV', 'UV', 0.5, 'KG', 72, 1, '美的空调面板专用黑色配方', '2025-01-05 10:00:00'),
('IF-20250106-001', '洗衣机面板白-专色', 'PANTONE White', '纯白', '#FFFFFF', 'UV', 'UV', 0.45, 'KG', 72, 1, '格力洗衣机面板专用白色配方', '2025-01-06 10:00:00'),
('IF-20250107-001', '手机后盖银浆-导电', 'N/A', '银色', '#C0C0C0', '导电', '导电', 0.2, 'KG', 48, 1, '华为手机后盖导电线路配方', '2025-01-07 10:00:00'),
('IF-20250108-001', '汽车内饰灰-专色', 'PANTONE Cool Gray 8 C', '深灰', '#5A5A5A', '溶剂', '溶剂', 0.55, 'KG', 48, 1, '比亚迪汽车内饰灰色配方', '2025-01-08 10:00:00'),
('IF-20250109-001', '电视背板黑-专色', 'PANTONE Black 7 C', '亮黑', '#0D0D0D', 'UV', 'UV', 0.4, 'KG', 72, 1, 'TCL电视背板黑色配方', '2025-01-09 10:00:00'),
('IF-20250110-001', '通信铭牌白-专色', 'PANTONE 11-0601 TCX', '亮白', '#F5F5F5', 'UV', 'UV', 0.48, 'KG', 72, 1, '中兴通信铭牌白色配方', '2025-01-10 10:00:00'),
('IF-20250111-001', '无人机标签银-导电', 'N/A', '浅银', '#D4D4D4', '导电', '导电', 0.18, 'KG', 48, 1, '大疆无人机导电线路配方', '2025-01-11 10:00:00'),
('IF-20250112-001', '医疗标签黑-环保', 'PANTONE Black 6 C', '哑黑', '#2A2A2A', '水性', '水性', 0.42, 'KG', 36, 1, '迈瑞医疗环保黑色配方', '2025-01-12 10:00:00'),
('IF-20250113-001', '电池标签黑-专色', 'PANTONE Process Black C', '标准黑', '#333333', 'UV', 'UV', 0.35, 'KG', 72, 1, '冠宇电池标签黑色配方', '2025-01-13 10:00:00'),
('IF-20250114-001', '仪表盘灰-专色', 'PANTONE Cool Gray 6 C', '中灰', '#8C8C8C', '溶剂', '溶剂', 0.5, 'KG', 48, 1, '广汽仪表盘灰色配方', '2025-01-14 10:00:00');

-- ############################################################
-- # 第二部分：采购管理
-- ############################################################

-- ============================================================
-- 8. 采购申请 (20条)
-- ============================================================
INSERT IGNORE INTO pur_request (request_no, request_date, requester_id, requester_name, urgency_level, status, remark, create_by, create_time) VALUES
('PR-20250105-001', '2025-01-05', 5, '刘洋', 'normal', 'completed', '1月份PET薄膜常规采购', 5, '2025-01-05 09:00:00'),
('PR-20250108-001', '2025-01-08', 5, '刘洋', 'normal', 'completed', '1月份PVC薄膜常规采购', 5, '2025-01-08 09:00:00'),
('PR-20250112-001', '2025-01-12', 5, '刘洋', 'urgent', 'completed', 'UV油墨紧急补货', 5, '2025-01-12 09:00:00'),
('PR-20250118-001', '2025-01-18', 8, '孙丽', 'normal', 'completed', '不干胶铜版纸采购', 8, '2025-01-18 09:00:00'),
('PR-20250125-001', '2025-01-25', 5, '刘洋', 'normal', 'completed', '2月份薄膜原料采购', 5, '2025-01-25 09:00:00'),
('PR-20250201-001', '2025-02-01', 5, '刘洋', 'urgent', 'completed', '导电银浆紧急采购-华为订单', 5, '2025-02-01 09:00:00'),
('PR-20250205-001', '2025-02-05', 8, '孙丽', 'normal', 'completed', '溶剂型油墨采购', 8, '2025-02-05 09:00:00'),
('PR-20250210-001', '2025-02-10', 5, '刘洋', 'normal', 'completed', '2月中旬薄膜补货', 5, '2025-02-10 09:00:00'),
('PR-20250218-001', '2025-02-18', 5, '刘洋', 'critical', 'completed', '稀释剂紧急采购-库存告急', 5, '2025-02-18 09:00:00'),
('PR-20250225-001', '2025-02-25', 8, '孙丽', 'normal', 'completed', '3月份原料采购计划', 8, '2025-02-25 09:00:00'),
('PR-20250303-001', '2025-03-03', 5, '刘洋', 'normal', 'completed', '3月份薄膜原料采购', 5, '2025-03-03 09:00:00'),
('PR-20250310-001', '2025-03-10', 5, '刘洋', 'urgent', 'completed', 'UV油墨紧急补货-美的订单', 5, '2025-03-10 09:00:00'),
('PR-20250315-001', '2025-03-15', 8, '孙丽', 'normal', 'approved', '水性油墨采购-医疗标签', 8, '2025-03-15 09:00:00'),
('PR-20250320-001', '2025-03-20', 5, '刘洋', 'normal', 'approved', '3月下旬薄膜采购', 5, '2025-03-20 09:00:00'),
('PR-20250328-001', '2025-03-28', 5, '刘洋', 'normal', 'pending', '4月份原料采购计划', 5, '2025-03-28 09:00:00'),
('PR-20250405-001', '2025-04-05', 8, '孙丽', 'urgent', 'pending', '丝印网版紧急采购', 8, '2025-04-05 09:00:00'),
('PR-20250410-001', '2025-04-10', 5, '刘洋', 'normal', 'pending', '4月中旬薄膜采购', 5, '2025-04-10 09:00:00'),
('PR-20250418-001', '2025-04-18', 5, '刘洋', 'normal', 'draft', '4月下旬原料采购', 5, '2025-04-18 09:00:00'),
('PR-20250425-001', '2025-04-25', 8, '孙丽', 'normal', 'draft', '5月份原料采购计划', 8, '2025-04-25 09:00:00'),
('PR-20250505-001', '2025-05-05', 5, '刘洋', 'urgent', 'draft', '导电银浆紧急补货', 5, '2025-05-05 09:00:00');

-- ============================================================
-- 9. 采购申请明细 (40条)
-- ============================================================
INSERT IGNORE INTO pur_request_item (request_id, material_id, material_code, material_name, quantity, required_date, remark) VALUES
(1, 1, 'PET-T-010', 'PET透明膜0.1mm', 500.000, '2025-01-12', '常规采购'),
(1, 2, 'PET-W-0125', 'PET白膜0.125mm', 800.000, '2025-01-12', '常规采购'),
(2, 3, 'PVC-T-015', 'PVC透明膜0.15mm', 400.000, '2025-01-15', '常规采购'),
(2, 4, 'PVC-W-020', 'PVC白膜0.2mm', 600.000, '2025-01-15', '常规采购'),
(3, 8, 'UV-IK-BK', 'UV油墨-黑色', 50.000, '2025-01-15', '紧急补货'),
(3, 9, 'UV-IK-WH', 'UV油墨-白色', 30.000, '2025-01-15', '紧急补货'),
(4, 7, 'PA-80G', '不干胶铜版纸80g', 300.000, '2025-01-25', '常规采购'),
(5, 1, 'PET-T-010', 'PET透明膜0.1mm', 600.000, '2025-02-01', '2月采购'),
(5, 2, 'PET-W-0125', 'PET白膜0.125mm', 900.000, '2025-02-01', '2月采购'),
(5, 5, 'BOPP-T-008', 'BOPP透明膜0.08mm', 300.000, '2025-02-01', '2月采购'),
(6, 12, 'AG-001', '导电银浆-高导电', 200.000, '2025-02-05', '华为订单专用'),
(7, 10, 'SL-IK-BK', '溶剂型油墨-黑色', 40.000, '2025-02-12', '常规采购'),
(7, 11, 'WT-IK-BK', '水性油墨-黑色', 20.000, '2025-02-12', '常规采购'),
(8, 3, 'PVC-T-015', 'PVC透明膜0.15mm', 500.000, '2025-02-18', '补货'),
(8, 4, 'PVC-W-020', 'PVC白膜0.2mm', 700.000, '2025-02-18', '补货'),
(9, 15, 'DL-STD', '稀释剂-标准型', 100.000, '2025-02-20', '库存告急'),
(10, 1, 'PET-T-010', 'PET透明膜0.1mm', 700.000, '2025-03-05', '3月采购'),
(10, 2, 'PET-W-0125', 'PET白膜0.125mm', 1000.000, '2025-03-05', '3月采购'),
(10, 6, 'PE-P-005', 'PE保护膜0.05mm', 200.000, '2025-03-05', '3月采购'),
(11, 1, 'PET-T-010', 'PET透明膜0.1mm', 650.000, '2025-03-10', '3月采购'),
(11, 2, 'PET-W-0125', 'PET白膜0.125mm', 950.000, '2025-03-10', '3月采购'),
(12, 8, 'UV-IK-BK', 'UV油墨-黑色', 60.000, '2025-03-15', '紧急补货'),
(12, 9, 'UV-IK-WH', 'UV油墨-白色', 40.000, '2025-03-15', '紧急补货'),
(13, 11, 'WT-IK-BK', '水性油墨-黑色', 30.000, '2025-03-22', '医疗标签专用'),
(14, 3, 'PVC-T-015', 'PVC透明膜0.15mm', 550.000, '2025-03-28', '3月下旬采购'),
(14, 4, 'PVC-W-020', 'PVC白膜0.2mm', 750.000, '2025-03-28', '3月下旬采购'),
(15, 1, 'PET-T-010', 'PET透明膜0.1mm', 600.000, '2025-04-05', '4月采购计划'),
(15, 2, 'PET-W-0125', 'PET白膜0.125mm', 800.000, '2025-04-05', '4月采购计划'),
(16, 13, 'SP-300', '丝印网版-300目', 20.000, '2025-04-10', '紧急采购'),
(17, 5, 'BOPP-T-008', 'BOPP透明膜0.08mm', 400.000, '2025-04-18', '4月中旬采购'),
(17, 6, 'PE-P-005', 'PE保护膜0.05mm', 300.000, '2025-04-18', '4月中旬采购'),
(18, 8, 'UV-IK-BK', 'UV油墨-黑色', 50.000, '2025-04-25', '4月下旬采购'),
(18, 9, 'UV-IK-WH', 'UV油墨-白色', 35.000, '2025-04-25', '4月下旬采购'),
(19, 1, 'PET-T-010', 'PET透明膜0.1mm', 700.000, '2025-05-05', '5月采购计划'),
(19, 2, 'PET-W-0125', 'PET白膜0.125mm', 900.000, '2025-05-05', '5月采购计划'),
(19, 3, 'PVC-T-015', 'PVC透明膜0.15mm', 500.000, '2025-05-05', '5月采购计划'),
(20, 12, 'AG-001', '导电银浆-高导电', 150.000, '2025-05-10', '紧急补货'),
(20, 15, 'DL-STD', '稀释剂-标准型', 80.000, '2025-05-10', '紧急补货'),
(20, 16, 'UV-GH', 'UV光油-高光', 25.000, '2025-05-10', '紧急补货');

-- ============================================================
-- 10. 采购订单 (20条)
-- ============================================================
INSERT IGNORE INTO pur_order (order_no, order_date, supplier_id, supplier_name, total_amount, status, remark, create_by, create_time) VALUES
('PO-20250106-001', '2025-01-06', 1, '东莞鑫达薄膜', 28000.00, 'completed', 'PET薄膜采购', 5, '2025-01-06 09:00:00'),
('PO-20250109-001', '2025-01-09', 2, '佛山顺达PVC', 22000.00, 'completed', 'PVC薄膜采购', 8, '2025-01-09 09:00:00'),
('PO-20250113-001', '2025-01-13', 3, '深圳精诚油墨', 12000.00, 'completed', 'UV油墨紧急采购', 5, '2025-01-13 09:00:00'),
('PO-20250119-001', '2025-01-19', 7, '苏州雅特不干胶', 5400.00, 'completed', '不干胶铜版纸采购', 8, '2025-01-19 09:00:00'),
('PO-20250126-001', '2025-01-26', 1, '东莞鑫达薄膜', 35000.00, 'completed', '2月份薄膜采购', 5, '2025-01-26 09:00:00'),
('PO-20250202-001', '2025-02-02', 10, '深圳特种油墨', 18000.00, 'completed', '导电银浆紧急采购', 8, '2025-02-02 09:00:00'),
('PO-20250206-001', '2025-02-06', 4, '广州永盛化工', 8500.00, 'completed', '溶剂型油墨采购', 5, '2025-02-06 09:00:00'),
('PO-20250211-001', '2025-02-11', 2, '佛山顺达PVC', 24000.00, 'completed', 'PVC薄膜补货', 8, '2025-02-11 09:00:00'),
('PO-20250219-001', '2025-02-19', 4, '广州永盛化工', 3000.00, 'completed', '稀释剂紧急采购', 5, '2025-02-19 09:00:00'),
('PO-20250226-001', '2025-02-26', 1, '东莞鑫达薄膜', 38000.00, 'completed', '3月份薄膜采购', 8, '2025-02-26 09:00:00'),
('PO-20250304-001', '2025-03-04', 1, '东莞鑫达薄膜', 32000.00, 'completed', '3月份PET采购', 5, '2025-03-04 09:00:00'),
('PO-20250311-001', '2025-03-11', 3, '深圳精诚油墨', 15000.00, 'completed', 'UV油墨紧急补货', 8, '2025-03-11 09:00:00'),
('PO-20250316-001', '2025-03-16', 6, '上海紫江油墨', 4800.00, 'approved', '水性油墨采购', 5, '2025-03-16 09:00:00'),
('PO-20250321-001', '2025-03-21', 2, '佛山顺达PVC', 26000.00, 'approved', '3月下旬PVC采购', 8, '2025-03-21 09:00:00'),
('PO-20250329-001', '2025-03-29', 1, '东莞鑫达薄膜', 28000.00, 'pending', '4月份薄膜采购', 5, '2025-03-29 09:00:00'),
('PO-20250406-001', '2025-04-06', 5, '东莞宏达丝网', 8000.00, 'pending', '丝印网版紧急采购', 8, '2025-04-06 09:00:00'),
('PO-20250411-001', '2025-04-11', 12, '惠州天成薄膜', 15000.00, 'pending', 'BOPP薄膜采购', 5, '2025-04-11 09:00:00'),
('PO-20250419-001', '2025-04-19', 3, '深圳精诚油墨', 13000.00, 'draft', '4月下旬油墨采购', 8, '2025-04-19 09:00:00'),
('PO-20250426-001', '2025-04-26', 1, '东莞鑫达薄膜', 40000.00, 'draft', '5月份薄膜采购', 5, '2025-04-26 09:00:00'),
('PO-20250506-001', '2025-05-06', 10, '深圳特种油墨', 22000.00, 'draft', '导电银浆及稀释剂采购', 8, '2025-05-06 09:00:00');

-- ============================================================
-- 11. 采购订单明细 (40条)
-- ============================================================
INSERT IGNORE INTO pur_order_detail (order_id, material_id, material_code, material_name, quantity, unit_price, amount, delivery_date, remark) VALUES
(1, 1, 'PET-T-010', 'PET透明膜0.1mm', 500.000, 20, 10000.00, '2025-01-13', '常规交期'),
(1, 2, 'PET-W-0125', 'PET白膜0.125mm', 800.000, 22.5, 18000.00, '2025-01-13', '常规交期'),
(2, 3, 'PVC-T-015', 'PVC透明膜0.15mm', 400.000, 18, 7200.00, '2025-01-16', '常规交期'),
(2, 4, 'PVC-W-020', 'PVC白膜0.2mm', 600.000, 24.67, 14802.00, '2025-01-16', '常规交期'),
(3, 8, 'UV-IK-BK', 'UV油墨-黑色', 50.000, 120, 6000.00, '2025-01-17', '常规交期'),
(3, 9, 'UV-IK-WH', 'UV油墨-白色', 30.000, 200, 6000.00, '2025-01-17', '常规交期'),
(4, 7, 'PA-80G', '不干胶铜版纸80g', 300.000, 18, 5400.00, '2025-01-26', '常规交期'),
(5, 1, 'PET-T-010', 'PET透明膜0.1mm', 600.000, 20, 12000.00, '2025-02-02', '常规交期'),
(5, 2, 'PET-W-0125', 'PET白膜0.125mm', 900.000, 22.5, 20250.00, '2025-02-02', '常规交期'),
(5, 5, 'BOPP-T-008', 'BOPP透明膜0.08mm', 300.000, 15, 4500.00, '2025-02-02', '常规交期'),
(6, 12, 'AG-001', '导电银浆-高导电', 200.000, 90, 18000.00, '2025-02-08', '常规交期'),
(7, 10, 'SL-IK-BK', '溶剂型油墨-黑色', 40.000, 85, 3400.00, '2025-02-13', '常规交期'),
(7, 11, 'WT-IK-BK', '水性油墨-黑色', 20.000, 255, 5100.00, '2025-02-13', '常规交期'),
(8, 3, 'PVC-T-015', 'PVC透明膜0.15mm', 500.000, 18, 9000.00, '2025-02-18', '常规交期'),
(8, 4, 'PVC-W-020', 'PVC白膜0.2mm', 700.000, 21.43, 15001.00, '2025-02-18', '常规交期'),
(9, 15, 'DL-STD', '稀释剂-标准型', 100.000, 30, 3000.00, '2025-02-22', '常规交期'),
(10, 1, 'PET-T-010', 'PET透明膜0.1mm', 700.000, 20, 14000.00, '2025-03-05', '常规交期'),
(10, 2, 'PET-W-0125', 'PET白膜0.125mm', 1000.000, 22.5, 22500.00, '2025-03-05', '常规交期'),
(10, 6, 'PE-P-005', 'PE保护膜0.05mm', 200.000, 12.5, 2500.00, '2025-03-05', '常规交期'),
(11, 1, 'PET-T-010', 'PET透明膜0.1mm', 650.000, 20, 13000.00, '2025-03-10', '常规交期'),
(11, 2, 'PET-W-0125', 'PET白膜0.125mm', 950.000, 20, 19000.00, '2025-03-10', '常规交期'),
(12, 8, 'UV-IK-BK', 'UV油墨-黑色', 60.000, 120, 7200.00, '2025-03-16', '常规交期'),
(12, 9, 'UV-IK-WH', 'UV油墨-白色', 40.000, 195, 7800.00, '2025-03-16', '常规交期'),
(13, 11, 'WT-IK-BK', '水性油墨-黑色', 30.000, 160, 4800.00, '2025-03-23', '常规交期'),
(14, 3, 'PVC-T-015', 'PVC透明膜0.15mm', 550.000, 18, 9900.00, '2025-03-28', '常规交期'),
(14, 4, 'PVC-W-020', 'PVC白膜0.2mm', 750.000, 21.47, 16102.50, '2025-03-28', '常规交期'),
(15, 1, 'PET-T-010', 'PET透明膜0.1mm', 600.000, 20, 12000.00, '2025-04-05', '常规交期'),
(15, 2, 'PET-W-0125', 'PET白膜0.125mm', 800.000, 20, 16000.00, '2025-04-05', '常规交期'),
(16, 13, 'SP-300', '丝印网版-300目', 20.000, 400, 8000.00, '2025-04-12', '常规交期'),
(17, 5, 'BOPP-T-008', 'BOPP透明膜0.08mm', 400.000, 15, 6000.00, '2025-04-18', '常规交期'),
(17, 6, 'PE-P-005', 'PE保护膜0.05mm', 300.000, 15, 4500.00, '2025-04-18', '常规交期'),
(17, 8, 'UV-IK-BK', 'UV油墨-黑色', 50.000, 120, 6000.00, '2025-04-18', '常规交期'),
(18, 8, 'UV-IK-BK', 'UV油墨-黑色', 50.000, 120, 6000.00, '2025-04-25', '常规交期'),
(18, 9, 'UV-IK-WH', 'UV油墨-白色', 35.000, 200, 7000.00, '2025-04-25', '常规交期'),
(19, 1, 'PET-T-010', 'PET透明膜0.1mm', 700.000, 20, 14000.00, '2025-05-03', '常规交期'),
(19, 2, 'PET-W-0125', 'PET白膜0.125mm', 900.000, 22.22, 19998.00, '2025-05-03', '常规交期'),
(19, 3, 'PVC-T-015', 'PVC透明膜0.15mm', 500.000, 12, 6000.00, '2025-05-03', '常规交期'),
(20, 12, 'AG-001', '导电银浆-高导电', 150.000, 90, 13500.00, '2025-05-12', '常规交期'),
(20, 15, 'DL-STD', '稀释剂-标准型', 80.000, 30, 2400.00, '2025-05-12', '常规交期'),
(20, 16, 'UV-GH', 'UV光油-高光', 25.000, 244, 6100.00, '2025-05-12', '常规交期');

-- ############################################################
-- # 第三部分：销售管理
-- ############################################################

-- ============================================================
-- 12. 销售订单 (20条)
-- ============================================================
INSERT IGNORE INTO sal_order (order_no, order_date, customer_id, customer_name, salesman_id, salesman_name, total_amount, status, remark, create_by, create_time) VALUES
('SO-20250108-001', '2025-01-08', 1, '美的', 2, '张伟', 85000.00, 'completed', '空调面板标签批量订单', 2, '2025-01-08 09:00:00'),
('SO-20250110-001', '2025-01-10', 2, '格力', 2, '张伟', 62000.00, 'completed', '洗衣机面板标签订单', 2, '2025-01-10 09:00:00'),
('SO-20250115-001', '2025-01-15', 3, '华为', 3, '李娜', 120000.00, 'completed', '手机后盖标签高端订单', 3, '2025-01-15 09:00:00'),
('SO-20250120-001', '2025-01-20', 4, '比亚迪', 2, '张伟', 45000.00, 'completed', '汽车内饰标签订单', 2, '2025-01-20 09:00:00'),
('SO-20250125-001', '2025-01-25', 5, 'TCL', 3, '李娜', 28000.00, 'completed', '电视背板标签订单', 3, '2025-01-25 09:00:00'),
('SO-20250201-001', '2025-02-01', 6, '中兴', 2, '张伟', 95000.00, 'completed', '通信设备铭牌订单', 2, '2025-02-01 09:00:00'),
('SO-20250205-001', '2025-02-05', 13, '大疆', 3, '李娜', 56000.00, 'completed', '无人机产品标签订单', 3, '2025-02-05 09:00:00'),
('SO-20250210-001', '2025-02-10', 15, '迈瑞医疗', 2, '张伟', 78000.00, 'completed', '医疗设备标签订单', 2, '2025-02-10 09:00:00'),
('SO-20250215-001', '2025-02-15', 16, '珠海冠宇', 3, '李娜', 32000.00, 'completed', '电池产品标签订单', 3, '2025-02-15 09:00:00'),
('SO-20250220-001', '2025-02-20', 7, '广汽', 2, '张伟', 68000.00, 'completed', '汽车仪表盘标签订单', 2, '2025-02-20 09:00:00'),
('SO-20250228-001', '2025-02-28', 8, '海信', 3, '李娜', 35000.00, 'completed', '家电标签补货订单', 3, '2025-02-28 09:00:00'),
('SO-20250305-001', '2025-03-05', 9, '小米', 2, '张伟', 52000.00, 'completed', '手机标签订单', 2, '2025-03-05 09:00:00'),
('SO-20250310-001', '2025-03-10', 1, '美的', 2, '张伟', 92000.00, 'completed', '空调面板标签追加订单', 2, '2025-03-10 09:00:00'),
('SO-20250315-001', '2025-03-15', 3, '华为', 3, '李娜', 135000.00, 'approved', '手机后盖标签追加订单', 3, '2025-03-15 09:00:00'),
('SO-20250320-001', '2025-03-20', 4, '比亚迪', 2, '张伟', 58000.00, 'approved', '汽车内饰标签追加订单', 2, '2025-03-20 09:00:00'),
('SO-20250328-001', '2025-03-28', 10, 'OPPO', 3, '李娜', 42000.00, 'pending', '手机标签新订单', 3, '2025-03-28 09:00:00'),
('SO-20250405-001', '2025-04-05', 11, 'vivo', 2, '张伟', 48000.00, 'pending', '手机标签订单', 2, '2025-04-05 09:00:00'),
('SO-20250412-001', '2025-04-12', 12, '创维', 3, '李娜', 25000.00, 'draft', '电视标签订单', 3, '2025-04-12 09:00:00'),
('SO-20250420-001', '2025-04-20', 14, '广汽乘用车', 2, '张伟', 72000.00, 'draft', '汽车标签批量订单', 2, '2025-04-20 09:00:00'),
('SO-20250428-001', '2025-04-28', 17, '亿纬锂能', 3, '李娜', 38000.00, 'draft', '电池标签订单', 3, '2025-04-28 09:00:00');

-- ============================================================
-- 13. 销售订单明细 (30条)
-- ============================================================
INSERT IGNORE INTO sal_order_detail (order_id, material_id, material_code, material_name, quantity, unit_price, amount, delivery_date, remark) VALUES
(1, 21, 'LBL-AC', '空调面板标签', 50000.000, 1.7, 85000.00, '2025-01-20', '美的空调面板标签'),
(2, 22, 'LBL-WM', '洗衣机面板标签', 40000.000, 1.55, 62000.00, '2025-01-22', '格力洗衣机面板标签'),
(3, 23, 'LBL-MB', '手机后盖标签', 30000.000, 4, 120000.00, '2025-01-28', '华为手机后盖标签'),
(4, 24, 'LBL-AI', '汽车内饰标签', 35000.000, 1.29, 45150.00, '2025-01-30', '比亚迪汽车内饰标签'),
(5, 25, 'LBL-TV', '电视背板标签', 40000.000, 0.7, 28000.00, '2025-02-03', 'TCL电视背板标签'),
(6, 26, 'LBL-CM', '通信设备铭牌', 20000.000, 4.75, 95000.00, '2025-02-10', '中兴通信设备铭牌'),
(7, 27, 'LBL-UAV', '无人机产品标签', 25000.000, 2.24, 56000.00, '2025-02-15', '大疆无人机产品标签'),
(8, 28, 'LBL-MED', '医疗设备标签', 20000.000, 3.9, 78000.00, '2025-02-20', '迈瑞医疗设备标签'),
(9, 29, 'LBL-BAT', '电池产品标签', 50000.000, 0.64, 32000.00, '2025-02-25', '冠宇电池产品标签'),
(10, 30, 'LBL-IC', '汽车仪表盘标签', 30000.000, 2.27, 68100.00, '2025-02-28', '广汽汽车仪表盘标签'),
(11, 25, 'LBL-TV', '电视背板标签', 50000.000, 0.7, 35000.00, '2025-03-08', '海信电视背板标签'),
(12, 23, 'LBL-MB', '手机后盖标签', 20000.000, 2.6, 52000.00, '2025-03-12', '小米手机后盖标签'),
(13, 21, 'LBL-AC', '空调面板标签', 55000.000, 1.67, 91850.00, '2025-03-20', '美的追加订单'),
(14, 23, 'LBL-MB', '手机后盖标签', 35000.000, 3.86, 135100.00, '2025-03-28', '华为追加订单'),
(15, 24, 'LBL-AI', '汽车内饰标签', 40000.000, 1.45, 58000.00, '2025-04-02', '比亚迪追加订单'),
(16, 23, 'LBL-MB', '手机后盖标签', 20000.000, 2.1, 42000.00, '2025-04-08', 'OPPO手机标签'),
(17, 23, 'LBL-MB', '手机后盖标签', 20000.000, 2.4, 48000.00, '2025-04-15', 'vivo手机标签'),
(18, 25, 'LBL-TV', '电视背板标签', 35000.000, 0.71, 24850.00, '2025-04-22', '创维电视标签'),
(19, 24, 'LBL-AI', '汽车内饰标签', 30000.000, 2.4, 72000.00, '2025-04-30', '广汽乘用车标签'),
(20, 29, 'LBL-BAT', '电池产品标签', 55000.000, 0.69, 37950.00, '2025-05-08', '亿纬锂能标签'),
(1, 33, 'BOX-02', '纸箱', 500.000, 6, 3000.00, '2025-01-20', '包装纸箱'),
(3, 33, 'BOX-02', '纸箱', 300.000, 6, 1800.00, '2025-01-28', '包装纸箱'),
(6, 33, 'BOX-02', '纸箱', 200.000, 6, 1200.00, '2025-02-10', '包装纸箱'),
(8, 33, 'BOX-02', '纸箱', 250.000, 6, 1500.00, '2025-02-20', '包装纸箱'),
(10, 33, 'BOX-02', '纸箱', 300.000, 6, 1800.00, '2025-02-28', '包装纸箱'),
(13, 33, 'BOX-02', '纸箱', 550.000, 6, 3300.00, '2025-03-20', '包装纸箱'),
(14, 33, 'BOX-02', '纸箱', 350.000, 6, 2100.00, '2025-03-28', '包装纸箱'),
(15, 34, 'BUB-01', '气泡膜', 100.000, 15, 1500.00, '2025-04-02', '包装气泡膜'),
(19, 34, 'BUB-01', '气泡膜', 150.000, 15, 2250.00, '2025-04-30', '包装气泡膜'),
(20, 34, 'BUB-01', '气泡膜', 120.000, 15, 1800.00, '2025-05-08', '包装气泡膜');

-- ============================================================
-- 14. 发货单 (20条)
-- ============================================================
INSERT IGNORE INTO sal_delivery_order (delivery_no, delivery_date, order_id, order_no, customer_id, customer_name, warehouse_id, total_quantity, status, remark, create_by, create_time) VALUES
('DO-20250108-001', '2025-01-08', 1, 'SO-20250108-001', 1, '美的', 5, 50500.000, 'completed', '美的标签发货', 2, '2025-01-08 09:00:00'),
('DO-20250110-001', '2025-01-10', 2, 'SO-20250110-001', 2, '格力', 5, 40000.000, 'completed', '格力标签发货', 3, '2025-01-10 09:00:00'),
('DO-20250115-001', '2025-01-15', 3, 'SO-20250115-001', 3, '华为', 5, 30300.000, 'completed', '华为标签发货', 2, '2025-01-15 09:00:00'),
('DO-20250120-001', '2025-01-20', 4, 'SO-20250120-001', 4, '比亚迪', 5, 35000.000, 'completed', '比亚迪标签发货', 3, '2025-01-20 09:00:00'),
('DO-20250125-001', '2025-01-25', 5, 'SO-20250125-001', 5, 'TCL', 5, 40000.000, 'completed', 'TCL标签发货', 2, '2025-01-25 09:00:00'),
('DO-20250201-001', '2025-02-01', 6, 'SO-20250201-001', 6, '中兴', 5, 20200.000, 'completed', '中兴标签发货', 3, '2025-02-01 09:00:00'),
('DO-20250205-001', '2025-02-05', 7, 'SO-20250205-001', 13, '大疆', 5, 25000.000, 'completed', '大疆标签发货', 2, '2025-02-05 09:00:00'),
('DO-20250210-001', '2025-02-10', 8, 'SO-20250210-001', 15, '迈瑞医疗', 5, 20250.000, 'completed', '迈瑞医疗标签发货', 3, '2025-02-10 09:00:00'),
('DO-20250215-001', '2025-02-15', 9, 'SO-20250215-001', 16, '珠海冠宇', 5, 50000.000, 'completed', '珠海冠宇标签发货', 2, '2025-02-15 09:00:00'),
('DO-20250220-001', '2025-02-20', 10, 'SO-20250220-001', 7, '广汽', 5, 30300.000, 'completed', '广汽标签发货', 3, '2025-02-20 09:00:00'),
('DO-20250228-001', '2025-02-28', 11, 'SO-20250228-001', 8, '海信', 5, 50000.000, 'completed', '海信标签发货', 2, '2025-02-28 09:00:00'),
('DO-20250305-001', '2025-03-05', 12, 'SO-20250305-001', 9, '小米', 5, 20000.000, 'completed', '小米标签发货', 3, '2025-03-05 09:00:00'),
('DO-20250310-001', '2025-03-10', 13, 'SO-20250310-001', 1, '美的', 5, 55550.000, 'completed', '美的标签发货', 2, '2025-03-10 09:00:00'),
('DO-20250315-001', '2025-03-15', 14, 'SO-20250315-001', 3, '华为', 5, 35350.000, 'approved', '华为标签发货', 3, '2025-03-15 09:00:00'),
('DO-20250320-001', '2025-03-20', 15, 'SO-20250320-001', 4, '比亚迪', 5, 40100.000, 'approved', '比亚迪标签发货', 2, '2025-03-20 09:00:00'),
('DO-20250328-001', '2025-03-28', 16, 'SO-20250328-001', 10, 'OPPO', 5, 20000.000, 'pending', 'OPPO标签发货', 3, '2025-03-28 09:00:00'),
('DO-20250405-001', '2025-04-05', 17, 'SO-20250405-001', 11, 'vivo', 5, 20000.000, 'pending', 'vivo标签发货', 2, '2025-04-05 09:00:00'),
('DO-20250412-001', '2025-04-12', 18, 'SO-20250412-001', 12, '创维', 5, 35000.000, 'draft', '创维标签发货', 3, '2025-04-12 09:00:00'),
('DO-20250420-001', '2025-04-20', 19, 'SO-20250420-001', 14, '广汽乘用车', 5, 30150.000, 'draft', '广汽乘用车标签发货', 2, '2025-04-20 09:00:00'),
('DO-20250428-001', '2025-04-28', 20, 'SO-20250428-001', 17, '亿纬锂能', 5, 55120.000, 'draft', '亿纬锂能标签发货', 3, '2025-04-28 09:00:00');

-- ============================================================
-- 15. 发货单明细 (20条)
-- ============================================================
INSERT IGNORE INTO sal_delivery_order_item (delivery_id, material_id, material_code, material_name, quantity, remark) VALUES
(1, 21, 'LBL-AC', '空调面板标签', 50000.000, '美的空调面板标签发货'),
(2, 22, 'LBL-WM', '洗衣机面板标签', 40000.000, '格力洗衣机面板标签发货'),
(3, 23, 'LBL-MB', '手机后盖标签', 30000.000, '华为手机后盖标签发货'),
(4, 24, 'LBL-AI', '汽车内饰标签', 35000.000, '比亚迪汽车内饰标签发货'),
(5, 25, 'LBL-TV', '电视背板标签', 40000.000, 'TCL电视背板标签发货'),
(6, 26, 'LBL-CM', '通信设备铭牌', 20000.000, '中兴通信设备铭牌发货'),
(7, 27, 'LBL-UAV', '无人机产品标签', 25000.000, '大疆无人机产品标签发货'),
(8, 28, 'LBL-MED', '医疗设备标签', 20000.000, '迈瑞医疗设备标签发货'),
(9, 29, 'LBL-BAT', '电池产品标签', 50000.000, '冠宇电池产品标签发货'),
(10, 30, 'LBL-IC', '汽车仪表盘标签', 30000.000, '广汽汽车仪表盘标签发货'),
(11, 25, 'LBL-TV', '电视背板标签', 50000.000, '海信电视背板标签发货'),
(12, 23, 'LBL-MB', '手机后盖标签', 20000.000, '小米手机后盖标签发货'),
(13, 21, 'LBL-AC', '空调面板标签', 55000.000, '美的追加订单发货'),
(14, 23, 'LBL-MB', '手机后盖标签', 35000.000, '华为追加订单发货'),
(15, 24, 'LBL-AI', '汽车内饰标签', 40000.000, '比亚迪追加订单发货'),
(16, 23, 'LBL-MB', '手机后盖标签', 20000.000, 'OPPO手机标签发货'),
(17, 23, 'LBL-MB', '手机后盖标签', 20000.000, 'vivo手机标签发货'),
(18, 25, 'LBL-TV', '电视背板标签', 35000.000, '创维电视标签发货'),
(19, 24, 'LBL-AI', '汽车内饰标签', 30000.000, '广汽乘用车标签发货'),
(20, 29, 'LBL-BAT', '电池产品标签', 55000.000, '亿纬锂能标签发货');

-- ============================================================
-- 16. 销售对账单 (5条)
-- ============================================================
INSERT IGNORE INTO sal_reconciliation (reconciliation_no, customer_id, customer_name, period_start, period_end, total_amount, status, remark, create_by, create_time) VALUES
('RC-20250131-001', 1, '美的', '2025-01-01', '2025-01-31', 85000.00, 'completed', '1月份美的对账单', 2, '2025-02-03 09:00:00'),
('RC-20250131-002', 2, '格力', '2025-01-01', '2025-01-31', 62000.00, 'completed', '1月份格力对账单', 2, '2025-02-03 09:30:00'),
('RC-20250228-001', 3, '华为', '2025-02-01', '2025-02-28', 120000.00, 'completed', '2月份华为对账单', 3, '2025-03-03 09:00:00'),
('RC-20250228-002', 1, '美的', '2025-02-01', '2025-02-28', 0.00, 'approved', '2月份美的对账单-无业务', 2, '2025-03-03 09:30:00'),
('RC-20250331-001', 1, '美的', '2025-03-01', '2025-03-31', 92000.00, 'pending', '3月份美的对账单', 2, '2025-04-02 09:00:00');

-- ============================================================
-- 17. 对账单明细 (5条)
-- ============================================================
INSERT IGNORE INTO sal_reconciliation_detail (reconciliation_id, order_id, order_no, amount, remark) VALUES
(1, 1, 'SO-20250108-001', 85000.00, '1月份空调面板标签订单'),
(2, 2, 'SO-20250110-001', 62000.00, '1月份洗衣机面板标签订单'),
(3, 3, 'SO-20250115-001', 120000.00, '2月份手机后盖标签订单'),
(4, 0, 'N/A', 0.00, '2月份无业务发生'),
(5, 13, 'SO-20250310-001', 92000.00, '3月份空调面板标签追加订单');

-- ============================================================
-- 18. 销售退货单 (3条)
-- ============================================================
INSERT IGNORE INTO sal_return_order (return_no, return_date, customer_id, customer_name, order_id, order_no, total_amount, reason, status, remark, create_by, create_time) VALUES
('RT-20250215-001', '2025-02-15', 5, 'TCL', 5, 'SO-20250125-001', 2800.00, '电视背板标签印刷偏色，客户不满意要求退货重做', 'completed', '已安排重做', 3, '2025-02-15 09:00:00'),
('RT-20250320-001', '2025-03-20', 9, '小米', 12, 'SO-20250305-001', 5200.00, '手机后盖标签尺寸偏差，超出公差范围', 'completed', '已安排补货', 2, '2025-03-20 09:30:00'),
('RT-20250425-001', '2025-04-25', 4, '比亚迪', 15, 'SO-20250320-001', 2900.00, '汽车内饰标签表面划伤，运输过程损坏', 'pending', '待确认责任', 2, '2025-04-25 10:00:00');

-- ============================================================
-- 19. 退货单明细 (3条)
-- ============================================================
INSERT IGNORE INTO sal_return_order_item (return_id, material_id, material_code, material_name, quantity, unit_price, amount, remark) VALUES
(1, 25, 'LBL-TV', '电视背板标签', 4000.000, 0.70, 2800.00, '印刷偏色退货'),
(2, 23, 'LBL-MB', '手机后盖标签', 2000.000, 2.60, 5200.00, '尺寸偏差退货'),
(3, 24, 'LBL-AI', '汽车内饰标签', 2000.000, 1.45, 2900.00, '表面划伤退货');

-- ############################################################
-- # 第四部分：生产管理
-- ############################################################

-- ============================================================
-- 20. 生产工单 (20条)
-- ============================================================
INSERT IGNORE INTO prod_work_order (work_order_no, work_order_date, sales_order_id, material_id, material_code, material_name, plan_qty, completed_qty, status, priority, workshop, remark, create_by, create_time) VALUES
('WO-20250109-001', '2025-01-09', 1, 21, 'LBL-AC', '空调面板标签', 50000.000, 50000.000, 'completed', 'normal', '商标车间', '空调面板标签生产', 4, '2025-01-09 08:00:00'),
('WO-20250111-001', '2025-01-11', 2, 22, 'LBL-WM', '洗衣机面板标签', 40000.000, 40000.000, 'completed', 'normal', '商标车间', '洗衣机面板标签生产', 4, '2025-01-11 08:00:00'),
('WO-20250116-001', '2025-01-16', 3, 23, 'LBL-MB', '手机后盖标签', 30000.000, 30000.000, 'completed', 'high', '商标车间', '手机后盖标签生产', 4, '2025-01-16 08:00:00'),
('WO-20250121-001', '2025-01-21', 4, 24, 'LBL-AI', '汽车内饰标签', 35000.000, 35000.000, 'completed', 'normal', '模切车间', '汽车内饰标签生产', 4, '2025-01-21 08:00:00'),
('WO-20250126-001', '2025-01-26', 5, 25, 'LBL-TV', '电视背板标签', 40000.000, 40000.000, 'completed', 'normal', '商标车间', '电视背板标签生产', 4, '2025-01-26 08:00:00'),
('WO-20250202-001', '2025-02-02', 6, 26, 'LBL-CM', '通信设备铭牌', 20000.000, 20000.000, 'completed', 'high', '商标车间', '通信设备铭牌生产', 4, '2025-02-02 08:00:00'),
('WO-20250206-001', '2025-02-06', 7, 27, 'LBL-UAV', '无人机产品标签', 25000.000, 25000.000, 'completed', 'urgent', '商标车间', '无人机产品标签生产', 4, '2025-02-06 08:00:00'),
('WO-20250211-001', '2025-02-11', 8, 28, 'LBL-MED', '医疗设备标签', 20000.000, 20000.000, 'completed', 'high', '商标车间', '医疗设备标签生产', 4, '2025-02-11 08:00:00'),
('WO-20250216-001', '2025-02-16', 9, 29, 'LBL-BAT', '电池产品标签', 50000.000, 50000.000, 'completed', 'normal', '模切车间', '电池产品标签生产', 4, '2025-02-16 08:00:00'),
('WO-20250221-001', '2025-02-21', 10, 30, 'LBL-IC', '汽车仪表盘标签', 30000.000, 30000.000, 'completed', 'normal', '模切车间', '汽车仪表盘标签生产', 4, '2025-02-21 08:00:00'),
('WO-20250301-001', '2025-03-01', 11, 25, 'LBL-TV', '电视背板标签', 50000.000, 50000.000, 'completed', 'normal', '商标车间', '电视背板标签生产', 4, '2025-03-01 08:00:00'),
('WO-20250306-001', '2025-03-06', 12, 23, 'LBL-MB', '手机后盖标签', 20000.000, 20000.000, 'completed', 'normal', '商标车间', '手机后盖标签生产', 4, '2025-03-06 08:00:00'),
('WO-20250311-001', '2025-03-11', 13, 21, 'LBL-AC', '空调面板标签', 55000.000, 55000.000, 'completed', 'high', '商标车间', '空调面板标签生产', 4, '2025-03-11 08:00:00'),
('WO-20250316-001', '2025-03-16', 14, 23, 'LBL-MB', '手机后盖标签', 35000.000, 20000.000, 'in_progress', 'urgent', '商标车间', '手机后盖标签生产', 4, '2025-03-16 08:00:00'),
('WO-20250321-001', '2025-03-21', 15, 24, 'LBL-AI', '汽车内饰标签', 40000.000, 15000.000, 'in_progress', 'normal', '模切车间', '汽车内饰标签生产', 4, '2025-03-21 08:00:00'),
('WO-20250329-001', '2025-03-29', 16, 23, 'LBL-MB', '手机后盖标签', 20000.000, 0.000, 'released', 'normal', '商标车间', '手机后盖标签生产', 4, '2025-03-29 08:00:00'),
('WO-20250406-001', '2025-04-06', 17, 23, 'LBL-MB', '手机后盖标签', 20000.000, 0.000, 'released', 'normal', '商标车间', '手机后盖标签生产', 4, '2025-04-06 08:00:00'),
('WO-20250413-001', '2025-04-13', 18, 25, 'LBL-TV', '电视背板标签', 35000.000, 0.000, 'draft', 'low', '商标车间', '电视背板标签生产', 4, '2025-04-13 08:00:00'),
('WO-20250421-001', '2025-04-21', 19, 24, 'LBL-AI', '汽车内饰标签', 30000.000, 0.000, 'draft', 'normal', '模切车间', '汽车内饰标签生产', 4, '2025-04-21 08:00:00'),
('WO-20250429-001', '2025-04-29', 20, 29, 'LBL-BAT', '电池产品标签', 55000.000, 0.000, 'draft', 'normal', '模切车间', '电池产品标签生产', 4, '2025-04-29 08:00:00');

-- ============================================================
-- 21. 工单工序明细 (60条)
-- ============================================================
INSERT IGNORE INTO prod_work_order_item (work_order_id, process_name, process_seq, status, start_time, end_time, operator_id, remark) VALUES
(1, '丝印', 1, 'completed', '2025-01-09 08:30:00', '2025-01-11 17:00:00', 6, '丝印工序'),
(1, '模切', 2, 'completed', '2025-01-12 08:30:00', '2025-01-14 17:00:00', 7, '模切工序'),
(1, '检验包装', 3, 'completed', '2025-01-15 08:30:00', '2025-01-17 17:00:00', 9, '检验包装工序'),
(2, '丝印', 1, 'completed', '2025-01-11 08:30:00', '2025-01-13 17:00:00', 6, '丝印工序'),
(2, '模切', 2, 'completed', '2025-01-14 08:30:00', '2025-01-16 17:00:00', 7, '模切工序'),
(2, '检验包装', 3, 'completed', '2025-01-17 08:30:00', '2025-01-19 17:00:00', 9, '检验包装工序'),
(3, '丝印', 1, 'completed', '2025-01-16 08:30:00', '2025-01-18 17:00:00', 6, '丝印工序'),
(3, '模切', 2, 'completed', '2025-01-19 08:30:00', '2025-01-21 17:00:00', 7, '模切工序'),
(3, '检验包装', 3, 'completed', '2025-01-22 08:30:00', '2025-01-24 17:00:00', 9, '检验包装工序'),
(4, '丝印', 1, 'completed', '2025-01-21 08:30:00', '2025-01-23 17:00:00', 6, '丝印工序'),
(4, '模切', 2, 'completed', '2025-01-24 08:30:00', '2025-01-26 17:00:00', 7, '模切工序'),
(4, '检验包装', 3, 'completed', '2025-01-27 08:30:00', '2025-01-28 17:00:00', 9, '检验包装工序'),
(5, '丝印', 1, 'completed', '2025-01-26 08:30:00', '2025-01-28 17:00:00', 6, '丝印工序'),
(5, '模切', 2, 'completed', '2025-01-28 08:30:00', '2025-01-28 17:00:00', 7, '模切工序'),
(5, '检验包装', 3, 'completed', '2025-01-28 08:30:00', '2025-01-28 17:00:00', 9, '检验包装工序'),
(6, '丝印', 1, 'completed', '2025-02-02 08:30:00', '2025-02-04 17:00:00', 6, '丝印工序'),
(6, '模切', 2, 'completed', '2025-02-05 08:30:00', '2025-02-07 17:00:00', 7, '模切工序'),
(6, '检验包装', 3, 'completed', '2025-02-08 08:30:00', '2025-02-10 17:00:00', 9, '检验包装工序'),
(7, '丝印', 1, 'completed', '2025-02-06 08:30:00', '2025-02-08 17:00:00', 6, '丝印工序'),
(7, '模切', 2, 'completed', '2025-02-09 08:30:00', '2025-02-11 17:00:00', 7, '模切工序'),
(7, '检验包装', 3, 'completed', '2025-02-12 08:30:00', '2025-02-14 17:00:00', 9, '检验包装工序'),
(8, '丝印', 1, 'completed', '2025-02-11 08:30:00', '2025-02-13 17:00:00', 6, '丝印工序'),
(8, '模切', 2, 'completed', '2025-02-14 08:30:00', '2025-02-16 17:00:00', 7, '模切工序'),
(8, '检验包装', 3, 'completed', '2025-02-17 08:30:00', '2025-02-19 17:00:00', 9, '检验包装工序'),
(9, '丝印', 1, 'completed', '2025-02-16 08:30:00', '2025-02-18 17:00:00', 6, '丝印工序'),
(9, '模切', 2, 'completed', '2025-02-19 08:30:00', '2025-02-21 17:00:00', 7, '模切工序'),
(9, '检验包装', 3, 'completed', '2025-02-22 08:30:00', '2025-02-24 17:00:00', 9, '检验包装工序'),
(10, '丝印', 1, 'completed', '2025-02-21 08:30:00', '2025-02-23 17:00:00', 6, '丝印工序'),
(10, '模切', 2, 'completed', '2025-02-24 08:30:00', '2025-02-26 17:00:00', 7, '模切工序'),
(10, '检验包装', 3, 'completed', '2025-02-27 08:30:00', '2025-02-28 17:00:00', 9, '检验包装工序'),
(11, '丝印', 1, 'completed', '2025-03-01 08:30:00', '2025-03-03 17:00:00', 6, '丝印工序'),
(11, '模切', 2, 'completed', '2025-03-04 08:30:00', '2025-03-06 17:00:00', 7, '模切工序'),
(11, '检验包装', 3, 'completed', '2025-03-07 08:30:00', '2025-03-09 17:00:00', 9, '检验包装工序'),
(12, '丝印', 1, 'completed', '2025-03-06 08:30:00', '2025-03-08 17:00:00', 6, '丝印工序'),
(12, '模切', 2, 'completed', '2025-03-09 08:30:00', '2025-03-11 17:00:00', 7, '模切工序'),
(12, '检验包装', 3, 'completed', '2025-03-12 08:30:00', '2025-03-14 17:00:00', 9, '检验包装工序'),
(13, '丝印', 1, 'completed', '2025-03-11 08:30:00', '2025-03-13 17:00:00', 6, '丝印工序'),
(13, '模切', 2, 'completed', '2025-03-14 08:30:00', '2025-03-16 17:00:00', 7, '模切工序'),
(13, '检验包装', 3, 'completed', '2025-03-17 08:30:00', '2025-03-19 17:00:00', 9, '检验包装工序'),
(14, '丝印', 1, 'completed', '2025-03-16 08:30:00', '2025-03-18 17:00:00', 6, '丝印工序'),
(14, '模切', 2, 'pending', NULL, NULL, NULL, '模切工序'),
(14, '检验包装', 3, 'pending', NULL, NULL, NULL, '检验包装工序'),
(15, '丝印', 1, 'completed', '2025-03-21 08:30:00', '2025-03-23 17:00:00', 6, '丝印工序'),
(15, '模切', 2, 'in_progress', '2025-03-24 08:30:00', NULL, 7, '模切工序'),
(15, '检验包装', 3, 'pending', NULL, NULL, NULL, '检验包装工序'),
(16, '丝印', 1, 'pending', NULL, NULL, NULL, '丝印工序'),
(16, '模切', 2, 'pending', NULL, NULL, NULL, '模切工序'),
(16, '检验包装', 3, 'pending', NULL, NULL, NULL, '检验包装工序'),
(17, '丝印', 1, 'pending', NULL, NULL, NULL, '丝印工序'),
(17, '模切', 2, 'pending', NULL, NULL, NULL, '模切工序'),
(17, '检验包装', 3, 'pending', NULL, NULL, NULL, '检验包装工序'),
(18, '丝印', 1, 'pending', NULL, NULL, NULL, '丝印工序'),
(18, '模切', 2, 'pending', NULL, NULL, NULL, '模切工序'),
(18, '检验包装', 3, 'pending', NULL, NULL, NULL, '检验包装工序'),
(19, '丝印', 1, 'pending', NULL, NULL, NULL, '丝印工序'),
(19, '模切', 2, 'pending', NULL, NULL, NULL, '模切工序'),
(19, '检验包装', 3, 'pending', NULL, NULL, NULL, '检验包装工序'),
(20, '丝印', 1, 'pending', NULL, NULL, NULL, '丝印工序'),
(20, '模切', 2, 'pending', NULL, NULL, NULL, '模切工序'),
(20, '检验包装', 3, 'pending', NULL, NULL, NULL, '检验包装工序');

-- ============================================================
-- 22. 生产排产 (20条)
-- ============================================================
INSERT IGNORE INTO prd_schedule (schedule_no, schedule_date, work_order_id, work_order_no, product_id, product_name, workshop, planned_qty, completed_qty, status, remark, create_by, create_time) VALUES
('PS-20250109-001', '2025-01-09', 1, 'WO-20250109-001', 21, '空调面板标签', '商标车间', 50000.000, 50000.000, 'completed', '空调面板标签排产', 4, '2025-01-09 07:30:00'),
('PS-20250111-001', '2025-01-11', 2, 'WO-20250111-001', 22, '洗衣机面板标签', '商标车间', 40000.000, 40000.000, 'completed', '洗衣机面板标签排产', 4, '2025-01-11 07:30:00'),
('PS-20250116-001', '2025-01-16', 3, 'WO-20250116-001', 23, '手机后盖标签', '商标车间', 30000.000, 30000.000, 'completed', '手机后盖标签排产', 4, '2025-01-16 07:30:00'),
('PS-20250121-001', '2025-01-21', 4, 'WO-20250121-001', 24, '汽车内饰标签', '模切车间', 35000.000, 35000.000, 'completed', '汽车内饰标签排产', 4, '2025-01-21 07:30:00'),
('PS-20250126-001', '2025-01-26', 5, 'WO-20250126-001', 25, '电视背板标签', '商标车间', 40000.000, 40000.000, 'completed', '电视背板标签排产', 4, '2025-01-26 07:30:00'),
('PS-20250202-001', '2025-02-02', 6, 'WO-20250202-001', 26, '通信设备铭牌', '商标车间', 20000.000, 20000.000, 'completed', '通信设备铭牌排产', 4, '2025-02-02 07:30:00'),
('PS-20250206-001', '2025-02-06', 7, 'WO-20250206-001', 27, '无人机产品标签', '商标车间', 25000.000, 25000.000, 'completed', '无人机产品标签排产', 4, '2025-02-06 07:30:00'),
('PS-20250211-001', '2025-02-11', 8, 'WO-20250211-001', 28, '医疗设备标签', '商标车间', 20000.000, 20000.000, 'completed', '医疗设备标签排产', 4, '2025-02-11 07:30:00'),
('PS-20250216-001', '2025-02-16', 9, 'WO-20250216-001', 29, '电池产品标签', '模切车间', 50000.000, 50000.000, 'completed', '电池产品标签排产', 4, '2025-02-16 07:30:00'),
('PS-20250221-001', '2025-02-21', 10, 'WO-20250221-001', 30, '汽车仪表盘标签', '模切车间', 30000.000, 30000.000, 'completed', '汽车仪表盘标签排产', 4, '2025-02-21 07:30:00'),
('PS-20250301-001', '2025-03-01', 11, 'WO-20250301-001', 25, '电视背板标签', '商标车间', 50000.000, 50000.000, 'completed', '电视背板标签排产', 4, '2025-03-01 07:30:00'),
('PS-20250306-001', '2025-03-06', 12, 'WO-20250306-001', 23, '手机后盖标签', '商标车间', 20000.000, 20000.000, 'completed', '手机后盖标签排产', 4, '2025-03-06 07:30:00'),
('PS-20250311-001', '2025-03-11', 13, 'WO-20250311-001', 21, '空调面板标签', '商标车间', 55000.000, 55000.000, 'completed', '空调面板标签排产', 4, '2025-03-11 07:30:00'),
('PS-20250316-001', '2025-03-16', 14, 'WO-20250316-001', 23, '手机后盖标签', '商标车间', 35000.000, 20000.000, 'in_progress', '手机后盖标签排产', 4, '2025-03-16 07:30:00'),
('PS-20250321-001', '2025-03-21', 15, 'WO-20250321-001', 24, '汽车内饰标签', '模切车间', 40000.000, 15000.000, 'in_progress', '汽车内饰标签排产', 4, '2025-03-21 07:30:00'),
('PS-20250329-001', '2025-03-29', 16, 'WO-20250329-001', 23, '手机后盖标签', '商标车间', 20000.000, 0.000, 'confirmed', '手机后盖标签排产', 4, '2025-03-29 07:30:00'),
('PS-20250406-001', '2025-04-06', 17, 'WO-20250406-001', 23, '手机后盖标签', '商标车间', 20000.000, 0.000, 'confirmed', '手机后盖标签排产', 4, '2025-04-06 07:30:00'),
('PS-20250413-001', '2025-04-13', 18, 'WO-20250413-001', 25, '电视背板标签', '商标车间', 35000.000, 0.000, 'draft', '电视背板标签排产', 4, '2025-04-13 07:30:00'),
('PS-20250421-001', '2025-04-21', 19, 'WO-20250421-001', 24, '汽车内饰标签', '模切车间', 30000.000, 0.000, 'draft', '汽车内饰标签排产', 4, '2025-04-21 07:30:00'),
('PS-20250429-001', '2025-04-29', 20, 'WO-20250429-001', 29, '电池产品标签', '模切车间', 55000.000, 0.000, 'draft', '电池产品标签排产', 4, '2025-04-29 07:30:00');

-- ============================================================
-- 23. 生产流程卡 (20条)
-- ============================================================
INSERT IGNORE INTO prd_process_card (card_no, work_order_id, customer_id, customer_name, product_name, material_name, finished_size, print_method, color_count, status, remark, create_by, create_time) VALUES
('PC-20250109-001', 1, 1, '美的', '空调面板标签', 'PET白膜0.125mm', '200x80mm', 'UV丝印', 2, 1, '美的空调面板标签流程卡', 3, '2025-01-09 08:00:00'),
('PC-20250111-001', 2, 2, '格力', '洗衣机面板标签', 'PET白膜0.125mm', '180x60mm', 'UV丝印', 1, 1, '格力洗衣机面板标签流程卡', 3, '2025-01-11 08:00:00'),
('PC-20250116-001', 3, 3, '华为', '手机后盖标签', 'PET透明膜0.1mm', '150x75mm', '导电银浆丝印', 3, 1, '华为手机后盖标签流程卡', 3, '2025-01-16 08:00:00'),
('PC-20250121-001', 4, 4, '比亚迪', '汽车内饰标签', 'PVC白膜0.2mm', '300x150mm', '溶剂型丝印', 2, 1, '比亚迪汽车内饰标签流程卡', 3, '2025-01-21 08:00:00'),
('PC-20250126-001', 5, 5, 'TCL', '电视背板标签', 'PET白膜0.125mm', '120x50mm', 'UV丝印', 1, 1, 'TCL电视背板标签流程卡', 3, '2025-01-26 08:00:00'),
('PC-20250202-001', 6, 6, '中兴', '通信设备铭牌', 'PET透明膜0.1mm', '100x60mm', 'UV丝印', 2, 1, '中兴通信设备铭牌流程卡', 3, '2025-02-02 08:00:00'),
('PC-20250206-001', 7, 13, '大疆', '无人机产品标签', 'PET透明膜0.1mm', '80x40mm', '导电银浆丝印', 2, 1, '大疆无人机产品标签流程卡', 3, '2025-02-06 08:00:00'),
('PC-20250211-001', 8, 15, '迈瑞医疗', '医疗设备标签', 'PVC透明膜0.15mm', '150x80mm', '水性丝印', 1, 1, '迈瑞医疗医疗设备标签流程卡', 3, '2025-02-11 08:00:00'),
('PC-20250216-001', 9, 16, '珠海冠宇', '电池产品标签', 'PET白膜0.125mm', '100x40mm', 'UV丝印', 1, 1, '珠海冠宇电池产品标签流程卡', 3, '2025-02-16 08:00:00'),
('PC-20250221-001', 10, 7, '广汽', '汽车仪表盘标签', 'PVC白膜0.2mm', '250x120mm', '溶剂型丝印', 3, 1, '广汽汽车仪表盘标签流程卡', 3, '2025-02-21 08:00:00'),
('PC-20250301-001', 11, 8, '海信', '电视背板标签', 'PET白膜0.125mm', '120x50mm', 'UV丝印', 1, 1, '海信电视背板标签流程卡', 3, '2025-03-01 08:00:00'),
('PC-20250306-001', 12, 9, '小米', '手机后盖标签', 'PET透明膜0.1mm', '150x75mm', '导电银浆丝印', 2, 1, '小米手机后盖标签流程卡', 3, '2025-03-06 08:00:00'),
('PC-20250311-001', 13, 1, '美的', '空调面板标签', 'PET白膜0.125mm', '200x80mm', 'UV丝印', 2, 1, '美的空调面板标签流程卡', 3, '2025-03-11 08:00:00'),
('PC-20250316-001', 14, 3, '华为', '手机后盖标签', 'PET透明膜0.1mm', '150x75mm', '导电银浆丝印', 3, 0, '华为手机后盖标签流程卡', 3, '2025-03-16 08:00:00'),
('PC-20250321-001', 15, 4, '比亚迪', '汽车内饰标签', 'PVC白膜0.2mm', '300x150mm', '溶剂型丝印', 2, 0, '比亚迪汽车内饰标签流程卡', 3, '2025-03-21 08:00:00'),
('PC-20250329-001', 16, 10, 'OPPO', '手机后盖标签', 'PET透明膜0.1mm', '150x75mm', '导电银浆丝印', 2, 0, 'OPPO手机后盖标签流程卡', 3, '2025-03-29 08:00:00'),
('PC-20250406-001', 17, 11, 'vivo', '手机后盖标签', 'PET透明膜0.1mm', '150x75mm', '导电银浆丝印', 2, 0, 'vivo手机后盖标签流程卡', 3, '2025-04-06 08:00:00'),
('PC-20250413-001', 18, 12, '创维', '电视背板标签', 'PET白膜0.125mm', '120x50mm', 'UV丝印', 1, 0, '创维电视背板标签流程卡', 3, '2025-04-13 08:00:00'),
('PC-20250421-001', 19, 14, '广汽乘用车', '汽车内饰标签', 'PVC白膜0.2mm', '300x150mm', '溶剂型丝印', 2, 0, '广汽乘用车汽车内饰标签流程卡', 3, '2025-04-21 08:00:00'),
('PC-20250429-001', 20, 17, '亿纬锂能', '电池产品标签', 'PET白膜0.125mm', '100x40mm', 'UV丝印', 1, 0, '亿纬锂能电池产品标签流程卡', 3, '2025-04-29 08:00:00');

-- ============================================================
-- 24. 领料单 (20条)
-- ============================================================
INSERT IGNORE INTO prd_material_issue (issue_no, work_order_id, work_order_no, type, status, applicant_id, remark, create_by, create_time) VALUES
('MI-20250109-001', 1, 'WO-20250109-001', 'issue', 'completed', 6, '空调面板标签领料', 6, '2025-01-09 07:00:00'),
('MI-20250111-001', 2, 'WO-20250111-001', 'issue', 'completed', 7, '洗衣机面板标签领料', 7, '2025-01-11 07:00:00'),
('MI-20250116-001', 3, 'WO-20250116-001', 'issue', 'completed', 6, '手机后盖标签领料', 6, '2025-01-16 07:00:00'),
('MI-20250121-001', 4, 'WO-20250121-001', 'issue', 'completed', 7, '汽车内饰标签领料', 7, '2025-01-21 07:00:00'),
('MI-20250126-001', 5, 'WO-20250126-001', 'issue', 'completed', 6, '电视背板标签领料', 6, '2025-01-26 07:00:00'),
('MI-20250202-001', 6, 'WO-20250202-001', 'issue', 'completed', 7, '通信设备铭牌领料', 7, '2025-02-02 07:00:00'),
('MI-20250206-001', 7, 'WO-20250206-001', 'issue', 'completed', 6, '无人机产品标签领料', 6, '2025-02-06 07:00:00'),
('MI-20250211-001', 8, 'WO-20250211-001', 'issue', 'completed', 7, '医疗设备标签领料', 7, '2025-02-11 07:00:00'),
('MI-20250216-001', 9, 'WO-20250216-001', 'issue', 'completed', 6, '电池产品标签领料', 6, '2025-02-16 07:00:00'),
('MI-20250221-001', 10, 'WO-20250221-001', 'issue', 'completed', 7, '汽车仪表盘标签领料', 7, '2025-02-21 07:00:00'),
('MI-20250301-001', 11, 'WO-20250301-001', 'issue', 'completed', 6, '电视背板标签领料', 6, '2025-03-01 07:00:00'),
('MI-20250306-001', 12, 'WO-20250306-001', 'issue', 'completed', 7, '手机后盖标签领料', 7, '2025-03-06 07:00:00'),
('MI-20250311-001', 13, 'WO-20250311-001', 'issue', 'completed', 6, '空调面板标签领料', 6, '2025-03-11 07:00:00'),
('MI-20250316-001', 14, 'WO-20250316-001', 'issue', 'completed', 7, '手机后盖标签领料', 7, '2025-03-16 07:00:00'),
('MI-20250321-001', 15, 'WO-20250321-001', 'issue', 'approved', 6, '汽车内饰标签领料', 6, '2025-03-21 07:00:00'),
('MI-20250329-001', 16, 'WO-20250329-001', 'issue', 'pending', 7, '手机后盖标签领料', 7, '2025-03-29 07:00:00'),
('MI-20250406-001', 17, 'WO-20250406-001', 'issue', 'pending', 6, '手机后盖标签领料', 6, '2025-04-06 07:00:00'),
('MI-20250413-001', 18, 'WO-20250413-001', 'issue', 'draft', 7, '电视背板标签领料', 7, '2025-04-13 07:00:00'),
('MI-20250421-001', 19, 'WO-20250421-001', 'issue', 'draft', 6, '汽车内饰标签领料', 6, '2025-04-21 07:00:00'),
('MI-20250429-001', 20, 'WO-20250429-001', 'issue', 'draft', 7, '电池产品标签领料', 7, '2025-04-29 07:00:00');

-- ============================================================
-- 25. 领料单明细 (60条)
-- ============================================================
INSERT IGNORE INTO prd_material_issue_item (issue_id, material_id, material_code, material_name, planned_quantity, actual_quantity, warehouse_id, remark) VALUES
(1, 2, 'PET-W-0125', 'PET白膜0.125mm', 750.000, 740.000, 1, 'PET白膜0.125mm领用'),
(1, 8, 'UV-IK-BK', 'UV油墨-黑色', 250.000, 248.000, 9, 'UV油墨-黑色领用'),
(1, 13, 'SP-300', '丝印网版-300目', 2.000, 2.000, 7, '丝印网版-300目领用'),
(2, 2, 'PET-W-0125', 'PET白膜0.125mm', 600.000, 595.000, 1, 'PET白膜0.125mm领用'),
(2, 9, 'UV-IK-WH', 'UV油墨-白色', 200.000, 198.000, 9, 'UV油墨-白色领用'),
(2, 13, 'SP-300', '丝印网版-300目', 2.000, 2.000, 7, '丝印网版-300目领用'),
(3, 1, 'PET-T-010', 'PET透明膜0.1mm', 360.000, 355.000, 1, 'PET透明膜0.1mm领用'),
(3, 12, 'AG-001', '导电银浆-高导电', 240.000, 238.000, 11, '导电银浆-高导电领用'),
(3, 13, 'SP-300', '丝印网版-300目', 3.000, 3.000, 7, '丝印网版-300目领用'),
(4, 4, 'PVC-W-020', 'PVC白膜0.2mm', 700.000, 692.000, 2, 'PVC白膜0.2mm领用'),
(4, 10, 'SL-IK-BK', '溶剂型油墨-黑色', 210.000, 208.000, 10, '溶剂型油墨-黑色领用'),
(4, 14, 'DD-FT', '模切刀模-平板', 2.000, 2.000, 8, '模切刀模-平板领用'),
(5, 2, 'PET-W-0125', 'PET白膜0.125mm', 480.000, 475.000, 1, 'PET白膜0.125mm领用'),
(5, 8, 'UV-IK-BK', 'UV油墨-黑色', 160.000, 158.000, 9, 'UV油墨-黑色领用'),
(5, 13, 'SP-300', '丝印网版-300目', 1.000, 1.000, 7, '丝印网版-300目领用'),
(6, 1, 'PET-T-010', 'PET透明膜0.1mm', 300.000, 296.000, 1, 'PET透明膜0.1mm领用'),
(6, 9, 'UV-IK-WH', 'UV油墨-白色', 120.000, 118.000, 9, 'UV油墨-白色领用'),
(6, 16, 'UV-GH', 'UV光油-高光', 50.000, 48.000, 9, 'UV光油-高光领用'),
(7, 1, 'PET-T-010', 'PET透明膜0.1mm', 300.000, 298.000, 1, 'PET透明膜0.1mm领用'),
(7, 12, 'AG-001', '导电银浆-高导电', 150.000, 148.000, 11, '导电银浆-高导电领用'),
(7, 13, 'SP-300', '丝印网版-300目', 2.000, 2.000, 7, '丝印网版-300目领用'),
(8, 3, 'PVC-T-015', 'PVC透明膜0.15mm', 360.000, 356.000, 2, 'PVC透明膜0.15mm领用'),
(8, 11, 'WT-IK-BK', '水性油墨-黑色', 100.000, 98.000, 10, '水性油墨-黑色领用'),
(8, 13, 'SP-300', '丝印网版-300目', 1.000, 1.000, 7, '丝印网版-300目领用'),
(9, 2, 'PET-W-0125', 'PET白膜0.125mm', 500.000, 495.000, 1, 'PET白膜0.125mm领用'),
(9, 8, 'UV-IK-BK', 'UV油墨-黑色', 200.000, 198.000, 9, 'UV油墨-黑色领用'),
(9, 14, 'DD-FT', '模切刀模-平板', 2.000, 2.000, 8, '模切刀模-平板领用'),
(10, 4, 'PVC-W-020', 'PVC白膜0.2mm', 540.000, 535.000, 2, 'PVC白膜0.2mm领用'),
(10, 35, 'SL-IK-WH', '溶剂型油墨-白色', 150.000, 148.000, 10, '溶剂型油墨-白色领用'),
(10, 14, 'DD-FT', '模切刀模-平板', 2.000, 2.000, 8, '模切刀模-平板领用'),
(11, 2, 'PET-W-0125', 'PET白膜0.125mm', 600.000, 595.000, 1, 'PET白膜0.125mm领用'),
(11, 8, 'UV-IK-BK', 'UV油墨-黑色', 200.000, 198.000, 9, 'UV油墨-黑色领用'),
(11, 13, 'SP-300', '丝印网版-300目', 2.000, 2.000, 7, '丝印网版-300目领用'),
(12, 1, 'PET-T-010', 'PET透明膜0.1mm', 240.000, 238.000, 1, 'PET透明膜0.1mm领用'),
(12, 12, 'AG-001', '导电银浆-高导电', 160.000, 158.000, 11, '导电银浆-高导电领用'),
(12, 13, 'SP-300', '丝印网版-300目', 2.000, 2.000, 7, '丝印网版-300目领用'),
(13, 2, 'PET-W-0125', 'PET白膜0.125mm', 825.000, 820.000, 1, 'PET白膜0.125mm领用'),
(13, 8, 'UV-IK-BK', 'UV油墨-黑色', 275.000, 272.000, 9, 'UV油墨-黑色领用'),
(13, 13, 'SP-300', '丝印网版-300目', 2.000, 2.000, 7, '丝印网版-300目领用'),
(14, 1, 'PET-T-010', 'PET透明膜0.1mm', 420.000, 415.000, 1, 'PET透明膜0.1mm领用'),
(14, 12, 'AG-001', '导电银浆-高导电', 280.000, 275.000, 11, '导电银浆-高导电领用'),
(14, 13, 'SP-300', '丝印网版-300目', 3.000, 3.000, 7, '丝印网版-300目领用'),
(15, 4, 'PVC-W-020', 'PVC白膜0.2mm', 800.000, 0.000, 2, 'PVC白膜0.2mm领用'),
(15, 10, 'SL-IK-BK', '溶剂型油墨-黑色', 240.000, 0.000, 10, '溶剂型油墨-黑色领用'),
(15, 14, 'DD-FT', '模切刀模-平板', 2.000, 0.000, 8, '模切刀模-平板领用'),
(16, 1, 'PET-T-010', 'PET透明膜0.1mm', 240.000, 0.000, 1, 'PET透明膜0.1mm领用'),
(16, 12, 'AG-001', '导电银浆-高导电', 160.000, 0.000, 11, '导电银浆-高导电领用'),
(16, 13, 'SP-300', '丝印网版-300目', 2.000, 0.000, 7, '丝印网版-300目领用'),
(17, 1, 'PET-T-010', 'PET透明膜0.1mm', 240.000, 0.000, 1, 'PET透明膜0.1mm领用'),
(17, 12, 'AG-001', '导电银浆-高导电', 160.000, 0.000, 11, '导电银浆-高导电领用'),
(17, 13, 'SP-300', '丝印网版-300目', 2.000, 0.000, 7, '丝印网版-300目领用'),
(18, 2, 'PET-W-0125', 'PET白膜0.125mm', 420.000, 0.000, 1, 'PET白膜0.125mm领用'),
(18, 8, 'UV-IK-BK', 'UV油墨-黑色', 140.000, 0.000, 9, 'UV油墨-黑色领用'),
(18, 13, 'SP-300', '丝印网版-300目', 1.000, 0.000, 7, '丝印网版-300目领用'),
(19, 4, 'PVC-W-020', 'PVC白膜0.2mm', 540.000, 0.000, 2, 'PVC白膜0.2mm领用'),
(19, 10, 'SL-IK-BK', '溶剂型油墨-黑色', 180.000, 0.000, 10, '溶剂型油墨-黑色领用'),
(19, 14, 'DD-FT', '模切刀模-平板', 2.000, 0.000, 8, '模切刀模-平板领用'),
(20, 2, 'PET-W-0125', 'PET白膜0.125mm', 550.000, 0.000, 1, 'PET白膜0.125mm领用'),
(20, 8, 'UV-IK-BK', 'UV油墨-黑色', 220.000, 0.000, 9, 'UV油墨-黑色领用'),
(20, 14, 'DD-FT', '模切刀模-平板', 2.000, 0.000, 8, '模切刀模-平板领用');

-- ============================================================
-- 26. 退料单 (5条)
-- ============================================================
INSERT IGNORE INTO prd_material_return (return_no, work_order_id, work_order_no, issue_id, status, remark, create_by, create_time) VALUES
('MR-20250120-001', 1, 'WO-20250109-001', 1, 'completed', '美的空调面板标签退料', 6, '2025-01-20 16:00:00'),
('MR-20250125-001', 2, 'WO-20250111-001', 2, 'completed', '格力洗衣机面板标签退料', 6, '2025-01-25 16:00:00'),
('MR-20250205-001', 5, 'WO-20250126-001', 5, 'completed', 'TCL电视背板标签退料', 6, '2025-02-05 16:00:00'),
('MR-20250305-001', 8, 'WO-20250211-001', 8, 'completed', '迈瑞医疗设备标签退料', 6, '2025-03-05 16:00:00'),
('MR-20250401-001', 13, 'WO-20250311-001', 13, 'approved', '美的追加退料', 6, '2025-04-01 16:00:00');

-- ============================================================
-- 27. 退料单明细 (10条)
-- ============================================================
INSERT IGNORE INTO prd_material_return_item (return_id, material_id, material_code, material_name, quantity, warehouse_id, remark) VALUES
(1, 2, 'PET-W-0125', 'PET白膜0.125mm', 10.000, 1, '余料退回'),
(1, 8, 'UV-IK-BK', 'UV油墨-黑色', 2.000, 9, '余料退回'),
(2, 2, 'PET-W-0125', 'PET白膜0.125mm', 5.000, 1, '余料退回'),
(2, 9, 'UV-IK-WH', 'UV油墨-白色', 2.000, 9, '余料退回'),
(3, 2, 'PET-W-0125', 'PET白膜0.125mm', 5.000, 1, '余料退回'),
(3, 8, 'UV-IK-BK', 'UV油墨-黑色', 2.000, 9, '余料退回'),
(4, 3, 'PVC-T-015', 'PVC透明膜0.15mm', 4.000, 2, '余料退回'),
(4, 11, 'WT-IK-BK', '水性油墨-黑色', 2.000, 10, '余料退回'),
(5, 2, 'PET-W-0125', 'PET白膜0.125mm', 5.000, 1, '余料退回'),
(5, 8, 'UV-IK-BK', 'UV油墨-黑色', 3.000, 9, '余料退回');

-- ============================================================
-- 28. 产品标签 (20条)
-- ============================================================
INSERT IGNORE INTO prd_product_label (label_no, work_order_id, product_id, product_name, batch_no, quantity, print_time, status, remark, create_time) VALUES
('PL-20250109-001', 1, 21, '空调面板标签', 'B20250109-001', 50000.000, '2025-01-09 14:00:00', 1, '空调面板标签成品标签', '2025-01-09 09:00:00'),
('PL-20250111-001', 2, 22, '洗衣机面板标签', 'B20250111-001', 40000.000, '2025-01-11 14:00:00', 1, '洗衣机面板标签成品标签', '2025-01-11 09:00:00'),
('PL-20250116-001', 3, 23, '手机后盖标签', 'B20250116-001', 30000.000, '2025-01-16 14:00:00', 1, '手机后盖标签成品标签', '2025-01-16 09:00:00'),
('PL-20250121-001', 4, 24, '汽车内饰标签', 'B20250121-001', 35000.000, '2025-01-21 14:00:00', 1, '汽车内饰标签成品标签', '2025-01-21 09:00:00'),
('PL-20250126-001', 5, 25, '电视背板标签', 'B20250126-001', 40000.000, '2025-01-26 14:00:00', 1, '电视背板标签成品标签', '2025-01-26 09:00:00'),
('PL-20250202-001', 6, 26, '通信设备铭牌', 'B20250202-001', 20000.000, '2025-02-02 14:00:00', 1, '通信设备铭牌成品标签', '2025-02-02 09:00:00'),
('PL-20250206-001', 7, 27, '无人机产品标签', 'B20250206-001', 25000.000, '2025-02-06 14:00:00', 1, '无人机产品标签成品标签', '2025-02-06 09:00:00'),
('PL-20250211-001', 8, 28, '医疗设备标签', 'B20250211-001', 20000.000, '2025-02-11 14:00:00', 1, '医疗设备标签成品标签', '2025-02-11 09:00:00'),
('PL-20250216-001', 9, 29, '电池产品标签', 'B20250216-001', 50000.000, '2025-02-16 14:00:00', 1, '电池产品标签成品标签', '2025-02-16 09:00:00'),
('PL-20250221-001', 10, 30, '汽车仪表盘标签', 'B20250221-001', 30000.000, '2025-02-21 14:00:00', 1, '汽车仪表盘标签成品标签', '2025-02-21 09:00:00'),
('PL-20250301-001', 11, 25, '电视背板标签', 'B20250301-001', 50000.000, '2025-03-01 14:00:00', 1, '电视背板标签成品标签', '2025-03-01 09:00:00'),
('PL-20250306-001', 12, 23, '手机后盖标签', 'B20250306-001', 20000.000, '2025-03-06 14:00:00', 1, '手机后盖标签成品标签', '2025-03-06 09:00:00'),
('PL-20250311-001', 13, 21, '空调面板标签', 'B20250311-001', 55000.000, '2025-03-11 14:00:00', 1, '空调面板标签成品标签', '2025-03-11 09:00:00'),
('PL-20250316-001', 14, 23, '手机后盖标签', 'B20250316-001', 20000.000, NULL, 0, '手机后盖标签成品标签', '2025-03-16 09:00:00'),
('PL-20250321-001', 15, 24, '汽车内饰标签', 'B20250321-001', 15000.000, NULL, 0, '汽车内饰标签成品标签', '2025-03-21 09:00:00'),
('PL-20250329-001', 16, 23, '手机后盖标签', 'B20250329-001', 0.000, NULL, 0, '手机后盖标签成品标签', '2025-03-29 09:00:00'),
('PL-20250406-001', 17, 23, '手机后盖标签', 'B20250406-001', 0.000, NULL, 0, '手机后盖标签成品标签', '2025-04-06 09:00:00'),
('PL-20250413-001', 18, 25, '电视背板标签', 'B20250413-001', 0.000, NULL, 0, '电视背板标签成品标签', '2025-04-13 09:00:00'),
('PL-20250421-001', 19, 24, '汽车内饰标签', 'B20250421-001', 0.000, NULL, 0, '汽车内饰标签成品标签', '2025-04-21 09:00:00'),
('PL-20250429-001', 20, 29, '电池产品标签', 'B20250429-001', 0.000, NULL, 0, '电池产品标签成品标签', '2025-04-29 09:00:00');


-- ############################################################
-- # 第五部分：库存管理
-- ############################################################

-- ============================================================
-- 29. 采购入库单 (20条)
-- ============================================================
INSERT IGNORE INTO inv_inbound_order (order_no, order_date, purchase_order_no, supplier_id, supplier_name, warehouse_id, warehouse_code, warehouse_name, inbound_type, total_qty, total_amount, status, remark, operator_id, operator_name, audit_status, create_time) VALUES
('RK-20250108-001', '2025-01-08', 'PO-20250106-001', 1, '东莞鑫达薄膜', 1, 'WH001', 'PET薄膜原料仓', 'purchase', 1300.000, 28000.00, 'completed', '东莞鑫达薄膜采购入库', 5, '刘洋', 1, '2025-01-08 10:00:00'),
('RK-20250111-002', '2025-01-11', 'PO-20250109-001', 2, '佛山顺达PVC', 2, 'WH002', 'PVC薄膜原料仓', 'purchase', 1000.000, 22000.00, 'completed', '佛山顺达PVC采购入库', 8, '孙丽', 1, '2025-01-11 10:00:00'),
('RK-20250115-003', '2025-01-15', 'PO-20250113-001', 3, '深圳精诚油墨', 9, 'WH009', 'UV油墨仓', 'purchase', 80.000, 12000.00, 'completed', '深圳精诚油墨采购入库', 5, '刘洋', 1, '2025-01-15 10:00:00'),
('RK-20250121-004', '2025-01-21', 'PO-20250119-001', 7, '苏州雅特不干胶', 1, 'WH001', 'PET薄膜原料仓', 'purchase', 300.000, 5400.00, 'completed', '苏州雅特不干胶采购入库', 8, '孙丽', 1, '2025-01-21 10:00:00'),
('RK-20250128-005', '2025-01-28', 'PO-20250126-001', 1, '东莞鑫达薄膜', 1, 'WH001', 'PET薄膜原料仓', 'purchase', 1800.000, 35000.00, 'completed', '东莞鑫达薄膜采购入库', 5, '刘洋', 1, '2025-01-28 10:00:00'),
('RK-20250204-006', '2025-02-04', 'PO-20250202-001', 10, '深圳特种油墨', 11, 'WH011', '危化品主仓', 'purchase', 200.000, 18000.00, 'completed', '深圳特种油墨采购入库', 8, '孙丽', 1, '2025-02-04 10:00:00'),
('RK-20250208-007', '2025-02-08', 'PO-20250206-001', 4, '广州永盛化工', 10, 'WH010', '溶剂油墨仓', 'purchase', 60.000, 8500.00, 'completed', '广州永盛化工采购入库', 5, '刘洋', 1, '2025-02-08 10:00:00'),
('RK-20250213-008', '2025-02-13', 'PO-20250211-001', 2, '佛山顺达PVC', 2, 'WH002', 'PVC薄膜原料仓', 'purchase', 1200.000, 24000.00, 'completed', '佛山顺达PVC采购入库', 8, '孙丽', 1, '2025-02-13 10:00:00'),
('RK-20250220-009', '2025-02-20', 'PO-20250219-001', 4, '广州永盛化工', 10, 'WH010', '溶剂油墨仓', 'purchase', 100.000, 3000.00, 'completed', '广州永盛化工采购入库', 5, '刘洋', 1, '2025-02-20 10:00:00'),
('RK-20250228-010', '2025-02-28', 'PO-20250226-001', 1, '东莞鑫达薄膜', 1, 'WH001', 'PET薄膜原料仓', 'purchase', 1900.000, 38000.00, 'completed', '东莞鑫达薄膜采购入库', 8, '孙丽', 1, '2025-02-28 10:00:00'),
('RK-20250306-011', '2025-03-06', 'PO-20250304-001', 1, '东莞鑫达薄膜', 1, 'WH001', 'PET薄膜原料仓', 'purchase', 1650.000, 32000.00, 'completed', '东莞鑫达薄膜采购入库', 5, '刘洋', 1, '2025-03-06 10:00:00'),
('RK-20250313-012', '2025-03-13', 'PO-20250311-001', 3, '深圳精诚油墨', 9, 'WH009', 'UV油墨仓', 'purchase', 100.000, 15000.00, 'completed', '深圳精诚油墨采购入库', 8, '孙丽', 1, '2025-03-13 10:00:00'),
('RK-20250318-013', '2025-03-18', 'PO-20250316-001', 6, '上海紫江油墨', 10, 'WH010', '溶剂油墨仓', 'purchase', 30.000, 4800.00, 'completed', '上海紫江油墨采购入库', 5, '刘洋', 1, '2025-03-18 10:00:00'),
('RK-20250323-014', '2025-03-23', 'PO-20250321-001', 2, '佛山顺达PVC', 2, 'WH002', 'PVC薄膜原料仓', 'purchase', 1300.000, 26000.00, 'processing', '佛山顺达PVC采购入库', 8, '孙丽', 0, '2025-03-23 10:00:00'),
('RK-20250331-015', '2025-03-31', 'PO-20250329-001', 1, '东莞鑫达薄膜', 15, 'WH015', '来料待检仓', 'purchase', 1400.000, 28000.00, 'pending', '东莞鑫达薄膜采购入库', 5, '刘洋', 0, '2025-03-31 10:00:00'),
('RK-20250408-016', '2025-04-08', 'PO-20250406-001', 5, '东莞宏达丝网', 7, 'WH007', '网版存放仓', 'purchase', 20.000, 8000.00, 'pending', '东莞宏达丝网采购入库', 8, '孙丽', 0, '2025-04-08 10:00:00'),
('RK-20250413-017', '2025-04-13', 'PO-20250411-001', 12, '惠州天成薄膜', 1, 'WH001', 'PET薄膜原料仓', 'purchase', 700.000, 15000.00, 'pending', '惠州天成薄膜采购入库', 5, '刘洋', 0, '2025-04-13 10:00:00'),
('RK-20250421-018', '2025-04-21', 'PO-20250419-001', 3, '深圳精诚油墨', 9, 'WH009', 'UV油墨仓', 'purchase', 85.000, 13000.00, 'pending', '深圳精诚油墨采购入库', 8, '孙丽', 0, '2025-04-21 10:00:00'),
('RK-20250428-019', '2025-04-28', 'PO-20250426-001', 1, '东莞鑫达薄膜', 15, 'WH015', '来料待检仓', 'purchase', 2000.000, 40000.00, 'pending', '东莞鑫达薄膜采购入库', 5, '刘洋', 0, '2025-04-28 10:00:00'),
('RK-20250508-020', '2025-05-08', 'PO-20250506-001', 10, '深圳特种油墨', 11, 'WH011', '危化品主仓', 'purchase', 255.000, 22000.00, 'pending', '深圳特种油墨采购入库', 8, '孙丽', 0, '2025-05-08 10:00:00');

-- ============================================================
-- 30. 采购入库单明细 (40条)
-- ============================================================
INSERT IGNORE INTO inv_inbound_item (order_id, order_no, material_id, material_code, material_name, batch_no, qty, unit, unit_price, total_price, remark, create_time) VALUES
(1, 'RK-20250108-001', 1, 'PET-T-010', 'PET透明膜0.1mm', 'B20250108-001', 500.000, 'KG', 20, 10000.00, 'PET透明膜0.1mm入库', '2025-01-08 10:00:00'),
(1, 'RK-20250108-001', 2, 'PET-W-0125', 'PET白膜0.125mm', 'B20250108-002', 800.000, 'KG', 22.5, 18000.00, 'PET白膜0.125mm入库', '2025-01-08 10:00:00'),
(2, 'RK-20250108-001', 3, 'PVC-T-015', 'PVC透明膜0.15mm', 'B20250111-001', 400.000, 'KG', 18, 7200.00, 'PVC透明膜0.15mm入库', '2025-01-08 10:00:00'),
(2, 'RK-20250108-001', 4, 'PVC-W-020', 'PVC白膜0.2mm', 'B20250111-002', 600.000, 'KG', 24.67, 14802.00, 'PVC白膜0.2mm入库', '2025-01-08 10:00:00'),
(3, 'RK-20250108-001', 8, 'UV-IK-BK', 'UV油墨-黑色', 'B20250115-001', 50.000, 'KG', 120, 6000.00, 'UV油墨-黑色入库', '2025-01-08 10:00:00'),
(3, 'RK-20250108-001', 9, 'UV-IK-WH', 'UV油墨-白色', 'B20250115-002', 30.000, 'KG', 200, 6000.00, 'UV油墨-白色入库', '2025-01-08 10:00:00'),
(4, 'RK-20250108-001', 7, 'PA-80G', '不干胶铜版纸80g', 'B20250121-001', 300.000, 'KG', 18, 5400.00, '不干胶铜版纸80g入库', '2025-01-08 10:00:00'),
(5, 'RK-20250108-001', 1, 'PET-T-010', 'PET透明膜0.1mm', 'B20250128-001', 600.000, 'KG', 20, 12000.00, 'PET透明膜0.1mm入库', '2025-01-08 10:00:00'),
(5, 'RK-20250108-001', 2, 'PET-W-0125', 'PET白膜0.125mm', 'B20250128-002', 900.000, 'KG', 22.5, 20250.00, 'PET白膜0.125mm入库', '2025-01-08 10:00:00'),
(5, 'RK-20250108-001', 5, 'BOPP-T-008', 'BOPP透明膜0.08mm', 'B20250128-003', 300.000, 'KG', 15, 4500.00, 'BOPP透明膜0.08mm入库', '2025-01-08 10:00:00'),
(6, 'RK-20250108-001', 12, 'AG-001', '导电银浆-高导电', 'B20250204-001', 200.000, 'G', 90, 18000.00, '导电银浆-高导电入库', '2025-01-08 10:00:00'),
(7, 'RK-20250108-001', 10, 'SL-IK-BK', '溶剂型油墨-黑色', 'B20250208-001', 40.000, 'KG', 85, 3400.00, '溶剂型油墨-黑色入库', '2025-01-08 10:00:00'),
(7, 'RK-20250108-001', 11, 'WT-IK-BK', '水性油墨-黑色', 'B20250208-002', 20.000, 'KG', 255, 5100.00, '水性油墨-黑色入库', '2025-01-08 10:00:00'),
(8, 'RK-20250108-001', 3, 'PVC-T-015', 'PVC透明膜0.15mm', 'B20250213-001', 500.000, 'KG', 18, 9000.00, 'PVC透明膜0.15mm入库', '2025-01-08 10:00:00'),
(8, 'RK-20250108-001', 4, 'PVC-W-020', 'PVC白膜0.2mm', 'B20250213-002', 700.000, 'KG', 21.43, 15001.00, 'PVC白膜0.2mm入库', '2025-01-08 10:00:00'),
(9, 'RK-20250108-001', 15, 'DL-STD', '稀释剂-标准型', 'B20250220-001', 100.000, 'L', 30, 3000.00, '稀释剂-标准型入库', '2025-01-08 10:00:00'),
(10, 'RK-20250108-001', 1, 'PET-T-010', 'PET透明膜0.1mm', 'B20250228-001', 700.000, 'KG', 20, 14000.00, 'PET透明膜0.1mm入库', '2025-01-08 10:00:00'),
(10, 'RK-20250108-001', 2, 'PET-W-0125', 'PET白膜0.125mm', 'B20250228-002', 1000.000, 'KG', 22.5, 22500.00, 'PET白膜0.125mm入库', '2025-01-08 10:00:00'),
(10, 'RK-20250108-001', 6, 'PE-P-005', 'PE保护膜0.05mm', 'B20250228-003', 200.000, 'KG', 12.5, 2500.00, 'PE保护膜0.05mm入库', '2025-01-08 10:00:00'),
(11, 'RK-20250108-001', 1, 'PET-T-010', 'PET透明膜0.1mm', 'B20250306-001', 650.000, 'KG', 20, 13000.00, 'PET透明膜0.1mm入库', '2025-01-08 10:00:00'),
(11, 'RK-20250108-001', 2, 'PET-W-0125', 'PET白膜0.125mm', 'B20250306-002', 1000.000, 'KG', 20, 20000.00, 'PET白膜0.125mm入库', '2025-01-08 10:00:00'),
(12, 'RK-20250108-001', 8, 'UV-IK-BK', 'UV油墨-黑色', 'B20250313-001', 60.000, 'KG', 120, 7200.00, 'UV油墨-黑色入库', '2025-01-08 10:00:00'),
(12, 'RK-20250108-001', 9, 'UV-IK-WH', 'UV油墨-白色', 'B20250313-002', 40.000, 'KG', 195, 7800.00, 'UV油墨-白色入库', '2025-01-08 10:00:00'),
(13, 'RK-20250108-001', 11, 'WT-IK-BK', '水性油墨-黑色', 'B20250318-001', 30.000, 'KG', 160, 4800.00, '水性油墨-黑色入库', '2025-01-08 10:00:00'),
(14, 'RK-20250108-001', 3, 'PVC-T-015', 'PVC透明膜0.15mm', 'B20250323-001', 550.000, 'KG', 18, 9900.00, 'PVC透明膜0.15mm入库', '2025-01-08 10:00:00'),
(14, 'RK-20250108-001', 4, 'PVC-W-020', 'PVC白膜0.2mm', 'B20250323-002', 750.000, 'KG', 21.47, 16102.50, 'PVC白膜0.2mm入库', '2025-01-08 10:00:00'),
(15, 'RK-20250108-001', 1, 'PET-T-010', 'PET透明膜0.1mm', 'B20250331-001', 600.000, 'KG', 20, 12000.00, 'PET透明膜0.1mm入库', '2025-01-08 10:00:00'),
(15, 'RK-20250108-001', 2, 'PET-W-0125', 'PET白膜0.125mm', 'B20250331-002', 800.000, 'KG', 20, 16000.00, 'PET白膜0.125mm入库', '2025-01-08 10:00:00'),
(16, 'RK-20250108-001', 13, 'SP-300', '丝印网版-300目', 'B20250408-001', 20.000, 'PCS', 400, 8000.00, '丝印网版-300目入库', '2025-01-08 10:00:00'),
(17, 'RK-20250108-001', 5, 'BOPP-T-008', 'BOPP透明膜0.08mm', 'B20250413-001', 400.000, 'KG', 15, 6000.00, 'BOPP透明膜0.08mm入库', '2025-01-08 10:00:00'),
(17, 'RK-20250108-001', 6, 'PE-P-005', 'PE保护膜0.05mm', 'B20250413-002', 300.000, 'KG', 15, 4500.00, 'PE保护膜0.05mm入库', '2025-01-08 10:00:00'),
(17, 'RK-20250108-001', 8, 'UV-IK-BK', 'UV油墨-黑色', 'B20250413-003', 50.000, 'KG', 120, 6000.00, 'UV油墨-黑色入库', '2025-01-08 10:00:00'),
(18, 'RK-20250108-001', 8, 'UV-IK-BK', 'UV油墨-黑色', 'B20250421-001', 50.000, 'KG', 120, 6000.00, 'UV油墨-黑色入库', '2025-01-08 10:00:00'),
(18, 'RK-20250108-001', 9, 'UV-IK-WH', 'UV油墨-白色', 'B20250421-002', 35.000, 'KG', 200, 7000.00, 'UV油墨-白色入库', '2025-01-08 10:00:00'),
(19, 'RK-20250108-001', 1, 'PET-T-010', 'PET透明膜0.1mm', 'B20250428-001', 700.000, 'KG', 20, 14000.00, 'PET透明膜0.1mm入库', '2025-01-08 10:00:00'),
(19, 'RK-20250108-001', 2, 'PET-W-0125', 'PET白膜0.125mm', 'B20250428-002', 900.000, 'KG', 22.22, 19998.00, 'PET白膜0.125mm入库', '2025-01-08 10:00:00'),
(19, 'RK-20250108-001', 3, 'PVC-T-015', 'PVC透明膜0.15mm', 'B20250428-003', 500.000, 'KG', 12, 6000.00, 'PVC透明膜0.15mm入库', '2025-01-08 10:00:00'),
(20, 'RK-20250108-001', 12, 'AG-001', '导电银浆-高导电', 'B20250508-001', 150.000, 'G', 90, 13500.00, '导电银浆-高导电入库', '2025-01-08 10:00:00'),
(20, 'RK-20250108-001', 15, 'DL-STD', '稀释剂-标准型', 'B20250508-002', 80.000, 'L', 30, 2400.00, '稀释剂-标准型入库', '2025-01-08 10:00:00'),
(20, 'RK-20250108-001', 16, 'UV-GH', 'UV光油-高光', 'B20250508-003', 25.000, 'KG', 244, 6100.00, 'UV光油-高光入库', '2025-01-08 10:00:00');

-- ============================================================
-- 31. 入库物料标签 (20条)
-- ============================================================
INSERT IGNORE INTO inv_inbound_label (label_id, order_id, order_no, item_id, purchase_order_no, supplier_name, inbound_date, warehouse_code, material_code, material_name, batch_no, qty, unit, label_status, audit_status, operator_id, operator_name, create_time) VALUES
('LBL-20250108-001', 1, 'RK-20250108-001', 1, 'PO-20250106-001', '东莞鑫达薄膜', '2025-01-08', 'WH001', 'PET-T-010', 'PET透明膜0.1mm', 'B20250108-001', 500.000, 'KG', 'used', 1, 5, '刘洋', '2025-01-08 10:30:00'),
('LBL-20250111-002', 2, 'RK-20250111-002', 2, 'PO-20250109-001', '佛山顺达PVC', '2025-01-11', 'WH002', 'PET-W-0125', 'PET白膜0.125mm', 'B20250111-001', 800.000, 'KG', 'used', 1, 8, '孙丽', '2025-01-11 10:30:00'),
('LBL-20250115-003', 3, 'RK-20250115-003', 3, 'PO-20250113-001', '深圳精诚油墨', '2025-01-15', 'WH009', 'PVC-T-015', 'PVC透明膜0.15mm', 'B20250115-001', 400.000, 'KG', 'used', 1, 5, '刘洋', '2025-01-15 10:30:00'),
('LBL-20250121-004', 4, 'RK-20250121-004', 4, 'PO-20250119-001', '苏州雅特不干胶', '2025-01-21', 'WH001', 'PVC-W-020', 'PVC白膜0.2mm', 'B20250121-001', 600.000, 'KG', 'used', 1, 8, '孙丽', '2025-01-21 10:30:00'),
('LBL-20250128-005', 5, 'RK-20250128-005', 5, 'PO-20250126-001', '东莞鑫达薄膜', '2025-01-28', 'WH001', 'UV-IK-BK', 'UV油墨-黑色', 'B20250128-001', 50.000, 'KG', 'used', 1, 5, '刘洋', '2025-01-28 10:30:00'),
('LBL-20250204-006', 6, 'RK-20250204-006', 6, 'PO-20250202-001', '深圳特种油墨', '2025-02-04', 'WH011', 'UV-IK-WH', 'UV油墨-白色', 'B20250204-001', 30.000, 'KG', 'used', 1, 8, '孙丽', '2025-02-04 10:30:00'),
('LBL-20250208-007', 7, 'RK-20250208-007', 7, 'PO-20250206-001', '广州永盛化工', '2025-02-08', 'WH010', 'PA-80G', '不干胶铜版纸80g', 'B20250208-001', 300.000, 'KG', 'used', 1, 5, '刘洋', '2025-02-08 10:30:00'),
('LBL-20250213-008', 8, 'RK-20250213-008', 8, 'PO-20250211-001', '佛山顺达PVC', '2025-02-13', 'WH002', 'PET-T-010', 'PET透明膜0.1mm', 'B20250213-001', 600.000, 'KG', 'used', 1, 8, '孙丽', '2025-02-13 10:30:00'),
('LBL-20250220-009', 9, 'RK-20250220-009', 9, 'PO-20250219-001', '广州永盛化工', '2025-02-20', 'WH010', 'PET-W-0125', 'PET白膜0.125mm', 'B20250220-001', 900.000, 'KG', 'used', 1, 5, '刘洋', '2025-02-20 10:30:00'),
('LBL-20250228-010', 10, 'RK-20250228-010', 10, 'PO-20250226-001', '东莞鑫达薄膜', '2025-02-28', 'WH001', 'BOPP-T-008', 'BOPP透明膜0.08mm', 'B20250228-001', 300.000, 'KG', 'used', 1, 8, '孙丽', '2025-02-28 10:30:00'),
('LBL-20250306-011', 11, 'RK-20250306-011', 11, 'PO-20250304-001', '东莞鑫达薄膜', '2025-03-06', 'WH001', 'AG-001', '导电银浆-高导电', 'B20250306-001', 200.000, 'G', 'used', 1, 5, '刘洋', '2025-03-06 10:30:00'),
('LBL-20250313-012', 12, 'RK-20250313-012', 12, 'PO-20250311-001', '深圳精诚油墨', '2025-03-13', 'WH009', 'SL-IK-BK', '溶剂型油墨-黑色', 'B20250313-001', 40.000, 'KG', 'used', 1, 8, '孙丽', '2025-03-13 10:30:00'),
('LBL-20250318-013', 13, 'RK-20250318-013', 13, 'PO-20250316-001', '上海紫江油墨', '2025-03-18', 'WH010', 'WT-IK-BK', '水性油墨-黑色', 'B20250318-001', 20.000, 'KG', 'used', 1, 5, '刘洋', '2025-03-18 10:30:00'),
('LBL-20250323-014', 14, 'RK-20250323-014', 14, 'PO-20250321-001', '佛山顺达PVC', '2025-03-23', 'WH002', 'PVC-T-015', 'PVC透明膜0.15mm', 'B20250323-001', 500.000, 'KG', 'generated', 0, 8, '孙丽', '2025-03-23 10:30:00'),
('LBL-20250331-015', 15, 'RK-20250331-015', 15, 'PO-20250329-001', '东莞鑫达薄膜', '2025-03-31', 'WH015', 'PVC-W-020', 'PVC白膜0.2mm', 'B20250331-001', 700.000, 'KG', 'generated', 0, 5, '刘洋', '2025-03-31 10:30:00'),
('LBL-20250408-016', 16, 'RK-20250408-016', 16, 'PO-20250406-001', '东莞宏达丝网', '2025-04-08', 'WH007', 'DL-STD', '稀释剂-标准型', 'B20250408-001', 100.000, 'L', 'generated', 0, 8, '孙丽', '2025-04-08 10:30:00'),
('LBL-20250413-017', 17, 'RK-20250413-017', 17, 'PO-20250411-001', '惠州天成薄膜', '2025-04-13', 'WH001', 'PET-T-010', 'PET透明膜0.1mm', 'B20250413-001', 700.000, 'KG', 'generated', 0, 5, '刘洋', '2025-04-13 10:30:00'),
('LBL-20250421-018', 18, 'RK-20250421-018', 18, 'PO-20250419-001', '深圳精诚油墨', '2025-04-21', 'WH009', 'PET-W-0125', 'PET白膜0.125mm', 'B20250421-001', 1000.000, 'KG', 'generated', 0, 8, '孙丽', '2025-04-21 10:30:00'),
('LBL-20250428-019', 19, 'RK-20250428-019', 19, 'PO-20250426-001', '东莞鑫达薄膜', '2025-04-28', 'WH015', 'PE-P-005', 'PE保护膜0.05mm', 'B20250428-001', 200.000, 'KG', 'generated', 0, 5, '刘洋', '2025-04-28 10:30:00'),
('LBL-20250508-020', 20, 'RK-20250508-020', 20, 'PO-20250506-001', '深圳特种油墨', '2025-05-08', 'WH011', 'PET-T-010', 'PET透明膜0.1mm', 'B20250508-001', 650.000, 'KG', 'generated', 0, 8, '孙丽', '2025-05-08 10:30:00');

-- ============================================================
-- 32. 出库单 (20条)
-- ============================================================
INSERT IGNORE INTO inv_outbound_order (order_no, order_date, outbound_type, warehouse_id, warehouse_code, warehouse_name, total_qty, status, remark, operator_id, operator_name, audit_status, create_time) VALUES
('CK-20250109-001', '2025-01-09', 'production', 1, 'WH001', 'PET薄膜原料仓', 750.000, 'completed', '空调面板标签领料', 6, '陈明', 1, '2025-01-09 07:30:00'),
('CK-20250111-002', '2025-01-11', 'production', 1, 'WH001', 'PET薄膜原料仓', 600.000, 'completed', '洗衣机面板标签领料', 6, '陈明', 1, '2025-01-11 07:30:00'),
('CK-20250116-003', '2025-01-16', 'production', 1, 'WH001', 'PET薄膜原料仓', 360.000, 'completed', '手机后盖标签领料', 6, '陈明', 1, '2025-01-16 07:30:00'),
('CK-20250121-004', '2025-01-21', 'production', 2, 'WH002', 'PVC薄膜原料仓', 700.000, 'completed', '汽车内饰标签领料', 6, '陈明', 1, '2025-01-21 07:30:00'),
('CK-20250126-005', '2025-01-26', 'production', 1, 'WH001', 'PET薄膜原料仓', 480.000, 'completed', '电视背板标签领料', 6, '陈明', 1, '2025-01-26 07:30:00'),
('CK-20250202-006', '2025-02-02', 'production', 1, 'WH001', 'PET薄膜原料仓', 300.000, 'completed', '通信设备铭牌领料', 6, '陈明', 1, '2025-02-02 07:30:00'),
('CK-20250206-007', '2025-02-06', 'production', 1, 'WH001', 'PET薄膜原料仓', 300.000, 'completed', '无人机产品标签领料', 6, '陈明', 1, '2025-02-06 07:30:00'),
('CK-20250211-008', '2025-02-11', 'production', 2, 'WH002', 'PVC薄膜原料仓', 360.000, 'completed', '医疗设备标签领料', 6, '陈明', 1, '2025-02-11 07:30:00'),
('CK-20250216-009', '2025-02-16', 'production', 1, 'WH001', 'PET薄膜原料仓', 500.000, 'completed', '电池产品标签领料', 6, '陈明', 1, '2025-02-16 07:30:00'),
('CK-20250221-010', '2025-02-21', 'production', 2, 'WH002', 'PVC薄膜原料仓', 540.000, 'completed', '汽车仪表盘标签领料', 6, '陈明', 1, '2025-02-21 07:30:00'),
('CK-20250301-011', '2025-03-01', 'production', 1, 'WH001', 'PET薄膜原料仓', 600.000, 'completed', '电视背板标签领料', 6, '陈明', 1, '2025-03-01 07:30:00'),
('CK-20250306-012', '2025-03-06', 'production', 1, 'WH001', 'PET薄膜原料仓', 240.000, 'completed', '手机后盖标签领料', 6, '陈明', 1, '2025-03-06 07:30:00'),
('CK-20250311-013', '2025-03-11', 'production', 1, 'WH001', 'PET薄膜原料仓', 825.000, 'completed', '空调面板标签追加领料', 6, '陈明', 1, '2025-03-11 07:30:00'),
('CK-20250316-014', '2025-03-16', 'production', 1, 'WH001', 'PET薄膜原料仓', 420.000, 'completed', '手机后盖标签领料', 6, '陈明', 1, '2025-03-16 07:30:00'),
('CK-20250321-015', '2025-03-21', 'production', 2, 'WH002', 'PVC薄膜原料仓', 800.000, 'processing', '汽车内饰标签领料', 6, '陈明', 0, '2025-03-21 07:30:00'),
('CK-20250329-016', '2025-03-29', 'production', 1, 'WH001', 'PET薄膜原料仓', 240.000, 'pending', '手机后盖标签领料', 6, '陈明', 0, '2025-03-29 07:30:00'),
('CK-20250406-017', '2025-04-06', 'production', 1, 'WH001', 'PET薄膜原料仓', 240.000, 'pending', '手机后盖标签领料', 6, '陈明', 0, '2025-04-06 07:30:00'),
('CK-20250413-018', '2025-04-13', 'production', 1, 'WH001', 'PET薄膜原料仓', 420.000, 'pending', '电视背板标签领料', 6, '陈明', 0, '2025-04-13 07:30:00'),
('CK-20250421-019', '2025-04-21', 'production', 2, 'WH002', 'PVC薄膜原料仓', 540.000, 'pending', '汽车内饰标签领料', 6, '陈明', 0, '2025-04-21 07:30:00'),
('CK-20250429-020', '2025-04-29', 'production', 1, 'WH001', 'PET薄膜原料仓', 550.000, 'pending', '电池产品标签领料', 6, '陈明', 0, '2025-04-29 07:30:00');

-- ============================================================
-- 33. 出库单明细 (40条)
-- ============================================================
INSERT IGNORE INTO inv_outbound_item (order_id, order_no, material_id, material_code, material_name, qty, unit, warehouse_id, remark, create_time) VALUES
(1, 'CK-20250109-001', 2, 'PET-W-0125', 'PET白膜0.125mm', 750.000, 'KG', 1, 'PET白膜0.125mm出库', '2025-01-09 07:30:00'),
(1, 'CK-20250109-001', 8, 'UV-IK-BK', 'UV油墨-黑色', 250.000, 'KG', 9, 'UV油墨-黑色出库', '2025-01-09 07:30:00'),
(1, 'CK-20250109-001', 13, 'SP-300', '丝印网版-300目', 2.000, 'PCS', 7, '丝印网版-300目出库', '2025-01-09 07:30:00'),
(2, 'CK-20250109-001', 2, 'PET-W-0125', 'PET白膜0.125mm', 600.000, 'KG', 1, 'PET白膜0.125mm出库', '2025-01-09 07:30:00'),
(2, 'CK-20250109-001', 9, 'UV-IK-WH', 'UV油墨-白色', 200.000, 'KG', 9, 'UV油墨-白色出库', '2025-01-09 07:30:00'),
(2, 'CK-20250109-001', 13, 'SP-300', '丝印网版-300目', 2.000, 'PCS', 7, '丝印网版-300目出库', '2025-01-09 07:30:00'),
(3, 'CK-20250109-001', 1, 'PET-T-010', 'PET透明膜0.1mm', 360.000, 'KG', 1, 'PET透明膜0.1mm出库', '2025-01-09 07:30:00'),
(3, 'CK-20250109-001', 12, 'AG-001', '导电银浆-高导电', 240.000, 'G', 11, '导电银浆-高导电出库', '2025-01-09 07:30:00'),
(3, 'CK-20250109-001', 13, 'SP-300', '丝印网版-300目', 3.000, 'PCS', 7, '丝印网版-300目出库', '2025-01-09 07:30:00'),
(4, 'CK-20250109-001', 4, 'PVC-W-020', 'PVC白膜0.2mm', 700.000, 'KG', 2, 'PVC白膜0.2mm出库', '2025-01-09 07:30:00'),
(4, 'CK-20250109-001', 10, 'SL-IK-BK', '溶剂型油墨-黑色', 210.000, 'KG', 10, '溶剂型油墨-黑色出库', '2025-01-09 07:30:00'),
(4, 'CK-20250109-001', 14, 'DD-FT', '模切刀模-平板', 2.000, 'PCS', 8, '模切刀模-平板出库', '2025-01-09 07:30:00'),
(5, 'CK-20250109-001', 2, 'PET-W-0125', 'PET白膜0.125mm', 480.000, 'KG', 1, 'PET白膜0.125mm出库', '2025-01-09 07:30:00'),
(5, 'CK-20250109-001', 8, 'UV-IK-BK', 'UV油墨-黑色', 160.000, 'KG', 9, 'UV油墨-黑色出库', '2025-01-09 07:30:00'),
(5, 'CK-20250109-001', 13, 'SP-300', '丝印网版-300目', 1.000, 'PCS', 7, '丝印网版-300目出库', '2025-01-09 07:30:00'),
(6, 'CK-20250109-001', 1, 'PET-T-010', 'PET透明膜0.1mm', 300.000, 'KG', 1, 'PET透明膜0.1mm出库', '2025-01-09 07:30:00'),
(6, 'CK-20250109-001', 9, 'UV-IK-WH', 'UV油墨-白色', 120.000, 'KG', 9, 'UV油墨-白色出库', '2025-01-09 07:30:00'),
(6, 'CK-20250109-001', 16, 'UV-GH', 'UV光油-高光', 50.000, 'KG', 9, 'UV光油-高光出库', '2025-01-09 07:30:00'),
(7, 'CK-20250109-001', 1, 'PET-T-010', 'PET透明膜0.1mm', 300.000, 'KG', 1, 'PET透明膜0.1mm出库', '2025-01-09 07:30:00'),
(7, 'CK-20250109-001', 12, 'AG-001', '导电银浆-高导电', 150.000, 'G', 11, '导电银浆-高导电出库', '2025-01-09 07:30:00'),
(7, 'CK-20250109-001', 13, 'SP-300', '丝印网版-300目', 2.000, 'PCS', 7, '丝印网版-300目出库', '2025-01-09 07:30:00'),
(8, 'CK-20250109-001', 3, 'PVC-T-015', 'PVC透明膜0.15mm', 360.000, 'KG', 2, 'PVC透明膜0.15mm出库', '2025-01-09 07:30:00'),
(8, 'CK-20250109-001', 11, 'WT-IK-BK', '水性油墨-黑色', 100.000, 'KG', 10, '水性油墨-黑色出库', '2025-01-09 07:30:00'),
(8, 'CK-20250109-001', 13, 'SP-300', '丝印网版-300目', 1.000, 'PCS', 7, '丝印网版-300目出库', '2025-01-09 07:30:00'),
(9, 'CK-20250109-001', 2, 'PET-W-0125', 'PET白膜0.125mm', 500.000, 'KG', 1, 'PET白膜0.125mm出库', '2025-01-09 07:30:00'),
(9, 'CK-20250109-001', 8, 'UV-IK-BK', 'UV油墨-黑色', 200.000, 'KG', 9, 'UV油墨-黑色出库', '2025-01-09 07:30:00'),
(9, 'CK-20250109-001', 14, 'DD-FT', '模切刀模-平板', 2.000, 'PCS', 8, '模切刀模-平板出库', '2025-01-09 07:30:00'),
(10, 'CK-20250109-001', 4, 'PVC-W-020', 'PVC白膜0.2mm', 540.000, 'KG', 2, 'PVC白膜0.2mm出库', '2025-01-09 07:30:00'),
(10, 'CK-20250109-001', 35, 'SL-IK-WH', '溶剂型油墨-白色', 150.000, 'KG', 10, '溶剂型油墨-白色出库', '2025-01-09 07:30:00'),
(10, 'CK-20250109-001', 14, 'DD-FT', '模切刀模-平板', 2.000, 'PCS', 8, '模切刀模-平板出库', '2025-01-09 07:30:00'),
(11, 'CK-20250109-001', 2, 'PET-W-0125', 'PET白膜0.125mm', 600.000, 'KG', 1, 'PET白膜0.125mm出库', '2025-01-09 07:30:00'),
(11, 'CK-20250109-001', 8, 'UV-IK-BK', 'UV油墨-黑色', 200.000, 'KG', 9, 'UV油墨-黑色出库', '2025-01-09 07:30:00'),
(11, 'CK-20250109-001', 13, 'SP-300', '丝印网版-300目', 2.000, 'PCS', 7, '丝印网版-300目出库', '2025-01-09 07:30:00'),
(12, 'CK-20250109-001', 1, 'PET-T-010', 'PET透明膜0.1mm', 240.000, 'KG', 1, 'PET透明膜0.1mm出库', '2025-01-09 07:30:00'),
(12, 'CK-20250109-001', 12, 'AG-001', '导电银浆-高导电', 160.000, 'G', 11, '导电银浆-高导电出库', '2025-01-09 07:30:00'),
(12, 'CK-20250109-001', 13, 'SP-300', '丝印网版-300目', 2.000, 'PCS', 7, '丝印网版-300目出库', '2025-01-09 07:30:00'),
(13, 'CK-20250109-001', 2, 'PET-W-0125', 'PET白膜0.125mm', 825.000, 'KG', 1, 'PET白膜0.125mm出库', '2025-01-09 07:30:00'),
(13, 'CK-20250109-001', 8, 'UV-IK-BK', 'UV油墨-黑色', 275.000, 'KG', 9, 'UV油墨-黑色出库', '2025-01-09 07:30:00'),
(13, 'CK-20250109-001', 13, 'SP-300', '丝印网版-300目', 2.000, 'PCS', 7, '丝印网版-300目出库', '2025-01-09 07:30:00'),
(14, 'CK-20250109-001', 1, 'PET-T-010', 'PET透明膜0.1mm', 420.000, 'KG', 1, 'PET透明膜0.1mm出库', '2025-01-09 07:30:00'),
(14, 'CK-20250109-001', 12, 'AG-001', '导电银浆-高导电', 280.000, 'G', 11, '导电银浆-高导电出库', '2025-01-09 07:30:00'),
(14, 'CK-20250109-001', 13, 'SP-300', '丝印网版-300目', 3.000, 'PCS', 7, '丝印网版-300目出库', '2025-01-09 07:30:00'),
(15, 'CK-20250109-001', 4, 'PVC-W-020', 'PVC白膜0.2mm', 800.000, 'KG', 2, 'PVC白膜0.2mm出库', '2025-01-09 07:30:00'),
(15, 'CK-20250109-001', 10, 'SL-IK-BK', '溶剂型油墨-黑色', 240.000, 'KG', 10, '溶剂型油墨-黑色出库', '2025-01-09 07:30:00'),
(15, 'CK-20250109-001', 14, 'DD-FT', '模切刀模-平板', 2.000, 'PCS', 8, '模切刀模-平板出库', '2025-01-09 07:30:00'),
(16, 'CK-20250109-001', 1, 'PET-T-010', 'PET透明膜0.1mm', 240.000, 'KG', 1, 'PET透明膜0.1mm出库', '2025-01-09 07:30:00'),
(16, 'CK-20250109-001', 12, 'AG-001', '导电银浆-高导电', 160.000, 'G', 11, '导电银浆-高导电出库', '2025-01-09 07:30:00'),
(16, 'CK-20250109-001', 13, 'SP-300', '丝印网版-300目', 2.000, 'PCS', 7, '丝印网版-300目出库', '2025-01-09 07:30:00'),
(17, 'CK-20250109-001', 1, 'PET-T-010', 'PET透明膜0.1mm', 240.000, 'KG', 1, 'PET透明膜0.1mm出库', '2025-01-09 07:30:00'),
(17, 'CK-20250109-001', 12, 'AG-001', '导电银浆-高导电', 160.000, 'G', 11, '导电银浆-高导电出库', '2025-01-09 07:30:00'),
(17, 'CK-20250109-001', 13, 'SP-300', '丝印网版-300目', 2.000, 'PCS', 7, '丝印网版-300目出库', '2025-01-09 07:30:00'),
(18, 'CK-20250109-001', 2, 'PET-W-0125', 'PET白膜0.125mm', 420.000, 'KG', 1, 'PET白膜0.125mm出库', '2025-01-09 07:30:00'),
(18, 'CK-20250109-001', 8, 'UV-IK-BK', 'UV油墨-黑色', 140.000, 'KG', 9, 'UV油墨-黑色出库', '2025-01-09 07:30:00'),
(18, 'CK-20250109-001', 13, 'SP-300', '丝印网版-300目', 1.000, 'PCS', 7, '丝印网版-300目出库', '2025-01-09 07:30:00'),
(19, 'CK-20250109-001', 4, 'PVC-W-020', 'PVC白膜0.2mm', 540.000, 'KG', 2, 'PVC白膜0.2mm出库', '2025-01-09 07:30:00'),
(19, 'CK-20250109-001', 10, 'SL-IK-BK', '溶剂型油墨-黑色', 180.000, 'KG', 10, '溶剂型油墨-黑色出库', '2025-01-09 07:30:00'),
(19, 'CK-20250109-001', 14, 'DD-FT', '模切刀模-平板', 2.000, 'PCS', 8, '模切刀模-平板出库', '2025-01-09 07:30:00'),
(20, 'CK-20250109-001', 2, 'PET-W-0125', 'PET白膜0.125mm', 550.000, 'KG', 1, 'PET白膜0.125mm出库', '2025-01-09 07:30:00'),
(20, 'CK-20250109-001', 8, 'UV-IK-BK', 'UV油墨-黑色', 220.000, 'KG', 9, 'UV油墨-黑色出库', '2025-01-09 07:30:00'),
(20, 'CK-20250109-001', 14, 'DD-FT', '模切刀模-平板', 2.000, 'PCS', 8, '模切刀模-平板出库', '2025-01-09 07:30:00');

-- ============================================================
-- 34. 库存记录 (35条)
-- ============================================================
INSERT IGNORE INTO inv_inventory (material_id, material_code, material_name, warehouse_id, warehouse_name, quantity, available_qty, unit, status, create_time, update_time) VALUES
(1, 'PET-T-010', 'PET透明膜0.1mm', 1, 'PET薄膜原料仓', PET薄膜原料仓.000, 1200.000, 'KG', 1, '2025-01-01 00:00:00', '2025-05-12 00:00:00'),
(2, 'PET-W-0125', 'PET白膜0.125mm', 1, 'PET薄膜原料仓', PET薄膜原料仓.000, 1800.000, 'KG', 1, '2025-01-01 00:00:00', '2025-05-12 00:00:00'),
(3, 'PVC-T-015', 'PVC透明膜0.15mm', 2, 'PVC薄膜原料仓', PVC薄膜原料仓.000, 800.000, 'KG', 1, '2025-01-01 00:00:00', '2025-05-12 00:00:00'),
(4, 'PVC-W-020', 'PVC白膜0.2mm', 2, 'PVC薄膜原料仓', PVC薄膜原料仓.000, 1100.000, 'KG', 1, '2025-01-01 00:00:00', '2025-05-12 00:00:00'),
(5, 'BOPP-T-008', 'BOPP透明膜0.08mm', 1, 'PET薄膜原料仓', PET薄膜原料仓.000, 300.000, 'KG', 1, '2025-01-01 00:00:00', '2025-05-12 00:00:00'),
(6, 'PE-P-005', 'PE保护膜0.05mm', 1, 'PET薄膜原料仓', PET薄膜原料仓.000, 200.000, 'KG', 1, '2025-01-01 00:00:00', '2025-05-12 00:00:00'),
(7, 'PA-80G', '不干胶铜版纸80g', 1, 'PET薄膜原料仓', PET薄膜原料仓.000, 300.000, 'KG', 1, '2025-01-01 00:00:00', '2025-05-12 00:00:00'),
(8, 'UV-IK-BK', 'UV油墨-黑色', 9, 'UV油墨仓', UV油墨仓.000, 85.000, 'KG', 1, '2025-01-01 00:00:00', '2025-05-12 00:00:00'),
(9, 'UV-IK-WH', 'UV油墨-白色', 9, 'UV油墨仓', UV油墨仓.000, 50.000, 'KG', 1, '2025-01-01 00:00:00', '2025-05-12 00:00:00'),
(10, 'SL-IK-BK', '溶剂型油墨-黑色', 10, '溶剂油墨仓', 溶剂油墨仓.000, 35.000, 'KG', 1, '2025-01-01 00:00:00', '2025-05-12 00:00:00'),
(11, 'WT-IK-BK', '水性油墨-黑色', 10, '溶剂油墨仓', 溶剂油墨仓.000, 20.000, 'KG', 1, '2025-01-01 00:00:00', '2025-05-12 00:00:00'),
(12, 'AG-001', '导电银浆-高导电', 11, '危化品主仓', 危化品主仓.000, 180.000, 'G', 1, '2025-01-01 00:00:00', '2025-05-12 00:00:00'),
(13, 'SP-300', '丝印网版-300目', 7, '网版存放仓', 网版存放仓.000, 15.000, 'PCS', 1, '2025-01-01 00:00:00', '2025-05-12 00:00:00'),
(14, 'DD-FT', '模切刀模-平板', 8, '刀模存放仓', 刀模存放仓.000, 12.000, 'PCS', 1, '2025-01-01 00:00:00', '2025-05-12 00:00:00'),
(15, 'DL-STD', '稀释剂-标准型', 10, '溶剂油墨仓', 溶剂油墨仓.000, 60.000, 'L', 1, '2025-01-01 00:00:00', '2025-05-12 00:00:00'),
(16, 'UV-GH', 'UV光油-高光', 9, 'UV油墨仓', UV油墨仓.000, 25.000, 'KG', 1, '2025-01-01 00:00:00', '2025-05-12 00:00:00'),
(17, 'BOX-01', '纸箱-标准型', 5, '标签成品仓', 标签成品仓.000, 500.000, 'PCS', 1, '2025-01-01 00:00:00', '2025-05-12 00:00:00'),
(18, 'LBL-ET', '标签成品-电子标签', 5, '标签成品仓', 标签成品仓.000, 0.000, 'PCS', 1, '2025-01-01 00:00:00', '2025-05-12 00:00:00'),
(19, 'PF-SH', '包装膜成品-热收缩膜', 6, '包装膜成品仓', 包装膜成品仓.000, 0.000, 'KG', 1, '2025-01-01 00:00:00', '2025-05-12 00:00:00'),
(20, 'SQ-PU', '聚氨酯刮刀', 7, '网版存放仓', 网版存放仓.000, 30.000, '支', 1, '2025-01-01 00:00:00', '2025-05-12 00:00:00'),
(21, 'LBL-AC', '空调面板标签', 5, '标签成品仓', 标签成品仓.000, 45000.000, '张', 1, '2025-01-01 00:00:00', '2025-05-12 00:00:00'),
(22, 'LBL-WM', '洗衣机面板标签', 5, '标签成品仓', 标签成品仓.000, 38000.000, '张', 1, '2025-01-01 00:00:00', '2025-05-12 00:00:00'),
(23, 'LBL-MB', '手机后盖标签', 5, '标签成品仓', 标签成品仓.000, 25000.000, '张', 1, '2025-01-01 00:00:00', '2025-05-12 00:00:00'),
(24, 'LBL-AI', '汽车内饰标签', 5, '标签成品仓', 标签成品仓.000, 30000.000, '张', 1, '2025-01-01 00:00:00', '2025-05-12 00:00:00'),
(25, 'LBL-TV', '电视背板标签', 5, '标签成品仓', 标签成品仓.000, 35000.000, '张', 1, '2025-01-01 00:00:00', '2025-05-12 00:00:00'),
(26, 'LBL-CM', '通信设备铭牌', 5, '标签成品仓', 标签成品仓.000, 18000.000, '张', 1, '2025-01-01 00:00:00', '2025-05-12 00:00:00'),
(27, 'LBL-UAV', '无人机产品标签', 5, '标签成品仓', 标签成品仓.000, 22000.000, '张', 1, '2025-01-01 00:00:00', '2025-05-12 00:00:00'),
(28, 'LBL-MED', '医疗设备标签', 5, '标签成品仓', 标签成品仓.000, 15000.000, '张', 1, '2025-01-01 00:00:00', '2025-05-12 00:00:00'),
(29, 'LBL-BAT', '电池产品标签', 5, '标签成品仓', 标签成品仓.000, 45000.000, '张', 1, '2025-01-01 00:00:00', '2025-05-12 00:00:00'),
(30, 'LBL-IC', '汽车仪表盘标签', 5, '标签成品仓', 标签成品仓.000, 25000.000, '张', 1, '2025-01-01 00:00:00', '2025-05-12 00:00:00'),
(31, 'IK-SR-BL', '丝印蓝色油墨', 9, 'UV油墨仓', UV油墨仓.000, 40.000, 'kg', 1, '2025-01-01 00:00:00', '2025-05-12 00:00:00'),
(32, 'IK-SR-YL', '丝印黄色油墨', 9, 'UV油墨仓', UV油墨仓.000, 35.000, 'kg', 1, '2025-01-01 00:00:00', '2025-05-12 00:00:00'),
(33, 'BOX-02', '纸箱', 5, '标签成品仓', 标签成品仓.000, 800.000, '个', 1, '2025-01-01 00:00:00', '2025-05-12 00:00:00'),
(34, 'BUB-01', '气泡膜', 5, '标签成品仓', 标签成品仓.000, 200.000, '卷', 1, '2025-01-01 00:00:00', '2025-05-12 00:00:00'),
(35, 'SL-IK-WH', '溶剂型油墨-白色', 10, '溶剂油墨仓', 溶剂油墨仓.000, 45.000, 'KG', 1, '2025-01-01 00:00:00', '2025-05-12 00:00:00');

-- ============================================================
-- 35. 库存批次 (20条)
-- ============================================================
INSERT IGNORE INTO inv_inventory_batch (batch_no, material_id, warehouse_id, quantity, available_qty, unit, status, created_at) VALUES
('B20250108-001', 1, 1, 500.000, 480.000, 'KG', 1, '2025-01-01 10:00:00'),
('B20250108-002', 2, 1, 800.000, 760.000, 'KG', 1, '2025-01-02 10:00:00'),
('B20250111-001', 3, 2, 400.000, 380.000, 'KG', 1, '2025-01-03 10:00:00'),
('B20250111-002', 4, 2, 600.000, 570.000, 'KG', 1, '2025-01-04 10:00:00'),
('B20250115-001', 8, 9, 50.000, 46.000, 'KG', 1, '2025-01-05 10:00:00'),
('B20250128-001', 1, 1, 600.000, 570.000, 'KG', 1, '2025-01-06 10:00:00'),
('B20250128-002', 2, 1, 900.000, 855.000, 'KG', 1, '2025-01-07 10:00:00'),
('B20250204-001', 12, 11, 200.000, 185.000, 'G', 1, '2025-01-08 10:00:00'),
('B20250213-001', 3, 2, 500.000, 475.000, 'KG', 1, '2025-01-09 10:00:00'),
('B20250228-001', 1, 1, 700.000, 665.000, 'KG', 1, '2025-01-09 10:00:00'),
('B20250228-002', 2, 1, 1000.000, 950.000, 'KG', 1, '2025-01-09 10:00:00'),
('B20250306-001', 1, 1, 650.000, 618.000, 'KG', 1, '2025-01-09 10:00:00'),
('B20250313-001', 8, 9, 60.000, 55.000, 'KG', 1, '2025-01-09 10:00:00'),
('B20250323-001', 3, 2, 550.000, 523.000, 'KG', 1, '2025-01-09 10:00:00'),
('B20250331-001', 1, 15, 600.000, 570.000, 'KG', 1, '2025-01-09 10:00:00'),
('B20250408-001', 13, 7, 20.000, 19.000, 'PCS', 1, '2025-01-09 10:00:00'),
('B20250413-001', 5, 1, 400.000, 380.000, 'KG', 1, '2025-01-09 10:00:00'),
('B20250421-001', 8, 9, 50.000, 46.000, 'KG', 1, '2025-01-09 10:00:00'),
('B20250428-001', 1, 15, 700.000, 665.000, 'KG', 1, '2025-01-09 10:00:00'),
('B20250508-001', 12, 11, 150.000, 140.000, 'G', 1, '2025-01-09 10:00:00');

-- ============================================================
-- 36. 库存流水记录 (20条)
-- ============================================================
INSERT IGNORE INTO inv_inventory_transaction (trans_no, trans_type, source_type, source_id, material_id, material_code, material_name, batch_no, warehouse_id, quantity, unit_price, total_amount, operator_id, operator_name, remark, create_time) VALUES
('TR-20250108-001', 'in', 'inbound', 1, 1, 'PET-T-010', 'PET透明膜0.1mm', 'B20250108-001', 1, 500.000, 20, 10000, 5, '刘洋', 'PET透明膜采购入库', '2025-01-08 10:00:00'),
('TR-20250108-002', 'in', 'inbound', 1, 2, 'PET-W-0125', 'PET白膜0.125mm', 'B20250108-002', 1, 800.000, 22.5, 18000, 5, '刘洋', 'PET白膜采购入库', '2025-01-08 10:00:00'),
('TR-20250109-001', 'out', 'production', 1, 2, 'PET-W-0125', 'PET白膜0.125mm', 'B20250108-002', 1, 750.000, 22.5, 16875, 6, '陈明', '空调面板标签领料', '2025-01-09 07:30:00'),
('TR-20250115-001', 'in', 'inbound', 3, 8, 'UV-IK-BK', 'UV油墨-黑色', 'B20250115-001', 9, 50.000, 120, 6000, 5, '刘洋', 'UV油墨采购入库', '2025-01-15 10:00:00'),
('TR-20250128-001', 'in', 'inbound', 5, 1, 'PET-T-010', 'PET透明膜0.1mm', 'B20250128-001', 1, 600.000, 20, 12000, 5, '刘洋', 'PET透明膜2月采购入库', '2025-01-28 10:00:00'),
('TR-20250204-001', 'in', 'inbound', 6, 12, 'AG-001', '导电银浆-高导电', 'B20250204-001', 11, 200.000, 90, 18000, 5, '刘洋', '导电银浆采购入库', '2025-02-04 10:00:00'),
('TR-20250213-001', 'in', 'inbound', 8, 3, 'PVC-T-015', 'PVC透明膜0.15mm', 'B20250213-001', 2, 500.000, 18, 9000, 5, '刘洋', 'PVC透明膜补货入库', '2025-02-13 10:00:00'),
('TR-20250228-001', 'in', 'inbound', 10, 1, 'PET-T-010', 'PET透明膜0.1mm', 'B20250228-001', 1, 700.000, 20, 14000, 5, '刘洋', 'PET透明膜3月采购入库', '2025-02-28 10:00:00'),
('TR-20250306-001', 'in', 'inbound', 11, 1, 'PET-T-010', 'PET透明膜0.1mm', 'B20250306-001', 1, 650.000, 20, 13000, 5, '刘洋', 'PET透明膜3月采购入库', '2025-03-06 10:00:00'),
('TR-20250313-001', 'in', 'inbound', 12, 8, 'UV-IK-BK', 'UV油墨-黑色', 'B20250313-001', 9, 60.000, 120, 7200, 5, '刘洋', 'UV油墨紧急补货入库', '2025-03-13 10:00:00'),
('TR-20250120-001', 'in', 'return', 1, 2, 'PET-W-0125', 'PET白膜0.125mm', 'B20250108-002', 1, 10.000, 22.5, 225, 6, '陈明', '空调面板标签退料入库', '2025-01-20 16:00:00'),
('TR-20250205-001', 'in', 'return', 5, 2, 'PET-W-0125', 'PET白膜0.125mm', 'B20250128-002', 1, 5.000, 22.5, 112.5, 6, '陈明', '电视背板标签退料入库', '2025-02-05 16:00:00'),
('TR-20250301-001', 'in', 'production', 11, 25, 'LBL-TV', '电视背板标签', 'B20250301-001', 5, 50000.000, 0.7, 35000, 6, '陈明', '电视背板标签生产入库', '2025-03-01 14:00:00'),
('TR-20250311-001', 'in', 'production', 13, 21, 'LBL-AC', '空调面板标签', 'B20250311-001', 5, 55000.000, 1.7, 93500, 6, '陈明', '空调面板标签生产入库', '2025-03-11 14:00:00'),
('TR-20250215-001', 'out', 'sales', 1, 25, 'LBL-TV', '电视背板标签', 'B20250126-001', 5, 4000.000, 0.7, 2800, 6, '陈明', 'TCL退货出库', '2025-02-15 09:00:00'),
('TR-20250320-001', 'out', 'sales', 2, 23, 'LBL-MB', '手机后盖标签', 'B20250306-001', 5, 2000.000, 2.6, 5200, 6, '陈明', '小米退货出库', '2025-03-20 09:30:00'),
('TR-20250323-001', 'in', 'inbound', 14, 3, 'PVC-T-015', 'PVC透明膜0.15mm', 'B20250323-001', 2, 550.000, 18, 9900, 5, '刘洋', 'PVC透明膜3月入库', '2025-03-23 10:00:00'),
('TR-20250408-001', 'in', 'inbound', 16, 13, 'SP-300', '丝印网版-300目', 'B20250408-001', 7, 20.000, 400, 8000, 5, '刘洋', '丝印网版采购入库', '2025-04-08 10:00:00'),
('TR-20250421-001', 'in', 'inbound', 18, 8, 'UV-IK-BK', 'UV油墨-黑色', 'B20250421-001', 9, 50.000, 120, 6000, 5, '刘洋', 'UV油墨4月采购入库', '2025-04-21 10:00:00'),
('TR-20250508-001', 'in', 'inbound', 20, 12, 'AG-001', '导电银浆-高导电', 'B20250508-001', 11, 150.000, 90, 13500, 5, '刘洋', '导电银浆5月采购入库', '2025-05-08 10:00:00');

-- ============================================================
-- 37. 库存调拨单 (10条)
-- ============================================================
INSERT IGNORE INTO inv_transfer_order (transfer_no, transfer_date, from_warehouse_id, from_warehouse_name, to_warehouse_id, to_warehouse_name, total_qty, status, remark, operator_id, operator_name, create_time) VALUES
('TF-20250110-001', '2025-01-10', 15, '来料待检仓', 1, 'PET薄膜原料仓', 1300.000, 'completed', 'PET薄膜来料检毕转仓', 6, '陈明', '2025-01-10 14:00:00'),
('TF-20250113-001', '2025-01-13', 15, '来料待检仓', 2, 'PVC薄膜原料仓', 1000.000, 'completed', 'PVC薄膜来料检毕转仓', 6, '陈明', '2025-01-13 14:00:00'),
('TF-20250117-001', '2025-01-17', 15, '来料待检仓', 9, 'UV油墨仓', 80.000, 'completed', 'UV油墨来料检毕转仓', 6, '陈明', '2025-01-17 14:00:00'),
('TF-20250130-001', '2025-01-30', 15, '来料待检仓', 1, 'PET薄膜原料仓', 1800.000, 'completed', '2月PET薄膜来料检毕转仓', 6, '陈明', '2025-01-30 14:00:00'),
('TF-20250205-001', '2025-02-05', 15, '来料待检仓', 11, '危化品主仓', 200.000, 'completed', '导电银浆来料检毕转仓', 6, '陈明', '2025-02-05 14:00:00'),
('TF-20250301-001', '2025-03-01', 16, '成品待检仓', 5, '标签成品仓', 50000.000, 'completed', '电视背板标签成品检毕转仓', 6, '陈明', '2025-03-01 14:00:00'),
('TF-20250308-001', '2025-03-08', 15, '来料待检仓', 1, 'PET薄膜原料仓', 1650.000, 'completed', '3月PET薄膜来料检毕转仓', 6, '陈明', '2025-03-08 14:00:00'),
('TF-20250312-001', '2025-03-12', 16, '成品待检仓', 5, '标签成品仓', 55000.000, 'completed', '空调面板标签成品检毕转仓', 6, '陈明', '2025-03-12 14:00:00'),
('TF-20250401-001', '2025-04-01', 11, '危化品主仓', 9, 'UV油墨仓', 30.000, 'processing', 'UV油墨仓间调拨', 6, '陈明', '2025-04-01 14:00:00'),
('TF-20250415-001', '2025-04-15', 1, 'PET薄膜原料仓', 3, '丝印半成品仓', 200.000, 'pending', 'PET薄膜调拨至丝印车间', 6, '陈明', '2025-04-15 14:00:00');

-- ============================================================
-- 38. 调拨单明细 (10条)
-- ============================================================
INSERT IGNORE INTO inv_transfer_item (transfer_id, material_id, material_code, material_name, quantity, remark) VALUES
(1, 1, 'PET-T-010', 'PET透明膜0.1mm', 500.000, 'PET透明膜0.1mm调拨'),
(2, 3, 'PVC-T-015', 'PVC透明膜0.15mm', 400.000, 'PVC透明膜0.15mm调拨'),
(3, 8, 'UV-IK-BK', 'UV油墨-黑色', 50.000, 'UV油墨-黑色调拨'),
(4, 1, 'PET-T-010', 'PET透明膜0.1mm', 600.000, 'PET透明膜0.1mm调拨'),
(5, 12, 'AG-001', '导电银浆-高导电', 200.000, '导电银浆-高导电调拨'),
(6, 25, 'LBL-TV', '电视背板标签', 50000.000, '电视背板标签调拨'),
(7, 1, 'PET-T-010', 'PET透明膜0.1mm', 650.000, 'PET透明膜0.1mm调拨'),
(8, 21, 'LBL-AC', '空调面板标签', 55000.000, '空调面板标签调拨'),
(9, 8, 'UV-IK-BK', 'UV油墨-黑色', 30.000, 'UV油墨-黑色调拨'),
(10, 1, 'PET-T-010', 'PET透明膜0.1mm', 200.000, 'PET透明膜0.1mm调拨');

-- ============================================================
-- 39. 库存调整单 (10条)
-- ============================================================
INSERT IGNORE INTO inv_stock_adjust (adjust_no, adjust_date, adjust_type, warehouse_id, warehouse_name, status, remark, operator_id, operator_name, create_time) VALUES
('SA-20250115-001', '2025-01-15', '盘点调整', 1, 'PET薄膜原料仓', 'completed', '1月盘点调整PET薄膜', 6, '陈明', '2025-01-15 15:00:00'),
('SA-20250115-002', '2025-01-15', '盘点调整', 2, 'PVC薄膜原料仓', 'completed', '1月盘点调整PVC薄膜', 6, '陈明', '2025-01-15 15:00:00'),
('SA-20250215-001', '2025-02-15', '损耗调整', 9, 'UV油墨仓', 'completed', 'UV油墨自然挥发损耗', 6, '陈明', '2025-02-15 15:00:00'),
('SA-20250215-002', '2025-02-15', '盘点调整', 5, '标签成品仓', 'completed', '2月盘点调整标签成品', 6, '陈明', '2025-02-15 15:00:00'),
('SA-20250315-001', '2025-03-15', '损耗调整', 10, '溶剂油墨仓', 'completed', '溶剂油墨自然挥发损耗', 6, '陈明', '2025-03-15 15:00:00'),
('SA-20250315-002', '2025-03-15', '盘点调整', 1, 'PET薄膜原料仓', 'completed', '3月盘点调整PET薄膜', 6, '陈明', '2025-03-15 15:00:00'),
('SA-20250401-001', '2025-04-01', '报损调整', 19, '不合格品仓', 'completed', '不合格品报废处理', 6, '陈明', '2025-04-01 15:00:00'),
('SA-20250415-001', '2025-04-15', '盘点调整', 5, '标签成品仓', 'completed', '4月盘点调整标签成品', 6, '陈明', '2025-04-15 15:00:00'),
('SA-20250501-001', '2025-05-01', '损耗调整', 9, 'UV油墨仓', 'approved', 'UV油墨自然挥发损耗', 6, '陈明', '2025-05-01 15:00:00'),
('SA-20250510-001', '2025-05-10', '盘点调整', 1, 'PET薄膜原料仓', 'pending', '5月盘点调整PET薄膜', 6, '陈明', '2025-05-10 15:00:00');

-- ============================================================
-- 40. 库存调整明细 (10条)
-- ============================================================
INSERT IGNORE INTO inv_stock_adjust_item (adjust_id, material_id, material_code, material_name, before_qty, adjust_qty, after_qty, remark) VALUES
(1, 1, 'PET-T-010', 'PET透明膜0.1mm', 1300.000, 5.000, 1305.000, '盘点盈余'),
(1, 2, 'PET-W-0125', 'PET白膜0.125mm', 1800.000, -3.000, 1797.000, '盘点短缺'),
(2, 3, 'PVC-T-015', 'PVC透明膜0.15mm', 800.000, 2.000, 802.000, '盘点盈余'),
(3, 8, 'UV-IK-BK', 'UV油墨-黑色', 85.000, -2.000, 83.000, '自然挥发损耗'),
(4, 21, 'LBL-AC', '空调面板标签', 50000.000, 100.000, 50100.000, '盘点盈余'),
(5, 10, 'SL-IK-BK', '溶剂型油墨-黑色', 35.000, -1.000, 34.000, '自然挥发损耗'),
(6, 1, 'PET-T-010', 'PET透明膜0.1mm', 1200.000, -8.000, 1192.000, '盘点短缺'),
(7, 24, 'LBL-AI', '汽车内饰标签', 2000.000, -2000.000, 0.000, '不合格品报废'),
(8, 25, 'LBL-TV', '电视背板标签', 35000.000, -50.000, 34950.000, '盘点短缺'),
(9, 8, 'UV-IK-BK', 'UV油墨-黑色', 60.000, -3.000, 57.000, '自然挥发损耗');

-- ============================================================
-- 41. 盘点单 (5条)
-- ============================================================
INSERT IGNORE INTO inv_stocktaking (stocktaking_no, stocktaking_date, warehouse_id, warehouse_name, status, remark, operator_id, operator_name, create_time) VALUES
('ST-20250115-001', '2025-01-15', 1, 'PET薄膜原料仓', 'completed', '1月份PET薄膜仓库盘点', 6, '陈明', '2025-01-15 09:00:00'),
('ST-20250115-002', '2025-01-15', 2, 'PVC薄膜原料仓', 'completed', '1月份PVC薄膜仓库盘点', 6, '陈明', '2025-01-15 09:00:00'),
('ST-20250215-001', '2025-02-15', 5, '标签成品仓', 'completed', '2月份标签成品仓库盘点', 6, '陈明', '2025-02-15 09:00:00'),
('ST-20250315-001', '2025-03-15', 1, 'PET薄膜原料仓', 'completed', '3月份PET薄膜仓库盘点', 6, '陈明', '2025-03-15 09:00:00'),
('ST-20250415-001', '2025-04-15', 5, '标签成品仓', 'approved', '4月份标签成品仓库盘点', 6, '陈明', '2025-04-15 09:00:00');

-- ============================================================
-- 42. 盘点明细 (10条)
-- ============================================================
INSERT IGNORE INTO inv_stocktaking_item (stocktaking_id, material_id, material_code, material_name, system_qty, actual_qty, diff_qty, remark) VALUES
(1, 1, 'PET-T-010', 'PET透明膜0.1mm', 1300.000, 1305.000, 5.000, '盘点盈余5KG'),
(1, 2, 'PET-W-0125', 'PET白膜0.125mm', 1800.000, 1797.000, -3.000, '盘点短缺3KG'),
(2, 3, 'PVC-T-015', 'PVC透明膜0.15mm', 800.000, 802.000, 2.000, '盘点盈余2KG'),
(3, 21, 'LBL-AC', '空调面板标签', 50000.000, 50100.000, 100.000, '盘点盈余100张'),
(3, 22, 'LBL-WM', '洗衣机面板标签', 38000.000, 38000.000, 0.000, '账实相符'),
(4, 1, 'PET-T-010', 'PET透明膜0.1mm', 1200.000, 1192.000, -8.000, '盘点短缺8KG'),
(4, 2, 'PET-W-0125', 'PET白膜0.125mm', 1800.000, 1800.000, 0.000, '账实相符'),
(5, 25, 'LBL-TV', '电视背板标签', 35000.000, 34950.000, -50.000, '盘点短缺50张'),
(5, 29, 'LBL-BAT', '电池产品标签', 45000.000, 45200.000, 200.000, '盘点盈余200张'),
(5, 21, 'LBL-AC', '空调面板标签', 45000.000, 45000.000, 0.000, '账实相符');

-- ============================================================
-- 43. 生产入库单 (13条)
-- ============================================================
INSERT IGNORE INTO inv_production_inbound (inbound_no, inbound_date, work_order_id, work_order_no, product_id, product_name, warehouse_id, warehouse_name, quantity, status, remark, operator_id, operator_name, create_time) VALUES
('PI-20250109-001', '2025-01-09', 1, 'WO-20250109-001', 21, '空调面板标签', 5, '标签成品仓', 50000.000, 'completed', '空调面板标签生产入库', 6, '陈明', '2025-01-09 16:00:00'),
('PI-20250111-001', '2025-01-11', 2, 'WO-20250111-001', 22, '洗衣机面板标签', 5, '标签成品仓', 40000.000, 'completed', '洗衣机面板标签生产入库', 6, '陈明', '2025-01-11 16:00:00'),
('PI-20250116-001', '2025-01-16', 3, 'WO-20250116-001', 23, '手机后盖标签', 5, '标签成品仓', 30000.000, 'completed', '手机后盖标签生产入库', 6, '陈明', '2025-01-16 16:00:00'),
('PI-20250121-001', '2025-01-21', 4, 'WO-20250121-001', 24, '汽车内饰标签', 5, '标签成品仓', 35000.000, 'completed', '汽车内饰标签生产入库', 6, '陈明', '2025-01-21 16:00:00'),
('PI-20250126-001', '2025-01-26', 5, 'WO-20250126-001', 25, '电视背板标签', 5, '标签成品仓', 40000.000, 'completed', '电视背板标签生产入库', 6, '陈明', '2025-01-26 16:00:00'),
('PI-20250202-001', '2025-02-02', 6, 'WO-20250202-001', 26, '通信设备铭牌', 5, '标签成品仓', 20000.000, 'completed', '通信设备铭牌生产入库', 6, '陈明', '2025-02-02 16:00:00'),
('PI-20250206-001', '2025-02-06', 7, 'WO-20250206-001', 27, '无人机产品标签', 5, '标签成品仓', 25000.000, 'completed', '无人机产品标签生产入库', 6, '陈明', '2025-02-06 16:00:00'),
('PI-20250211-001', '2025-02-11', 8, 'WO-20250211-001', 28, '医疗设备标签', 5, '标签成品仓', 20000.000, 'completed', '医疗设备标签生产入库', 6, '陈明', '2025-02-11 16:00:00'),
('PI-20250216-001', '2025-02-16', 9, 'WO-20250216-001', 29, '电池产品标签', 5, '标签成品仓', 50000.000, 'completed', '电池产品标签生产入库', 6, '陈明', '2025-02-16 16:00:00'),
('PI-20250221-001', '2025-02-21', 10, 'WO-20250221-001', 30, '汽车仪表盘标签', 5, '标签成品仓', 30000.000, 'completed', '汽车仪表盘标签生产入库', 6, '陈明', '2025-02-21 16:00:00'),
('PI-20250301-001', '2025-03-01', 11, 'WO-20250301-001', 25, '电视背板标签', 5, '标签成品仓', 50000.000, 'completed', '电视背板标签追加生产入库', 6, '陈明', '2025-03-01 16:00:00'),
('PI-20250306-001', '2025-03-06', 12, 'WO-20250306-001', 23, '手机后盖标签', 5, '标签成品仓', 20000.000, 'completed', '手机后盖标签生产入库', 6, '陈明', '2025-03-06 16:00:00'),
('PI-20250311-001', '2025-03-11', 13, 'WO-20250311-001', 21, '空调面板标签', 5, '标签成品仓', 55000.000, 'completed', '空调面板标签追加生产入库', 6, '陈明', '2025-03-11 16:00:00');

-- ============================================================
-- 44. 生产入库明细 (13条)
-- ============================================================
INSERT IGNORE INTO inv_production_inbound_item (inbound_id, material_id, material_code, material_name, quantity, batch_no, remark) VALUES
(1, 21, 'LBL-AC', '空调面板标签', 50000.000, 'B20250109-001', '空调面板标签生产入库'),
(2, 22, 'LBL-WM', '洗衣机面板标签', 40000.000, 'B20250111-001', '洗衣机面板标签生产入库'),
(3, 23, 'LBL-MB', '手机后盖标签', 30000.000, 'B20250116-001', '手机后盖标签生产入库'),
(4, 24, 'LBL-AI', '汽车内饰标签', 35000.000, 'B20250121-001', '汽车内饰标签生产入库'),
(5, 25, 'LBL-TV', '电视背板标签', 40000.000, 'B20250126-001', '电视背板标签生产入库'),
(6, 26, 'LBL-CM', '通信设备铭牌', 20000.000, 'B20250202-001', '通信设备铭牌生产入库'),
(7, 27, 'LBL-UAV', '无人机产品标签', 25000.000, 'B20250206-001', '无人机产品标签生产入库'),
(8, 28, 'LBL-MED', '医疗设备标签', 20000.000, 'B20250211-001', '医疗设备标签生产入库'),
(9, 29, 'LBL-BAT', '电池产品标签', 50000.000, 'B20250216-001', '电池产品标签生产入库'),
(10, 30, 'LBL-IC', '汽车仪表盘标签', 30000.000, 'B20250221-001', '汽车仪表盘标签生产入库'),
(11, 25, 'LBL-TV', '电视背板标签', 50000.000, 'B20250301-001', '电视背板标签生产入库'),
(12, 23, 'LBL-MB', '手机后盖标签', 20000.000, 'B20250306-001', '手机后盖标签生产入库'),
(13, 21, 'LBL-AC', '空调面板标签', 55000.000, 'B20250311-001', '空调面板标签生产入库');

-- ============================================================
-- 45. 销售出库单 (13条)
-- ============================================================
INSERT IGNORE INTO inv_sales_outbound (outbound_no, outbound_date, delivery_id, delivery_no, customer_id, customer_name, warehouse_id, warehouse_name, total_qty, status, remark, operator_id, operator_name, create_time) VALUES
('SOB-20250110-001', '2025-01-10', 1, 'DO-20250108-001', 1, '美的', 5, '标签成品仓', 50000.000, 'completed', '美的空调面板标签出库', 6, '陈明', '2025-01-10 09:00:00'),
('SOB-20250112-001', '2025-01-12', 2, 'DO-20250110-001', 2, '格力', 5, '标签成品仓', 40000.000, 'completed', '格力洗衣机面板标签出库', 6, '陈明', '2025-01-12 09:00:00'),
('SOB-20250117-001', '2025-01-17', 3, 'DO-20250115-001', 3, '华为', 5, '标签成品仓', 30000.000, 'completed', '华为手机后盖标签出库', 6, '陈明', '2025-01-17 09:00:00'),
('SOB-20250122-001', '2025-01-22', 4, 'DO-20250120-001', 4, '比亚迪', 5, '标签成品仓', 35000.000, 'completed', '比亚迪汽车内饰标签出库', 6, '陈明', '2025-01-22 09:00:00'),
('SOB-20250127-001', '2025-01-27', 5, 'DO-20250125-001', 5, 'TCL', 5, '标签成品仓', 40000.000, 'completed', 'TCL电视背板标签出库', 6, '陈明', '2025-01-27 09:00:00'),
('SOB-20250203-001', '2025-02-03', 6, 'DO-20250201-001', 6, '中兴', 5, '标签成品仓', 20000.000, 'completed', '中兴通信设备铭牌出库', 6, '陈明', '2025-02-03 09:00:00'),
('SOB-20250207-001', '2025-02-07', 7, 'DO-20250205-001', 13, '大疆', 5, '标签成品仓', 25000.000, 'completed', '大疆无人机产品标签出库', 6, '陈明', '2025-02-07 09:00:00'),
('SOB-20250212-001', '2025-02-12', 8, 'DO-20250210-001', 15, '迈瑞医疗', 5, '标签成品仓', 20000.000, 'completed', '迈瑞医疗设备标签出库', 6, '陈明', '2025-02-12 09:00:00'),
('SOB-20250217-001', '2025-02-17', 9, 'DO-20250215-001', 16, '珠海冠宇', 5, '标签成品仓', 50000.000, 'completed', '冠宇电池产品标签出库', 6, '陈明', '2025-02-17 09:00:00'),
('SOB-20250222-001', '2025-02-22', 10, 'DO-20250220-001', 7, '广汽', 5, '标签成品仓', 30000.000, 'completed', '广汽汽车仪表盘标签出库', 6, '陈明', '2025-02-22 09:00:00'),
('SOB-20250302-001', '2025-03-02', 11, 'DO-20250228-001', 8, '海信', 5, '标签成品仓', 50000.000, 'completed', '海信电视背板标签出库', 6, '陈明', '2025-03-02 09:00:00'),
('SOB-20250307-001', '2025-03-07', 12, 'DO-20250305-001', 9, '小米', 5, '标签成品仓', 20000.000, 'completed', '小米手机后盖标签出库', 6, '陈明', '2025-03-07 09:00:00'),
('SOB-20250312-001', '2025-03-12', 13, 'DO-20250310-001', 1, '美的', 5, '标签成品仓', 55000.000, 'completed', '美的空调面板标签追加出库', 6, '陈明', '2025-03-12 09:00:00');

-- ============================================================
-- 46. 销售出库明细 (13条)
-- ============================================================
INSERT IGNORE INTO inv_sales_outbound_item (outbound_id, material_id, material_code, material_name, quantity, batch_no, remark) VALUES
(1, 21, 'LBL-AC', '空调面板标签', 50000.000, 'B20250110-001', '美的标签出库'),
(2, 22, 'LBL-WM', '洗衣机面板标签', 40000.000, 'B20250112-001', '格力标签出库'),
(3, 23, 'LBL-MB', '手机后盖标签', 30000.000, 'B20250117-001', '华为标签出库'),
(4, 24, 'LBL-AI', '汽车内饰标签', 35000.000, 'B20250122-001', '比亚迪标签出库'),
(5, 25, 'LBL-TV', '电视背板标签', 40000.000, 'B20250127-001', 'TCL标签出库'),
(6, 26, 'LBL-CM', '通信设备铭牌', 20000.000, 'B20250203-001', '中兴标签出库'),
(7, 27, 'LBL-UAV', '无人机产品标签', 25000.000, 'B20250207-001', '大疆标签出库'),
(8, 28, 'LBL-MED', '医疗设备标签', 20000.000, 'B20250212-001', '迈瑞医疗标签出库'),
(9, 29, 'LBL-BAT', '电池产品标签', 50000.000, 'B20250217-001', '珠海冠宇标签出库'),
(10, 30, 'LBL-IC', '汽车仪表盘标签', 30000.000, 'B20250222-001', '广汽标签出库'),
(11, 25, 'LBL-TV', '电视背板标签', 50000.000, 'B20250302-001', '海信标签出库'),
(12, 23, 'LBL-MB', '手机后盖标签', 20000.000, 'B20250307-001', '小米标签出库'),
(13, 21, 'LBL-AC', '空调面板标签', 55000.000, 'B20250312-001', '美的标签出库');


-- ############################################################
-- # 第六部分：财务管理
-- ############################################################

-- ============================================================
-- 47. 应收账款 (20条)
-- ============================================================
INSERT IGNORE INTO fin_receivable (receivable_no, customer_id, customer_name, source_type, source_id, source_no, amount, received_amount, status, due_date, remark, create_time) VALUES
('AR-20250108-001', 1, '美的', 'sales_order', 1, 'SO-20250108-001', 85000, 85000, 3, '2025-02-08', '美的空调面板标签应收', '美的空调面板标签 09:00:00'),
('AR-20250110-001', 2, '格力', 'sales_order', 2, 'SO-20250110-001', 62000, 62000, 3, '2025-02-10', '格力洗衣机面板标签应收', '格力洗衣机面板标签 09:00:00'),
('AR-20250115-001', 3, '华为', 'sales_order', 3, 'SO-20250115-001', 120000, 120000, 3, '2025-02-15', '华为手机后盖标签应收', '华为手机后盖标签 09:00:00'),
('AR-20250120-001', 4, '比亚迪', 'sales_order', 4, 'SO-20250120-001', 45000, 45000, 3, '2025-02-20', '比亚迪汽车内饰标签应收', '比亚迪汽车内饰标签 09:00:00'),
('AR-20250125-001', 5, 'TCL', 'sales_order', 5, 'SO-20250125-001', 28000, 28000, 3, '2025-02-25', 'TCL电视背板标签应收', 'TCL电视背板标签 09:00:00'),
('AR-20250201-001', 6, '中兴', 'sales_order', 6, 'SO-20250201-001', 95000, 95000, 3, '2025-03-01', '中兴通信设备铭牌应收', '中兴通信设备铭牌 09:00:00'),
('AR-20250205-001', 13, '大疆', 'sales_order', 7, 'SO-20250205-001', 56000, 56000, 3, '2025-03-05', '大疆无人机产品标签应收', '大疆无人机产品标签 09:00:00'),
('AR-20250210-001', 15, '迈瑞医疗', 'sales_order', 8, 'SO-20250210-001', 78000, 78000, 3, '2025-03-10', '迈瑞医疗设备标签应收', '迈瑞医疗设备标签 09:00:00'),
('AR-20250215-001', 16, '珠海冠宇', 'sales_order', 9, 'SO-20250215-001', 32000, 32000, 3, '2025-03-15', '冠宇电池产品标签应收', '冠宇电池产品标签 09:00:00'),
('AR-20250220-001', 7, '广汽', 'sales_order', 10, 'SO-20250220-001', 68000, 68000, 3, '2025-03-20', '广汽汽车仪表盘标签应收', '广汽汽车仪表盘标签 09:00:00'),
('AR-20250228-001', 8, '海信', 'sales_order', 11, 'SO-20250228-001', 35000, 35000, 3, '2025-03-28', '海信家电标签应收', '海信家电标签 09:00:00'),
('AR-20250305-001', 9, '小米', 'sales_order', 12, 'SO-20250305-001', 52000, 52000, 3, '2025-04-05', '小米手机标签应收', '小米手机标签 09:00:00'),
('AR-20250310-001', 1, '美的', 'sales_order', 13, 'SO-20250310-001', 92000, 92000, 3, '2025-04-10', '美的空调面板标签追加应收', '美的空调面板标签追加 09:00:00'),
('AR-20250315-001', 3, '华为', 'sales_order', 14, 'SO-20250315-001', 135000, 67500, 2, '2025-04-15', '华为手机后盖标签追加应收', '华为手机后盖标签追加 09:00:00'),
('AR-20250320-001', 4, '比亚迪', 'sales_order', 15, 'SO-20250320-001', 58000, 29000, 2, '2025-04-20', '比亚迪汽车内饰标签追加应收', '比亚迪汽车内饰标签追加 09:00:00'),
('AR-20250328-001', 10, 'OPPO', 'sales_order', 16, 'SO-20250328-001', 42000, 0, 1, '2025-04-28', 'OPPO手机标签应收', 'OPPO手机标签 09:00:00'),
('AR-20250405-001', 11, 'vivo', 'sales_order', 17, 'SO-20250405-001', 48000, 0, 1, '2025-05-05', 'vivo手机标签应收', 'vivo手机标签 09:00:00'),
('AR-20250412-001', 12, '创维', 'sales_order', 18, 'SO-20250412-001', 25000, 0, 1, '2025-05-12', '创维电视标签应收', '创维电视标签 09:00:00'),
('AR-20250420-001', 14, '广汽乘用车', 'sales_order', 19, 'SO-20250420-001', 72000, 0, 1, '2025-05-20', '广汽乘用车标签应收', '广汽乘用车标签 09:00:00'),
('AR-20250428-001', 17, '亿纬锂能', 'sales_order', 20, 'SO-20250428-001', 38000, 0, 1, '2025-05-28', '亿纬锂能标签应收', '亿纬锂能标签 09:00:00');

-- ============================================================
-- 48. 应付账款 (20条)
-- ============================================================
INSERT IGNORE INTO fin_payable (payable_no, supplier_id, supplier_name, source_type, source_id, source_no, amount, paid_amount, status, due_date, remark, create_time) VALUES
('AP-20250106-001', 1, '东莞鑫达薄膜', 'purchase_order', 1, 'PO-20250106-001', 28000, 28000, 3, '2025-02-06', 'PET薄膜采购应付', 'PET薄膜采购 09:00:00'),
('AP-20250109-001', 2, '佛山顺达PVC', 'purchase_order', 2, 'PO-20250109-001', 22000, 22000, 3, '2025-02-09', 'PVC薄膜采购应付', 'PVC薄膜采购 09:00:00'),
('AP-20250113-001', 3, '深圳精诚油墨', 'purchase_order', 3, 'PO-20250113-001', 12000, 12000, 3, '2025-02-13', 'UV油墨采购应付', 'UV油墨采购 09:00:00'),
('AP-20250119-001', 7, '苏州雅特不干胶', 'purchase_order', 4, 'PO-20250119-001', 5400, 5400, 3, '2025-02-19', '不干胶铜版纸采购应付', '不干胶铜版纸采购 09:00:00'),
('AP-20250126-001', 1, '东莞鑫达薄膜', 'purchase_order', 5, 'PO-20250126-001', 35000, 35000, 3, '2025-02-26', '2月薄膜采购应付', '2月薄膜采购 09:00:00'),
('AP-20250202-001', 10, '深圳特种油墨', 'purchase_order', 6, 'PO-20250202-001', 18000, 18000, 3, '2025-03-02', '导电银浆采购应付', '导电银浆采购 09:00:00'),
('AP-20250206-001', 4, '广州永盛化工', 'purchase_order', 7, 'PO-20250206-001', 8500, 8500, 3, '2025-03-06', '溶剂型油墨采购应付', '溶剂型油墨采购 09:00:00'),
('AP-20250211-001', 2, '佛山顺达PVC', 'purchase_order', 8, 'PO-20250211-001', 24000, 24000, 3, '2025-03-11', 'PVC薄膜补货应付', 'PVC薄膜补货 09:00:00'),
('AP-20250219-001', 4, '广州永盛化工', 'purchase_order', 9, 'PO-20250219-001', 3000, 3000, 3, '2025-03-19', '稀释剂采购应付', '稀释剂采购 09:00:00'),
('AP-20250226-001', 1, '东莞鑫达薄膜', 'purchase_order', 10, 'PO-20250226-001', 38000, 38000, 3, '2025-03-26', '3月薄膜采购应付', '3月薄膜采购 09:00:00'),
('AP-20250304-001', 1, '东莞鑫达薄膜', 'purchase_order', 11, 'PO-20250304-001', 32000, 32000, 3, '2025-04-04', '3月PET采购应付', '3月PET采购 09:00:00'),
('AP-20250311-001', 3, '深圳精诚油墨', 'purchase_order', 12, 'PO-20250311-001', 15000, 15000, 3, '2025-04-11', 'UV油墨补货应付', 'UV油墨补货 09:00:00'),
('AP-20250316-001', 6, '上海紫江油墨', 'purchase_order', 13, 'PO-20250316-001', 4800, 2400, 2, '2025-04-16', '水性油墨采购应付', '水性油墨采购 09:00:00'),
('AP-20250321-001', 2, '佛山顺达PVC', 'purchase_order', 14, 'PO-20250321-001', 26000, 13000, 2, '2025-04-21', '3月下旬PVC采购应付', '3月下旬PVC采购 09:00:00'),
('AP-20250329-001', 1, '东莞鑫达薄膜', 'purchase_order', 15, 'PO-20250329-001', 28000, 0, 1, '2025-04-29', '4月薄膜采购应付', '4月薄膜采购 09:00:00'),
('AP-20250406-001', 5, '东莞宏达丝网', 'purchase_order', 16, 'PO-20250406-001', 8000, 0, 1, '2025-05-06', '丝印网版采购应付', '丝印网版采购 09:00:00'),
('AP-20250411-001', 12, '惠州天成薄膜', 'purchase_order', 17, 'PO-20250411-001', 15000, 0, 1, '2025-05-11', 'BOPP薄膜采购应付', 'BOPP薄膜采购 09:00:00'),
('AP-20250419-001', 3, '深圳精诚油墨', 'purchase_order', 18, 'PO-20250419-001', 13000, 0, 1, '2025-05-19', '4月下旬油墨采购应付', '4月下旬油墨采购 09:00:00'),
('AP-20250426-001', 1, '东莞鑫达薄膜', 'purchase_order', 19, 'PO-20250426-001', 40000, 0, 1, '2025-05-26', '5月薄膜采购应付', '5月薄膜采购 09:00:00'),
('AP-20250506-001', 10, '深圳特种油墨', 'purchase_order', 20, 'PO-20250506-001', 22000, 0, 1, '2025-06-06', '导电银浆及稀释剂采购应付', '导电银浆及稀释剂采购 09:00:00');

-- ============================================================
-- 49. 成本记录 (20条)
-- ============================================================
INSERT IGNORE INTO fin_cost_record (cost_no, cost_date, cost_type, work_order_id, work_order_no, product_name, material_cost, labor_cost, overhead_cost, total_cost, remark, create_time) VALUES
('CR-20250109-001', '2025-01-09', 'production', 1, 'WO-20250109-001', '空调面板标签', 42500, 8000, 3500, 54000, '空调面板标签生产成本', '2025-01-09 17:00:00'),
('CR-20250111-001', '2025-01-11', 'production', 2, 'WO-20250111-001', '洗衣机面板标签', 31000, 6400, 2800, 40200, '洗衣机面板标签生产成本', '2025-01-11 17:00:00'),
('CR-20250116-001', '2025-01-16', 'production', 3, 'WO-20250116-001', '手机后盖标签', 72000, 4800, 2100, 78900, '手机后盖标签生产成本', '2025-01-16 17:00:00'),
('CR-20250121-001', '2025-01-21', 'production', 4, 'WO-20250121-001', '汽车内饰标签', 25200, 5600, 2450, 33250, '汽车内饰标签生产成本', '2025-01-21 17:00:00'),
('CR-20250126-001', '2025-01-26', 'production', 5, 'WO-20250126-001', '电视背板标签', 16800, 6400, 2800, 26000, '电视背板标签生产成本', '2025-01-26 17:00:00'),
('CR-20250202-001', '2025-02-02', 'production', 6, 'WO-20250202-001', '通信设备铭牌', 57000, 3200, 1400, 61600, '通信设备铭牌生产成本', '2025-02-02 17:00:00'),
('CR-20250206-001', '2025-02-06', 'production', 7, 'WO-20250206-001', '无人机产品标签', 33600, 4000, 1750, 39350, '无人机产品标签生产成本', '2025-02-06 17:00:00'),
('CR-20250211-001', '2025-02-11', 'production', 8, 'WO-20250211-001', '医疗设备标签', 46800, 3200, 1400, 51400, '医疗设备标签生产成本', '2025-02-11 17:00:00'),
('CR-20250216-001', '2025-02-16', 'production', 9, 'WO-20250216-001', '电池产品标签', 16000, 8000, 3500, 27500, '电池产品标签生产成本', '2025-02-16 17:00:00'),
('CR-20250221-001', '2025-02-21', 'production', 10, 'WO-20250221-001', '汽车仪表盘标签', 40800, 4800, 2100, 47700, '汽车仪表盘标签生产成本', '2025-02-21 17:00:00'),
('CR-20250301-001', '2025-03-01', 'production', 11, 'WO-20250301-001', '电视背板标签', 21000, 8000, 3500, 32500, '电视背板标签追加生产成本', '2025-03-01 17:00:00'),
('CR-20250306-001', '2025-03-06', 'production', 12, 'WO-20250306-001', '手机后盖标签', 48000, 3200, 1400, 52600, '手机后盖标签生产成本', '2025-03-06 17:00:00'),
('CR-20250311-001', '2025-03-11', 'production', 13, 'WO-20250311-001', '空调面板标签', 46750, 8800, 3850, 59400, '空调面板标签追加生产成本', '2025-03-11 17:00:00'),
('CR-20250316-001', '2025-03-16', 'production', 14, 'WO-20250316-001', '手机后盖标签', 50400, 3200, 1400, 55000, '手机后盖标签生产成本', '2025-03-16 17:00:00'),
('CR-20250321-001', '2025-03-21', 'production', 15, 'WO-20250321-001', '汽车内饰标签', 28800, 6400, 2800, 38000, '汽车内饰标签生产成本', '2025-03-21 17:00:00'),
('CR-20250131-001', '2025-01-31', 'overhead', 0, 'N/A', '公共费用', 0, 0, 15000, 15000, '1月份车间制造费用分摊', '2025-01-31 17:00:00'),
('CR-20250228-001', '2025-02-28', 'overhead', 0, 'N/A', '公共费用', 0, 0, 16500, 16500, '2月份车间制造费用分摊', '2025-02-28 17:00:00'),
('CR-20250331-001', '2025-03-31', 'overhead', 0, 'N/A', '公共费用', 0, 0, 18000, 18000, '3月份车间制造费用分摊', '2025-03-31 17:00:00'),
('CR-20250430-001', '2025-04-30', 'overhead', 0, 'N/A', '公共费用', 0, 0, 17000, 17000, '4月份车间制造费用分摊', '2025-04-30 17:00:00'),
('CR-20250512-001', '2025-05-12', 'overhead', 0, 'N/A', '公共费用', 0, 0, 8000, 8000, '5月份车间制造费用分摊', '2025-05-12 17:00:00');

-- ============================================================
-- 50. 付款记录 (20条)
-- ============================================================
INSERT IGNORE INTO fin_payment (payment_no, payable_id, amount, payment_date, payment_method, remark, create_by, create_time) VALUES
('PAY-20250206-001', 1, 28000, '2025-02-06', '银行转账', 'PET薄膜货款', 7, '2025-02-06 10:00:00'),
('PAY-20250209-001', 2, 22000, '2025-02-09', '银行转账', 'PVC薄膜货款', 7, '2025-02-09 10:00:00'),
('PAY-20250213-001', 3, 12000, '2025-02-13', '银行转账', 'UV油墨货款', 7, '2025-02-13 10:00:00'),
('PAY-20250219-001', 4, 5400, '2025-02-19', '银行转账', '不干胶铜版纸货款', 7, '2025-02-19 10:00:00'),
('PAY-20250226-001', 5, 35000, '2025-02-26', '银行转账', '2月薄膜货款', 7, '2025-02-26 10:00:00'),
('PAY-20250302-001', 6, 18000, '2025-03-02', '银行转账', '导电银浆货款', 7, '2025-03-02 10:00:00'),
('PAY-20250306-001', 7, 8500, '2025-03-06', '银行转账', '溶剂型油墨货款', 7, '2025-03-06 10:00:00'),
('PAY-20250311-001', 8, 24000, '2025-03-11', '银行转账', 'PVC薄膜补货货款', 7, '2025-03-11 10:00:00'),
('PAY-20250319-001', 9, 3000, '2025-03-19', '银行转账', '稀释剂货款', 7, '2025-03-19 10:00:00'),
('PAY-20250326-001', 10, 38000, '2025-03-26', '银行转账', '3月薄膜货款', 7, '2025-03-26 10:00:00'),
('PAY-20250404-001', 11, 32000, '2025-04-04', '银行转账', '3月PET货款', 7, '2025-04-04 10:00:00'),
('PAY-20250411-001', 12, 15000, '2025-04-11', '银行转账', 'UV油墨补货货款', 7, '2025-04-11 10:00:00'),
('PAY-20250416-001', 13, 2400, '2025-04-16', '银行转账', '水性油墨部分货款', 7, '2025-04-16 10:00:00'),
('PAY-20250421-001', 14, 13000, '2025-04-21', '银行转账', '3月下旬PVC部分货款', 7, '2025-04-21 10:00:00'),
('PAY-20250428-001', 15, 0, '2025-04-28', '银行转账', '4月薄膜货款待付', 7, '2025-04-28 10:00:00'),
('PAY-20250506-001', 16, 0, '2025-05-06', '银行转账', '丝印网版货款待付', 7, '2025-05-06 10:00:00'),
('PAY-20250511-001', 17, 0, '2025-05-11', '银行转账', 'BOPP薄膜货款待付', 7, '2025-05-11 10:00:00'),
('PAY-20250519-001', 18, 0, '2025-05-19', '银行转账', '4月下旬油墨货款待付', 7, '2025-05-19 10:00:00'),
('PAY-20250526-001', 19, 0, '2025-05-26', '银行转账', '5月薄膜货款待付', 7, '2025-05-26 10:00:00'),
('PAY-20250606-001', 20, 0, '2025-06-06', '银行转账', '导电银浆及稀释剂货款待付', 7, '2025-06-06 10:00:00');

-- ============================================================
-- 51. 收款记录 (20条)
-- ============================================================
INSERT IGNORE INTO fin_receipt (receipt_no, receivable_id, amount, receipt_date, receipt_method, remark, create_by, create_time) VALUES
('RCV-20250208-001', 1, 85000, '2025-02-08', '银行转账', '美的空调面板标签全款', 7, '2025-02-08 10:00:00'),
('RCV-20250210-001', 2, 62000, '2025-02-10', '银行转账', '格力洗衣机面板标签全款', 7, '2025-02-10 10:00:00'),
('RCV-20250215-001', 3, 120000, '2025-02-15', '银行转账', '华为手机后盖标签全款', 7, '2025-02-15 10:00:00'),
('RCV-20250220-001', 4, 45000, '2025-02-20', '银行转账', '比亚迪汽车内饰标签全款', 7, '2025-02-20 10:00:00'),
('RCV-20250225-001', 5, 28000, '2025-02-25', '银行转账', 'TCL电视背板标签全款', 7, '2025-02-25 10:00:00'),
('RCV-20250301-001', 6, 95000, '2025-03-01', '银行转账', '中兴通信设备铭牌全款', 7, '2025-03-01 10:00:00'),
('RCV-20250305-001', 7, 56000, '2025-03-05', '银行转账', '大疆无人机产品标签全款', 7, '2025-03-05 10:00:00'),
('RCV-20250310-001', 8, 78000, '2025-03-10', '银行转账', '迈瑞医疗设备标签全款', 7, '2025-03-10 10:00:00'),
('RCV-20250315-001', 9, 32000, '2025-03-15', '银行转账', '冠宇电池产品标签全款', 7, '2025-03-15 10:00:00'),
('RCV-20250320-001', 10, 68000, '2025-03-20', '银行转账', '广汽汽车仪表盘标签全款', 7, '2025-03-20 10:00:00'),
('RCV-20250328-001', 11, 35000, '2025-03-28', '银行转账', '海信家电标签全款', 7, '2025-03-28 10:00:00'),
('RCV-20250405-001', 12, 52000, '2025-04-05', '银行转账', '小米手机标签全款', 7, '2025-04-05 10:00:00'),
('RCV-20250410-001', 13, 92000, '2025-04-10', '银行转账', '美的空调面板标签追加全款', 7, '2025-04-10 10:00:00'),
('RCV-20250415-001', 14, 67500, '2025-04-15', '银行转账', '华为手机后盖标签追加部分款', 7, '2025-04-15 10:00:00'),
('RCV-20250420-001', 15, 29000, '2025-04-20', '银行转账', '比亚迪汽车内饰标签追加部分款', 7, '2025-04-20 10:00:00'),
('RCV-20250428-001', 16, 0, '2025-04-28', '银行转账', 'OPPO手机标签待收', 7, '2025-04-28 10:00:00'),
('RCV-20250505-001', 17, 0, '2025-05-05', '银行转账', 'vivo手机标签待收', 7, '2025-05-05 10:00:00'),
('RCV-20250512-001', 18, 0, '2025-05-12', '银行转账', '创维电视标签待收', 7, '2025-05-12 10:00:00'),
('RCV-20250520-001', 19, 0, '2025-05-20', '银行转账', '广汽乘用车标签待收', 7, '2025-05-20 10:00:00'),
('RCV-20250528-001', 20, 0, '2025-05-28', '银行转账', '亿纬锂能标签待收', 7, '2025-05-28 10:00:00');


-- ############################################################
-- # 第七部分：质量管理
-- ############################################################

-- ============================================================
-- 52. 进料检验 (20条)
-- ============================================================
INSERT IGNORE INTO qc_incoming_inspection (inspection_no, inspection_date, supplier_name, material_code, material_name, specification, batch_no, quantity, unit, inspection_type, inspection_result, inspector_name, remark, create_time) VALUES
('IQC-20250108-001', '2025-01-08', '东莞鑫达薄膜', 'PET-T-010', 'PET透明膜0.1mm', '0.1mm/1250mm', 'B20250108-001', 500, 'KG', 'sampling', 'pass', '周杰', 'PET透明膜来料检验合格', '2025-01-08 14:00:00'),
('IQC-20250108-002', '2025-01-08', '东莞鑫达薄膜', 'PET-W-0125', 'PET白膜0.125mm', '0.125mm/1250mm', 'B20250108-002', 800, 'KG', 'sampling', 'pass', '周杰', 'PET白膜来料检验合格', '2025-01-08 14:00:00'),
('IQC-20250111-001', '2025-01-11', '佛山顺达PVC', 'PVC-T-015', 'PVC透明膜0.15mm', '0.15mm/1250mm', 'B20250111-001', 400, 'KG', 'sampling', 'pass', '周杰', 'PVC透明膜来料检验合格', '2025-01-11 14:00:00'),
('IQC-20250111-002', '2025-01-11', '佛山顺达PVC', 'PVC-W-020', 'PVC白膜0.2mm', '0.2mm/1250mm', 'B20250111-002', 600, 'KG', 'sampling', 'pass', '周杰', 'PVC白膜来料检验合格', '2025-01-11 14:00:00'),
('IQC-20250115-001', '2025-01-15', '深圳精诚油墨', 'UV-IK-BK', 'UV油墨-黑色', '1KG/罐', 'B20250115-001', 50, 'KG', 'full', 'pass', '周杰', 'UV油墨来料全检合格', '2025-01-15 14:00:00'),
('IQC-20250115-002', '2025-01-15', '深圳精诚油墨', 'UV-IK-WH', 'UV油墨-白色', '1KG/罐', 'B20250115-002', 30, 'KG', 'full', 'pass', '周杰', 'UV油墨来料全检合格', '2025-01-15 14:00:00'),
('IQC-20250121-001', '2025-01-21', '苏州雅特不干胶', 'PA-80G', '不干胶铜版纸80g', '80g/1250mm', 'B20250121-001', 300, 'KG', 'sampling', 'pass', '周杰', '不干胶铜版纸来料检验合格', '2025-01-21 14:00:00'),
('IQC-20250128-001', '2025-01-28', '东莞鑫达薄膜', 'PET-T-010', 'PET透明膜0.1mm', '0.1mm/1250mm', 'B20250128-001', 600, 'KG', 'sampling', 'pass', '周杰', 'PET透明膜2月采购来料检验合格', '2025-01-28 14:00:00'),
('IQC-20250204-001', '2025-02-04', '深圳特种油墨', 'AG-001', '导电银浆-高导电', '100G/瓶', 'B20250204-001', 200, 'G', 'full', 'pass', '周杰', '导电银浆来料全检合格', '2025-02-04 14:00:00'),
('IQC-20250208-001', '2025-02-08', '广州永盛化工', 'SL-IK-BK', '溶剂型油墨-黑色', '1KG/罐', 'B20250208-001', 40, 'KG', 'full', 'pass', '周杰', '溶剂型油墨来料全检合格', '2025-02-08 14:00:00'),
('IQC-20250213-001', '2025-02-13', '佛山顺达PVC', 'PVC-T-015', 'PVC透明膜0.15mm', '0.15mm/1250mm', 'B20250213-001', 500, 'KG', 'sampling', 'conditional', '周杰', 'PVC透明膜来料检验有条件接收-轻微色差', '2025-02-13 14:00:00'),
('IQC-20250220-001', '2025-02-20', '广州永盛化工', 'DL-STD', '稀释剂-标准型', '1L/瓶', 'B20250220-001', 100, 'L', 'sampling', 'pass', '周杰', '稀释剂来料检验合格', '2025-02-20 14:00:00'),
('IQC-20250228-001', '2025-02-28', '东莞鑫达薄膜', 'PET-T-010', 'PET透明膜0.1mm', '0.1mm/1250mm', 'B20250228-001', 700, 'KG', 'sampling', 'pass', '周杰', 'PET透明膜3月采购来料检验合格', '2025-02-28 14:00:00'),
('IQC-20250306-001', '2025-03-06', '东莞鑫达薄膜', 'PET-T-010', 'PET透明膜0.1mm', '0.1mm/1250mm', 'B20250306-001', 650, 'KG', 'sampling', 'pass', '周杰', 'PET透明膜3月采购来料检验合格', '2025-03-06 14:00:00'),
('IQC-20250313-001', '2025-03-13', '深圳精诚油墨', 'UV-IK-BK', 'UV油墨-黑色', '1KG/罐', 'B20250313-001', 60, 'KG', 'full', 'pass', '周杰', 'UV油墨紧急补货来料全检合格', '2025-03-13 14:00:00'),
('IQC-20250318-001', '2025-03-18', '上海紫江油墨', 'WT-IK-BK', '水性油墨-黑色', '1KG/罐', 'B20250318-001', 30, 'KG', 'full', 'pass', '周杰', '水性油墨来料全检合格', '2025-03-18 14:00:00'),
('IQC-20250323-001', '2025-03-23', '佛山顺达PVC', 'PVC-T-015', 'PVC透明膜0.15mm', '0.15mm/1250mm', 'B20250323-001', 550, 'KG', 'sampling', 'reject', '周杰', 'PVC透明膜来料检验不合格-厚度偏差', '2025-03-23 14:00:00'),
('IQC-20250331-001', '2025-03-31', '东莞鑫达薄膜', 'PET-T-010', 'PET透明膜0.1mm', '0.1mm/1250mm', 'B20250331-001', 600, 'KG', 'sampling', 'pending', '周杰', 'PET透明膜4月采购来料待检', '2025-03-31 14:00:00'),
('IQC-20250408-001', '2025-04-08', '东莞宏达丝网', 'SP-300', '丝印网版-300目', '300目/铝合金框', 'B20250408-001', 20, 'PCS', 'full', 'pass', '周杰', '丝印网版来料全检合格', '2025-04-08 14:00:00'),
('IQC-20250413-001', '2025-04-13', '惠州天成薄膜', 'BOPP-T-008', 'BOPP透明膜0.08mm', '0.08mm/1250mm', 'B20250413-001', 400, 'KG', 'sampling', 'pending', '周杰', 'BOPP薄膜来料待检', '2025-04-13 14:00:00');

-- ============================================================
-- 53. 进料检验明细 (20条)
-- ============================================================
INSERT IGNORE INTO qc_incoming_inspection_item (inspection_id, inspection_no, item_name, standard, actual_value, result, remark) VALUES
(1, 'IQC-20250108-001', '外观检查', '无划痕、无杂质、无色差', '符合标准', 'pass', ''),
(1, 'IQC-20250108-001', '厚度检测', '0.1mm±0.005mm', '0.102mm', 'pass', ''),
(2, 'IQC-20250108-002', '外观检查', '无划痕、白度均匀', '符合标准', 'pass', ''),
(2, 'IQC-20250108-002', '厚度检测', '0.125mm±0.005mm', '0.127mm', 'pass', ''),
(5, 'IQC-20250115-001', '粘度检测', '符合标准粘度范围', '符合标准', 'pass', ''),
(5, 'IQC-20250115-001', '色差检测', 'ΔE≤1.5', 'ΔE=0.8', 'pass', ''),
(9, 'IQC-20250204-001', '导电率检测', '≥5S/cm', '5.2S/cm', 'pass', ''),
(9, 'IQC-20250204-001', '固含量检测', '≥70%', '72%', 'pass', ''),
(11, 'IQC-20250213-001', '外观检查', '透明无杂质', '轻微色差', 'conditional', '有条件接收'),
(11, 'IQC-20250213-001', '厚度检测', '0.15mm±0.008mm', '0.155mm', 'pass', ''),
(17, 'IQC-20250323-001', '外观检查', '透明无杂质', '符合标准', 'pass', ''),
(17, 'IQC-20250323-001', '厚度检测', '0.15mm±0.008mm', '0.165mm', 'reject', '厚度超差'),
(17, 'IQC-20250323-001', '宽度检测', '1250mm±2mm', '1252mm', 'pass', ''),
(18, 'IQC-20250331-001', '外观检查', '无划痕、无杂质', '待检测', 'pending', ''),
(18, 'IQC-20250331-001', '厚度检测', '0.1mm±0.005mm', '待检测', 'pending', ''),
(19, 'IQC-20250408-001', '张力检测', '符合张力标准', '符合标准', 'pass', ''),
(19, 'IQC-20250408-001', '目数检测', '300目±10目', '305目', 'pass', ''),
(3, 'IQC-20250111-001', '外观检查', '透明无杂质', '符合标准', 'pass', ''),
(4, 'IQC-20250111-002', '外观检查', '白色均匀无杂质', '符合标准', 'pass', ''),
(7, 'IQC-20250121-001', '克重检测', '80g±2g', '81g', 'pass', '');

-- ============================================================
-- 54. 过程检验 (20条)
-- ============================================================
INSERT IGNORE INTO qc_process_inspection (inspection_no, inspection_date, work_order_id, work_order_no, product_name, process_name, inspection_qty, qualified_qty, unqualified_qty, inspection_result, inspector_name, remark, create_time) VALUES
('PQC-20250109-001', '2025-01-09', 1, 'WO-20250109-001', '空调面板标签', '丝印', 50000, 49800, 200, 'pass', '周杰', '丝印过程检验合格', '2025-01-09 11:00:00'),
('PQC-20250111-001', '2025-01-11', 2, 'WO-20250111-001', '洗衣机面板标签', '丝印', 40000, 39950, 50, 'pass', '周杰', '丝印过程检验合格', '2025-01-11 11:00:00'),
('PQC-20250116-001', '2025-01-16', 3, 'WO-20250116-001', '手机后盖标签', '丝印', 30000, 29800, 200, 'pass', '周杰', '丝印过程检验合格', '2025-01-16 11:00:00'),
('PQC-20250121-001', '2025-01-21', 4, 'WO-20250121-001', '汽车内饰标签', '丝印', 35000, 34800, 200, 'pass', '周杰', '丝印过程检验合格', '2025-01-21 11:00:00'),
('PQC-20250126-001', '2025-01-26', 5, 'WO-20250126-001', '电视背板标签', '丝印', 40000, 39900, 100, 'pass', '周杰', '丝印过程检验合格', '2025-01-26 11:00:00'),
('PQC-20250202-001', '2025-02-02', 6, 'WO-20250202-001', '通信设备铭牌', '丝印', 20000, 19950, 50, 'pass', '周杰', '丝印过程检验合格', '2025-02-02 11:00:00'),
('PQC-20250206-001', '2025-02-06', 7, 'WO-20250206-001', '无人机产品标签', '丝印', 25000, 24900, 100, 'pass', '周杰', '丝印过程检验合格', '2025-02-06 11:00:00'),
('PQC-20250211-001', '2025-02-11', 8, 'WO-20250211-001', '医疗设备标签', '丝印', 20000, 19980, 20, 'pass', '周杰', '丝印过程检验合格', '2025-02-11 11:00:00'),
('PQC-20250216-001', '2025-02-16', 9, 'WO-20250216-001', '电池产品标签', '丝印', 50000, 49750, 250, 'pass', '周杰', '丝印过程检验合格', '2025-02-16 11:00:00'),
('PQC-20250221-001', '2025-02-21', 10, 'WO-20250221-001', '汽车仪表盘标签', '丝印', 30000, 29900, 100, 'pass', '周杰', '丝印过程检验合格', '2025-02-21 11:00:00'),
('PQC-20250301-001', '2025-03-01', 11, 'WO-20250301-001', '电视背板标签', '丝印', 50000, 49800, 200, 'pass', '周杰', '丝印过程检验合格', '2025-03-01 11:00:00'),
('PQC-20250306-001', '2025-03-06', 12, 'WO-20250306-001', '手机后盖标签', '丝印', 20000, 19900, 100, 'pass', '周杰', '丝印过程检验合格', '2025-03-06 11:00:00'),
('PQC-20250311-001', '2025-03-11', 13, 'WO-20250311-001', '空调面板标签', '丝印', 55000, 54800, 200, 'pass', '周杰', '丝印过程检验合格', '2025-03-11 11:00:00'),
('PQC-20250316-001', '2025-03-16', 14, 'WO-20250316-001', '手机后盖标签', '丝印', 20000, 19950, 50, 'pass', '周杰', '丝印过程检验合格', '2025-03-16 11:00:00'),
('PQC-20250321-001', '2025-03-21', 15, 'WO-20250321-001', '汽车内饰标签', '丝印', 15000, 14850, 150, 'conditional', '周杰', '丝印过程检验有条件接收', '2025-03-21 11:00:00'),
('PQC-20250329-001', '2025-03-29', 16, 'WO-20250329-001', '手机后盖标签', '丝印', 0, 0, 0, 'pending', '周杰', '待检验', '2025-03-29 11:00:00'),
('PQC-20250406-001', '2025-04-06', 17, 'WO-20250406-001', '手机后盖标签', '丝印', 0, 0, 0, 'pending', '周杰', '待检验', '2025-04-06 11:00:00'),
('PQC-20250413-001', '2025-04-13', 18, 'WO-20250413-001', '电视背板标签', '丝印', 0, 0, 0, 'pending', '周杰', '待检验', '2025-04-13 11:00:00'),
('PQC-20250421-001', '2025-04-21', 19, 'WO-20250421-001', '汽车内饰标签', '丝印', 0, 0, 0, 'pending', '周杰', '待检验', '2025-04-21 11:00:00'),
('PQC-20250429-001', '2025-04-29', 20, 'WO-20250429-001', '电池产品标签', '丝印', 0, 0, 0, 'pending', '周杰', '待检验', '2025-04-29 11:00:00');

-- ============================================================
-- 55. 成品终检 (20条)
-- ============================================================
INSERT IGNORE INTO qc_final_inspection (inspection_no, inspection_date, work_order_id, work_order_no, product_name, batch_no, inspection_qty, qualified_qty, unqualified_qty, inspection_result, inspector_name, remark, create_time) VALUES
('FQC-20250109-001', '2025-01-09', 1, 'WO-20250109-001', '空调面板标签', 'B20250109-001', 50000, 49700, 300, 'pass', '周杰', '空调面板标签成品终检合格', '2025-01-09 15:00:00'),
('FQC-20250111-001', '2025-01-11', 2, 'WO-20250111-001', '洗衣机面板标签', 'B20250111-001', 40000, 39800, 200, 'pass', '周杰', '洗衣机面板标签成品终检合格', '2025-01-11 15:00:00'),
('FQC-20250116-001', '2025-01-16', 3, 'WO-20250116-001', '手机后盖标签', 'B20250116-001', 30000, 29700, 300, 'pass', '周杰', '手机后盖标签成品终检合格', '2025-01-16 15:00:00'),
('FQC-20250121-001', '2025-01-21', 4, 'WO-20250121-001', '汽车内饰标签', 'B20250121-001', 35000, 34800, 200, 'pass', '周杰', '汽车内饰标签成品终检合格', '2025-01-21 15:00:00'),
('FQC-20250126-001', '2025-01-26', 5, 'WO-20250126-001', '电视背板标签', 'B20250126-001', 40000, 39600, 400, 'reject', '周杰', '电视背板标签成品终检不合格-偏色', '2025-01-26 15:00:00'),
('FQC-20250202-001', '2025-02-02', 6, 'WO-20250202-001', '通信设备铭牌', 'B20250202-001', 20000, 19900, 100, 'pass', '周杰', '通信设备铭牌成品终检合格', '2025-02-02 15:00:00'),
('FQC-20250206-001', '2025-02-06', 7, 'WO-20250206-001', '无人机产品标签', 'B20250206-001', 25000, 24800, 200, 'pass', '周杰', '无人机产品标签成品终检合格', '2025-02-06 15:00:00'),
('FQC-20250211-001', '2025-02-11', 8, 'WO-20250211-001', '医疗设备标签', 'B20250211-001', 20000, 19950, 50, 'pass', '周杰', '医疗设备标签成品终检合格', '2025-02-11 15:00:00'),
('FQC-20250216-001', '2025-02-16', 9, 'WO-20250216-001', '电池产品标签', 'B20250216-001', 50000, 49600, 400, 'pass', '周杰', '电池产品标签成品终检合格', '2025-02-16 15:00:00'),
('FQC-20250221-001', '2025-02-21', 10, 'WO-20250221-001', '汽车仪表盘标签', 'B20250221-001', 30000, 29850, 150, 'pass', '周杰', '汽车仪表盘标签成品终检合格', '2025-02-21 15:00:00'),
('FQC-20250301-001', '2025-03-01', 11, 'WO-20250301-001', '电视背板标签', 'B20250301-001', 50000, 49700, 300, 'pass', '周杰', '电视背板标签追加成品终检合格', '2025-03-01 15:00:00'),
('FQC-20250306-001', '2025-03-06', 12, 'WO-20250306-001', '手机后盖标签', 'B20250306-001', 20000, 19800, 200, 'reject', '周杰', '手机后盖标签成品终检不合格-尺寸偏差', '2025-03-06 15:00:00'),
('FQC-20250311-001', '2025-03-11', 13, 'WO-20250311-001', '空调面板标签', 'B20250311-001', 55000, 54700, 300, 'pass', '周杰', '空调面板标签追加成品终检合格', '2025-03-11 15:00:00'),
('FQC-20250316-001', '2025-03-16', 14, 'WO-20250316-001', '手机后盖标签', 'B20250316-001', 20000, 19950, 50, 'pass', '周杰', '手机后盖标签成品终检合格', '2025-03-16 15:00:00'),
('FQC-20250321-001', '2025-03-21', 15, 'WO-20250321-001', '汽车内饰标签', 'B20250321-001', 15000, 14850, 150, 'conditional', '周杰', '汽车内饰标签成品终检有条件接收', '2025-03-21 15:00:00'),
('FQC-20250329-001', '2025-03-29', 16, 'WO-20250329-001', '手机后盖标签', 'B20250329-001', 0, 0, 0, 'pending', '周杰', '待检验', '2025-03-29 15:00:00'),
('FQC-20250406-001', '2025-04-06', 17, 'WO-20250406-001', '手机后盖标签', 'B20250406-001', 0, 0, 0, 'pending', '周杰', '待检验', '2025-04-06 15:00:00'),
('FQC-20250413-001', '2025-04-13', 18, 'WO-20250413-001', '电视背板标签', 'B20250413-001', 0, 0, 0, 'pending', '周杰', '待检验', '2025-04-13 15:00:00'),
('FQC-20250421-001', '2025-04-21', 19, 'WO-20250421-001', '汽车内饰标签', 'B20250421-001', 0, 0, 0, 'pending', '周杰', '待检验', '2025-04-21 15:00:00'),
('FQC-20250429-001', '2025-04-29', 20, 'WO-20250429-001', '电池产品标签', 'B20250429-001', 0, 0, 0, 'pending', '周杰', '待检验', '2025-04-29 15:00:00');

-- ============================================================
-- 56. 不合格品记录 (10条)
-- ============================================================
INSERT IGNORE INTO qc_unqualified (unqualified_no, inspection_type, source_no, material_id, material_name, batch_no, unqualified_qty, unqualified_type, unqualified_reason, handle_method, handle_result, handler_id, handle_date, status, remark, create_time) VALUES
('UQ-20250126-001', 'final', 'FQC-20250126-001', 25, '电视背板标签', 'B20250126-001', 400, '外观不良', '印刷偏色', 'rework', '返工后合格', 9, '2025-01-27', 'completed', '电视背板标签偏色返工', '2025-01-27 10:00:00'),
('UQ-20250306-001', 'final', 'FQC-20250306-001', 23, '手机后盖标签', 'B20250306-001', 200, '尺寸偏差', '尺寸超出公差范围', 'rework', '返工后合格', 9, '2025-03-07', 'completed', '手机后盖标签尺寸偏差返工', '2025-03-07 10:00:00'),
('UQ-20250321-001', 'final', 'FQC-20250321-001', 24, '汽车内饰标签', 'B20250321-001', 150, '表面缺陷', '表面有轻微划痕', 'conditional', '有条件接收', 9, '2025-03-22', 'completed', '汽车内饰标签有条件接收', '2025-03-22 10:00:00'),
('UQ-20250213-001', 'incoming', 'IQC-20250213-001', 3, 'PVC透明膜0.15mm', 'B20250213-001', 5, '色差', '轻微色差', 'conditional', '有条件接收', 9, '2025-02-14', 'completed', 'PVC透明膜轻微色差有条件接收', '2025-02-14 10:00:00'),
('UQ-20250323-001', 'incoming', 'IQC-20250323-001', 3, 'PVC透明膜0.15mm', 'B20250323-001', 20, '厚度偏差', '厚度超差0.165mm', 'return', '退货处理', 9, '2025-03-24', 'completed', 'PVC透明膜厚度超差退货', '2025-03-24 10:00:00'),
('UQ-20250109-001', 'process', 'PQC-20250109-001', 21, '空调面板标签', 'B20250109-001', 200, '印刷不良', '丝印偏位', 'rework', '返工后合格', 9, '2025-01-10', 'completed', '空调面板标签丝印偏位返工', '2025-01-10 10:00:00'),
('UQ-20250116-001', 'process', 'PQC-20250116-001', 23, '手机后盖标签', 'B20250116-001', 200, '导电不良', '导电线路断路', 'rework', '返工后合格', 9, '2025-01-17', 'completed', '手机后盖标签导电线路返工', '2025-01-17 10:00:00'),
('UQ-20250216-001', 'process', 'PQC-20250216-001', 29, '电池产品标签', 'B20250216-001', 250, '外观不良', '印刷模糊', 'rework', '返工后合格', 9, '2025-02-17', 'completed', '电池产品标签印刷模糊返工', '2025-02-17 10:00:00'),
('UQ-20250311-001', 'process', 'PQC-20250311-001', 21, '空调面板标签', 'B20250311-001', 200, '套印不准', '多色套印偏差', 'rework', '返工后合格', 9, '2025-03-12', 'completed', '空调面板标签套印偏差返工', '2025-03-12 10:00:00'),
('UQ-20250401-001', 'adjust', 'SA-20250401-001', 24, '汽车内饰标签', 'B20250321-001', 2000, '表面划伤', '运输过程损坏', 'scrap', '报废处理', 9, '2025-04-02', 'completed', '汽车内饰标签运输损坏报废', '2025-04-02 10:00:00');

-- ============================================================
-- 57. 不合格品处理 (10条)
-- ============================================================
INSERT IGNORE INTO qc_unqualified_handle (unqualified_id, handle_method, handle_qty, handle_result, handler_id, handler_name, handle_date, remark, create_time) VALUES
(1, 'rework', 400, '返工后合格', 9, '周杰', '2025-01-27', '电视背板标签偏色返工处理', '2025-01-27 10:00:00'),
(2, 'rework', 200, '返工后合格', 9, '周杰', '2025-03-07', '手机后盖标签尺寸偏差返工处理', '2025-03-07 10:00:00'),
(3, 'conditional', 150, '有条件接收', 9, '周杰', '2025-03-22', '汽车内饰标签有条件接收处理', '2025-03-22 10:00:00'),
(4, 'conditional', 5, '有条件接收', 9, '周杰', '2025-02-14', 'PVC透明膜轻微色差有条件接收', '2025-02-14 10:00:00'),
(5, 'return', 20, '退货处理', 9, '周杰', '2025-03-24', 'PVC透明膜厚度超差退货处理', '2025-03-24 10:00:00'),
(6, 'rework', 200, '返工后合格', 9, '周杰', '2025-01-10', '空调面板标签丝印偏位返工处理', '2025-01-10 10:00:00'),
(7, 'rework', 200, '返工后合格', 9, '周杰', '2025-01-17', '手机后盖标签导电线路返工处理', '2025-01-17 10:00:00'),
(8, 'rework', 250, '返工后合格', 9, '周杰', '2025-02-17', '电池产品标签印刷模糊返工处理', '2025-02-17 10:00:00'),
(9, 'rework', 200, '返工后合格', 9, '周杰', '2025-03-12', '空调面板标签套印偏差返工处理', '2025-03-12 10:00:00'),
(10, 'scrap', 2000, '报废处理', 9, '周杰', '2025-04-02', '汽车内饰标签运输损坏报废处理', '2025-04-02 10:00:00');


-- ############################################################
-- # 第八部分：QMS管理
-- ############################################################

-- ============================================================
-- 58. 客户投诉 (10条)
-- ============================================================
INSERT IGNORE INTO qms_complaint (complaint_no, complaint_date, customer_id, customer_name, product_name, complaint_type, complaint_content, severity, status, handler_id, handler_name, handle_result, remark, create_time) VALUES
('CP-20250127-001', '2025-01-27', 5, 'TCL', '电视背板标签', '质量投诉', '印刷偏色，颜色与样品不一致', 'major', 'completed', 9, '周杰', '已安排重做并补发', 'TCL电视背板标签偏色投诉', '2025-01-27 09:00:00'),
('CP-20250218-001', '2025-02-18', 1, '美的', '空调面板标签', '交期投诉', '交期延迟2天，影响产线排产', 'minor', 'completed', 2, '张伟', '已调整排产优先级', '美的空调面板标签交期延迟投诉', '2025-02-18 09:00:00'),
('CP-20250320-001', '2025-03-20', 9, '小米', '手机后盖标签', '质量投诉', '尺寸偏差超出公差范围', 'critical', 'completed', 9, '周杰', '已安排退货重做', '小米手机后盖标签尺寸偏差投诉', '2025-03-20 09:00:00'),
('CP-20250325-001', '2025-03-25', 4, '比亚迪', '汽车内饰标签', '包装投诉', '运输过程包装破损导致标签划伤', 'major', 'completed', 9, '周杰', '已补发并改进包装', '比亚迪汽车内饰标签包装破损投诉', '2025-03-25 09:00:00'),
('CP-20250410-001', '2025-04-10', 3, '华为', '手机后盖标签', '质量投诉', '导电线路电阻偏高', 'critical', 'processing', 9, '周杰', '正在分析原因', '华为手机后盖标签导电线路投诉', '2025-04-10 09:00:00'),
('CP-20250415-001', '2025-04-15', 15, '迈瑞医疗', '医疗设备标签', '环保投诉', '油墨气味偏重，疑似不符合医疗级要求', 'major', 'processing', 9, '周杰', '正在送检第三方检测', '迈瑞医疗设备标签油墨气味投诉', '2025-04-15 09:00:00'),
('CP-20250420-001', '2025-04-20', 6, '中兴', '通信设备铭牌', '质量投诉', 'UV光油附着力不足', 'minor', 'pending', 9, '周杰', '待处理', '中兴通信设备铭牌UV光油投诉', '2025-04-20 09:00:00'),
('CP-20250425-001', '2025-04-25', 4, '比亚迪', '汽车内饰标签', '质量投诉', '运输过程表面划伤', 'major', 'pending', 2, '张伟', '待确认责任', '比亚迪汽车内饰标签划伤投诉', '2025-04-25 09:00:00'),
('CP-20250501-001', '2025-05-01', 13, '大疆', '无人机产品标签', '交期投诉', '样品确认周期过长', 'minor', 'pending', 2, '张伟', '待处理', '大疆无人机产品标签交期投诉', '2025-05-01 09:00:00'),
('CP-20250508-001', '2025-05-08', 16, '珠海冠宇', '电池产品标签', '质量投诉', '标签耐温性不达标', 'major', 'pending', 9, '周杰', '待分析', '冠宇电池产品标签耐温性投诉', '2025-05-08 09:00:00');

-- ============================================================
-- 59. 实验室检测 (10条)
-- ============================================================
INSERT IGNORE INTO qms_lab_test (test_no, test_date, test_type, sample_name, test_item, test_standard, test_result, tester_name, status, remark, create_time) VALUES
('LT-20250110-001', '2025-01-10', '油墨检测', 'UV黑色油墨', '粘度', 'GB/T 13217.4', '合格', '9', 'completed', 'UV黑色油墨粘度检测', '2025-01-10 10:00:00'),
('LT-20250110-002', '2025-01-10', '油墨检测', 'UV黑色油墨', '色差ΔE', 'GB/T 13217.6', '合格', '9', 'completed', 'UV黑色油墨色差检测', '2025-01-10 10:00:00'),
('LT-20250215-001', '2025-02-15', '附着力检测', '空调面板标签', '百格测试', 'GB/T 9286', '0级(合格)', '9', 'completed', '空调面板标签附着力检测', '2025-02-15 10:00:00'),
('LT-20250228-001', '2025-02-28', '耐候性检测', '手机后盖标签', '耐高温', 'GB/T 2423.2', '合格(85℃/48h)', '9', 'completed', '手机后盖标签耐高温检测', '2025-02-28 10:00:00'),
('LT-20250315-001', '2025-03-15', '环保检测', '医疗设备标签', 'RoHS六项', 'IEC 62321', '合格', '9', 'completed', '医疗设备标签RoHS检测', '2025-03-15 10:00:00'),
('LT-20250320-001', '2025-03-20', '导电性检测', '手机后盖标签', '导电线路电阻', 'IPC-6012', '合格', '9', 'completed', '手机后盖标签导电线路电阻检测', '2025-03-20 10:00:00'),
('LT-20250410-001', '2025-04-10', '耐候性检测', '汽车内饰标签', '耐高温高湿', 'GB/T 2423.3', '合格(85℃/85%RH/96h)', '9', 'completed', '汽车内饰标签耐高温高湿检测', '2025-04-10 10:00:00'),
('LT-20250415-001', '2025-04-15', '环保检测', '医疗设备标签', 'VOC释放量', 'GB 33372-2020', '检测中', '9', 'processing', '医疗设备标签VOC检测-投诉跟进', '2025-04-15 10:00:00'),
('LT-20250501-001', '2025-05-01', '耐温性检测', '电池产品标签', '耐高温', 'GB/T 2423.2', '检测中', '9', 'pending', '电池产品标签耐温性检测-投诉跟进', '2025-05-01 10:00:00'),
('LT-20250508-001', '2025-05-08', '附着力检测', '通信设备铭牌', 'UV光油附着力', 'GB/T 9286', '待检测', '9', 'pending', '通信设备铭牌UV光油附着力检测-投诉跟进', '2025-05-08 10:00:00');

-- ============================================================
-- 60. SGS认证 (10条)
-- ============================================================
INSERT IGNORE INTO qms_sgs_cert (cert_no, cert_type, product_name, test_standard, issue_date, expire_date, status, remark, create_time) VALUES
('SGS-2025-001', 'RoHS', '空调面板标签', 'IEC 62321', '2025-01-15', '2026-01-15', 'valid', '空调面板标签RoHS认证', '2025-01-15 10:00:00'),
('SGS-2025-002', 'RoHS', '手机后盖标签', 'IEC 62321', '2025-01-20', '2026-01-20', 'valid', '手机后盖标签RoHS认证', '2025-01-20 10:00:00'),
('SGS-2025-003', 'REACH', '汽车内饰标签', 'EC 1907/2006', '2025-02-01', '2026-02-01', 'valid', '汽车内饰标签REACH认证', '2025-02-01 10:00:00'),
('SGS-2025-004', 'RoHS', '医疗设备标签', 'IEC 62321', '2025-02-10', '2026-02-10', 'valid', '医疗设备标签RoHS认证', '2025-02-10 10:00:00'),
('SGS-2025-005', 'UL', '通信设备铭牌', 'UL 746C', '2025-02-15', '2026-02-15', 'valid', '通信设备铭牌UL认证', '2025-02-15 10:00:00'),
('SGS-2025-006', 'RoHS', '电池产品标签', 'IEC 62321', '2025-03-01', '2026-03-01', 'valid', '电池产品标签RoHS认证', '2025-03-01 10:00:00'),
('SGS-2025-007', 'REACH', '无人机产品标签', 'EC 1907/2006', '2025-03-10', '2026-03-10', 'valid', '无人机产品标签REACH认证', '2025-03-10 10:00:00'),
('SGS-2024-001', 'RoHS', '电视背板标签', 'IEC 62321', '2024-06-15', '2025-06-15', 'expiring', '电视背板标签RoHS认证即将到期', '2024-06-15 10:00:00'),
('SGS-2024-002', 'REACH', '洗衣机面板标签', 'EC 1907/2006', '2024-07-01', '2025-07-01', 'expiring', '洗衣机面板标签REACH认证即将到期', '2024-07-01 10:00:00'),
('SGS-2023-001', 'UL', '汽车仪表盘标签', 'UL 746C', '2023-12-01', '2024-12-01', 'expired', '汽车仪表盘标签UL认证已过期-需续期', '2023-12-01 10:00:00');

-- ============================================================
-- 61. 供应商审核 (10条)
-- ============================================================
INSERT IGNORE INTO qms_supplier_audit (audit_no, audit_date, supplier_id, supplier_name, audit_type, audit_score, audit_result, auditor_name, status, remark, create_time) VALUES
('AUD-20250110-001', '2025-01-10', 1, '东莞鑫达薄膜', '年度审核', 92, '合格', '周杰', 'completed', '东莞鑫达薄膜年度审核', '2025-01-10 09:00:00'),
('AUD-20250112-001', '2025-01-12', 2, '佛山顺达PVC', '年度审核', 88, '合格', '周杰', 'completed', '佛山顺达PVC年度审核', '2025-01-12 09:00:00'),
('AUD-20250115-001', '2025-01-15', 3, '深圳精诚油墨', '年度审核', 85, '合格', '周杰', 'completed', '深圳精诚油墨年度审核', '2025-01-15 09:00:00'),
('AUD-20250118-001', '2025-01-18', 4, '广州永盛化工', '年度审核', 78, '有条件合格', '周杰', 'completed', '广州永盛化工年度审核-需整改', '2025-01-18 09:00:00'),
('AUD-20250201-001', '2025-02-01', 10, '深圳特种油墨', '新增审核', 90, '合格', '周杰', 'completed', '深圳特种油墨新增供应商审核', '2025-02-01 09:00:00'),
('AUD-20250301-001', '2025-03-01', 6, '上海紫江油墨', '年度审核', 82, '合格', '周杰', 'completed', '上海紫江油墨年度审核', '2025-03-01 09:00:00'),
('AUD-20250315-001', '2025-03-15', 2, '佛山顺达PVC', '跟进审核', 86, '合格', '周杰', 'completed', '佛山顺达PVC跟进审核-厚度偏差整改验证', '2025-03-15 09:00:00'),
('AUD-20250401-001', '2025-04-01', 5, '东莞宏达丝网', '新增审核', 0, '待审核', '周杰', 'pending', '东莞宏达丝网新增供应商审核', '2025-04-01 09:00:00'),
('AUD-20250415-001', '2025-04-15', 12, '惠州天成薄膜', '新增审核', 0, '待审核', '周杰', 'pending', '惠州天成薄膜新增供应商审核', '2025-04-15 09:00:00'),
('AUD-20250501-001', '2025-05-01', 4, '广州永盛化工', '跟进审核', 0, '待审核', '周杰', 'pending', '广州永盛化工整改跟进审核', '2025-05-01 09:00:00');


-- ############################################################
-- # 第九部分：设备管理
-- ############################################################

-- ============================================================
-- 62. 设备校准 (12条)
-- ============================================================
INSERT IGNORE INTO eqp_calibration (calibration_no, equipment_id, equipment_name, calibration_date, next_calibration_date, calibration_org, calibration_result, remark, create_time) VALUES
('CAL-20250105-001', 1, '半自动丝印机A', '2025-01-05', '2025-07-05', '深圳计量院', '合格', '半自动丝印机A校准', '2025-01-05 10:00:00'),
('CAL-20250105-002', 2, '半自动丝印机B', '2025-01-05', '2025-07-05', '深圳计量院', '合格', '半自动丝印机B校准', '2025-01-05 10:00:00'),
('CAL-20250110-001', 3, '全自动丝印机A', '2025-01-10', '2025-07-10', '深圳计量院', '合格', '全自动丝印机A校准', '2025-01-10 10:00:00'),
('CAL-20250110-002', 4, '全自动丝印机B', '2025-01-10', '2025-07-10', '深圳计量院', '合格', '全自动丝印机B校准', '2025-01-10 10:00:00'),
('CAL-20250115-001', 5, '模切机A', '2025-01-15', '2025-07-15', '广州计量院', '合格', '模切机A校准', '2025-01-15 10:00:00'),
('CAL-20250115-002', 6, '模切机B', '2025-01-15', '2025-07-15', '广州计量院', '合格', '模切机B校准', '2025-01-15 10:00:00'),
('CAL-20250120-001', 7, 'UV固化机A', '2025-01-20', '2025-04-20', '深圳计量院', '合格', 'UV固化机A校准', '2025-01-20 10:00:00'),
('CAL-20250120-002', 8, 'UV固化机B', '2025-01-20', '2025-04-20', '深圳计量院', '合格', 'UV固化机B校准', '2025-01-20 10:00:00'),
('CAL-20250125-001', 9, '红外干燥机', '2025-01-25', '2025-07-25', '广州计量院', '合格', '红外干燥机校准', '2025-01-25 10:00:00'),
('CAL-20250125-002', 10, '分条机', '2025-01-25', '2025-07-25', '广州计量院', '合格', '分条机校准', '2025-01-25 10:00:00'),
('CAL-20250130-001', 11, '复卷机', '2025-01-30', '2025-07-30', '深圳计量院', '合格', '复卷机校准', '2025-01-30 10:00:00'),
('CAL-20250130-002', 12, '品检机', '2025-01-30', '2025-07-30', '深圳计量院', '合格', '品检机校准', '2025-01-30 10:00:00');

-- ============================================================
-- 63. 设备保养记录 (12条)
-- ============================================================
INSERT IGNORE INTO eqp_maintenance_record (maintenance_no, equipment_id, equipment_name, maintenance_type, maintenance_date, maintenance_content, maintenance_person, status, remark, create_time) VALUES
('MT-20250115-001', 1, '半自动丝印机A', 'routine', '2025-01-15', '日常保养：清洁网版夹具、检查刮刀压力、润滑导轨', '赵磊', 'completed', '半自动丝印机A日常保养', '2025-01-15 14:00:00'),
('MT-20250115-002', 2, '半自动丝印机B', 'routine', '2025-01-15', '日常保养：清洁网版夹具、检查刮刀压力、润滑导轨', '赵磊', 'completed', '半自动丝印机B日常保养', '2025-01-15 14:00:00'),
('MT-20250215-001', 3, '全自动丝印机A', 'routine', '2025-02-15', '日常保养：清洁丝印头、校准定位系统、检查UV灯管', '赵磊', 'completed', '全自动丝印机A日常保养', '2025-02-15 14:00:00'),
('MT-20250215-002', 4, '全自动丝印机B', 'routine', '2025-02-15', '日常保养：清洁丝印头、校准定位系统、检查UV灯管', '赵磊', 'completed', '全自动丝印机B日常保养', '2025-02-15 14:00:00'),
('MT-20250228-001', 5, '模切机A', 'quarterly', '2025-02-28', '季度保养：更换刀模垫板、校准模切深度、润滑传动系统', '赵磊', 'completed', '模切机A季度保养', '2025-02-28 14:00:00'),
('MT-20250228-002', 6, '模切机B', 'quarterly', '2025-02-28', '季度保养：更换刀模垫板、校准模切深度、润滑传动系统', '赵磊', 'completed', '模切机B季度保养', '2025-02-28 14:00:00'),
('MT-20250315-001', 7, 'UV固化机A', 'routine', '2025-03-15', '日常保养：清洁UV灯管、检查传送带、校准固化速度', '赵磊', 'completed', 'UV固化机A日常保养', '2025-03-15 14:00:00'),
('MT-20250315-002', 8, 'UV固化机B', 'routine', '2025-03-15', '日常保养：清洁UV灯管、检查传送带、校准固化速度', '赵磊', 'completed', 'UV固化机B日常保养', '2025-03-15 14:00:00'),
('MT-20250331-001', 9, '红外干燥机', 'quarterly', '2025-03-31', '季度保养：清洁加热管、校准温控系统、检查排风系统', '赵磊', 'completed', '红外干燥机季度保养', '2025-03-31 14:00:00'),
('MT-20250415-001', 10, '分条机', 'routine', '2025-04-15', '日常保养：更换分切刀片、校准分切宽度、润滑导轨', '赵磊', 'completed', '分条机日常保养', '2025-04-15 14:00:00'),
('MT-20250430-001', 11, '复卷机', 'routine', '2025-04-30', '日常保养：清洁复卷辊、检查张力系统、润滑轴承', '赵磊', 'completed', '复卷机日常保养', '2025-04-30 14:00:00'),
('MT-20250510-001', 12, '品检机', 'routine', '2025-05-10', '日常保养：清洁摄像头、校准检测参数、更新检测软件', '赵磊', 'completed', '品检机日常保养', '2025-05-10 14:00:00');

-- ============================================================
-- 64. 设备维修 (10条)
-- ============================================================
INSERT IGNORE INTO eqp_repair (repair_no, equipment_id, equipment_name, fault_date, fault_description, repair_date, repair_content, repair_person, repair_cost, status, remark, create_time) VALUES
('RP-20250120-001', 1, '半自动丝印机A', '2025-01-20', '刮刀压力不稳定，导致印刷厚薄不均', '2025-01-21', '更换刮刀气缸，重新校准压力系统', '赵磊', 1500, 'completed', '半自动丝印机A刮刀压力维修', '2025-01-20 09:00:00'),
('RP-20250205-001', 7, 'UV固化机A', '2025-02-05', 'UV灯管老化，固化不完全', '2025-02-06', '更换UV灯管，校准灯管功率', '赵磊', 3500, 'completed', 'UV固化机A灯管更换', '2025-02-05 09:00:00'),
('RP-20250218-001', 5, '模切机A', '2025-02-18', '模切定位偏移，产品尺寸偏差', '2025-02-19', '校准模切定位系统，更换定位传感器', '赵磊', 2000, 'completed', '模切机A定位偏移维修', '2025-02-18 09:00:00'),
('RP-20250310-001', 3, '全自动丝印机A', '2025-03-10', '丝印头卡顿，影响生产效率', '2025-03-11', '清洁丝印头导轨，更换滑块轴承', '赵磊', 1800, 'completed', '全自动丝印机A丝印头维修', '2025-03-10 09:00:00'),
('RP-20250325-001', 9, '红外干燥机', '2025-03-25', '温控系统故障，温度波动大', '2025-03-26', '更换温控器，校准温度传感器', '赵磊', 2500, 'completed', '红外干燥机温控系统维修', '2025-03-25 09:00:00'),
('RP-20250408-001', 10, '分条机', '2025-04-08', '分切刀片磨损，切口毛刺', '2025-04-09', '更换分切刀片，校准刀片间隙', '赵磊', 800, 'completed', '分条机刀片更换', '2025-04-08 09:00:00'),
('RP-20250415-001', 4, '全自动丝印机B', '2025-04-15', '对位系统故障，套印不准', '2025-04-16', '校准CCD对位系统，更新对位参数', '赵磊', 3000, 'completed', '全自动丝印机B对位系统维修', '2025-04-15 09:00:00'),
('RP-20250428-001', 12, '品检机', '2025-04-28', '检测软件异常，误判率升高', '2025-04-29', '更新检测软件版本，重新训练AI模型', '赵磊', 1200, 'completed', '品检机软件升级', '2025-04-28 09:00:00'),
('RP-20250505-001', 6, '模切机B', '2025-05-05', '传动皮带松动，运行异响', '2025-05-06', '更换传动皮带，调整张紧度', '赵磊', 600, 'completed', '模切机B传动皮带更换', '2025-05-05 09:00:00'),
('RP-20250510-001', 8, 'UV固化机B', '2025-05-10', '传送带跑偏，产品移位', '2025-05-11', '调整传送带张紧度，校准导轨', '赵磊', 500, 'processing', 'UV固化机B传送带调整', '2025-05-10 09:00:00');

-- ============================================================
-- 65. 设备报废 (3条)
-- ============================================================
INSERT IGNORE INTO eqp_scrap (scrap_no, equipment_id, equipment_name, scrap_date, scrap_reason, original_value, residual_value, approver_id, status, remark, create_time) VALUES
('SCR-20250301-001', 1, '半自动丝印机A', '2025-03-01', '设备使用超过10年，维修成本过高，已无维修价值', 80000.00, 2000.00, 4, 'completed', '半自动丝印机A报废', '2025-03-01 09:00:00'),
('SCR-20250401-001', 7, 'UV固化机A', '2025-04-01', 'UV灯管系统严重老化，多次维修仍无法稳定运行', 120000.00, 5000.00, 4, 'completed', 'UV固化机A报废', '2025-04-01 09:00:00'),
('SCR-20250501-001', 9, '红外干燥机', '2025-05-01', '温控系统反复故障，已无法满足工艺要求', 95000.00, 3000.00, 4, 'pending', '红外干燥机报废申请', '2025-05-01 09:00:00');


-- ############################################################
-- # 第十部分：人事管理
-- ############################################################

-- ============================================================
-- 66. 考勤记录 (20条)
-- ============================================================
INSERT IGNORE INTO hr_attendance (attendance_date, employee_id, employee_name, department_name, check_in_time, check_out_time, status, working_hours, overtime_hours, remark, create_time) VALUES
('2025-01-06', 'EMP002', '张伟', '销售部', '08:00:00', '17:30:00', 'normal', 8.5, 0, '正常出勤', '2025-01-06 09:00:00'),
('2025-01-06', 'EMP005', '刘洋', '采购部', '08:00:00', '17:30:00', 'normal', 8.5, 0, '正常出勤', '2025-01-06 09:00:00'),
('2025-01-06', 'EMP006', '陈明', '生产部', '07:30:00', '17:30:00', 'normal', 8.5, 1, '正常出勤含加班', '2025-01-06 09:00:00'),
('2025-01-06', 'EMP009', '周杰', '品质部', '08:00:00', '17:30:00', 'normal', 8.5, 0, '正常出勤', '2025-01-06 09:00:00'),
('2025-01-07', 'EMP002', '张伟', '销售部', '08:15:00', '17:30:00', 'late', 8.25, 0, '迟到15分钟', '2025-01-07 09:00:00'),
('2025-01-07', 'EMP005', '刘洋', '采购部', '08:00:00', '17:30:00', 'normal', 8.5, 0, '正常出勤', '2025-01-07 09:00:00'),
('2025-01-07', 'EMP006', '陈明', '生产部', '07:30:00', '19:00:00', 'normal', 8.5, 2.5, '正常出勤含加班', '2025-01-07 09:00:00'),
('2025-01-08', 'EMP007', '赵磊', '设备部', '08:00:00', '17:30:00', 'normal', 8.5, 0, '正常出勤', '2025-01-08 09:00:00'),
('2025-01-09', 'EMP008', '孙丽', '采购部', '08:00:00', '17:30:00', 'normal', 8.5, 0, '正常出勤', '2025-01-09 09:00:00'),
('2025-01-10', 'EMP009', '周杰', '品质部', NULL, NULL, 'absent', 0, 0, '事假', '2025-01-10 09:00:00'),
('2025-02-03', 'EMP002', '张伟', '销售部', '08:00:00', '17:30:00', 'normal', 8.5, 0, '正常出勤', '2025-02-03 09:00:00'),
('2025-02-03', 'EMP006', '陈明', '生产部', '07:30:00', '20:00:00', 'normal', 8.5, 3.5, '旺季加班', '2025-02-03 09:00:00'),
('2025-02-10', 'EMP005', '刘洋', '采购部', '08:00:00', '17:30:00', 'normal', 8.5, 0, '正常出勤', '2025-02-10 09:00:00'),
('2025-03-03', 'EMP006', '陈明', '生产部', '07:30:00', '18:00:00', 'normal', 8.5, 1.5, '正常出勤含加班', '2025-03-03 09:00:00'),
('2025-03-10', 'EMP009', '周杰', '品质部', '08:00:00', '17:30:00', 'normal', 8.5, 0, '正常出勤', '2025-03-10 09:00:00'),
('2025-03-15', 'EMP007', '赵磊', '设备部', '08:30:00', '17:30:00', 'late', 8, 0, '迟到30分钟', '2025-03-15 09:00:00'),
('2025-04-01', 'EMP002', '张伟', '销售部', '08:00:00', '17:30:00', 'normal', 8.5, 0, '正常出勤', '2025-04-01 09:00:00'),
('2025-04-07', 'EMP005', '刘洋', '采购部', NULL, NULL, 'leave', 0, 0, '年假', '2025-04-07 09:00:00'),
('2025-05-06', 'EMP006', '陈明', '生产部', '07:30:00', '17:30:00', 'normal', 8.5, 1, '正常出勤含加班', '2025-05-06 09:00:00'),
('2025-05-12', 'EMP009', '周杰', '品质部', '08:00:00', '17:30:00', 'normal', 8.5, 0, '正常出勤', '2025-05-12 09:00:00');

-- ============================================================
-- 67. 培训记录 (10条)
-- ============================================================
INSERT IGNORE INTO hr_training (training_no, training_name, training_date, training_type, trainer, department_name, participant_count, status, remark, create_time) VALUES
('TRN-20250110-001', '丝印工艺操作规范培训', '2025-01-10', '技能培训', '陈明', '生产部', 15, 'completed', '新员工丝印工艺操作规范培训', '2025-01-10 09:00:00'),
('TRN-20250115-001', '品质检验标准培训', '2025-01-15', '技能培训', '周杰', '品质部', 8, 'completed', '品质检验标准及操作规范培训', '2025-01-15 09:00:00'),
('TRN-20250205-001', 'UV油墨安全操作培训', '2025-02-05', '安全培训', '周杰', '生产部', 20, 'completed', 'UV油墨安全操作及应急处理培训', '2025-02-05 09:00:00'),
('TRN-20250220-001', '5S现场管理培训', '2025-02-20', '管理培训', '王强', '全厂', 50, 'completed', '5S现场管理推行培训', '2025-02-20 09:00:00'),
('TRN-20250305-001', '新设备操作培训-全自动丝印机', '2025-03-05', '技能培训', '设备供应商', '生产部', 10, 'completed', '全自动丝印机操作培训', '2025-03-05 09:00:00'),
('TRN-20250315-001', 'RoHS/REACH环保法规培训', '2025-03-15', '合规培训', '周杰', '品质部', 12, 'completed', 'RoHS/REACH环保法规解读培训', '2025-03-15 09:00:00'),
('TRN-20250401-001', '消防安全培训', '2025-04-01', '安全培训', '消防队', '全厂', 60, 'completed', '消防安全知识及灭火器使用培训', '2025-04-01 09:00:00'),
('TRN-20250415-001', 'ERP系统操作培训', '2025-04-15', '技能培训', 'IT部', '全厂', 30, 'completed', 'ERP系统操作流程培训', '2025-04-15 09:00:00'),
('TRN-20250501-001', '危化品管理培训', '2025-05-01', '安全培训', '周杰', '生产部', 15, 'processing', '危化品存储及使用管理培训', '2025-05-01 09:00:00'),
('TRN-20250510-001', '精益生产培训', '2025-05-10', '管理培训', '外部讲师', '生产部', 20, 'pending', '精益生产理念及工具培训', '2025-05-10 09:00:00');


-- ############################################################
-- # 第十一部分：打样管理
-- ############################################################

-- ============================================================
-- 68. 打样单 (20条)
-- ============================================================
INSERT IGNORE INTO sample_order (sample_no, order_month, order_date, sample_type, customer_name, print_method, color_sequence, product_name, material_code, size_spec, material_desc, required_date, progress_status, is_confirmed, is_urgent, is_produce_together, quantity, progress_detail, sample_count, sample_reason, order_tracker, provided_material, status, remark, create_time) VALUES
('DY-20250106-001', 1, '2025-01-06', '设变', '美的', '卷料丝印', '2色', '空调面板标签V2', 'LBL-AC-V2', '200x80mm', 'PET白膜0.125mm+3M7533', '2025-01-09', '已完成', 1, 0, 1, 10, '产线拿', 3, '变更内容及版本', '吴', '电子档', 2, '美的空调面板标签设变打样', '2025-01-06 09:00:00'),
('DY-20250110-001', 1, '2025-01-10', '新款', '格力', '卷料丝印', '1色', '洗衣机面板标签新', 'LBL-WM-N', '180x60mm', 'PET白膜0.125mm', '2025-01-15', '已完成', 1, 0, 0, 20, '产线拿', 1, '新产品打样', '吴', '打样单', 2, '格力洗衣机面板标签新款打样', '2025-01-10 09:00:00'),
('DY-20250115-001', 1, '2025-01-15', '测试', '华为', '卷料丝印', '3色', '手机后盖标签导电', 'LBL-MB-C', '150x75mm', 'PET透明膜0.1mm+导电银浆', '2025-01-20', '已完成', 1, 1, 0, 30, '印刷', 2, '新材料打样', '李', '电子档', 2, '华为手机后盖标签导电测试打样', '2025-01-15 09:00:00'),
('DY-20250120-001', 1, '2025-01-20', '设变', '比亚迪', '卷料丝印', '2色', '汽车内饰标签V3', 'LBL-AI-V3', '300x150mm', 'PVC白膜0.2mm', '2025-01-24', '已完成', 1, 0, 1, 5, '产线拿', 4, '变更版本', '吴', '电子档', 2, '比亚迪汽车内饰标签设变打样', '2025-01-20 09:00:00'),
('DY-20250125-001', 1, '2025-01-25', '新款', 'TCL', '卷料丝印', '1色', '电视背板标签新', 'LBL-TV-N', '120x50mm', 'PET白膜0.125mm', '2025-01-30', '已完成', 1, 0, 0, 15, '产线拿', 1, '新产品打样', '吴', '打样单', 2, 'TCL电视背板标签新款打样', '2025-01-25 09:00:00'),
('DY-20250205-001', 2, '2025-02-05', '测试', '中兴', '卷料丝印', '2色', '通信设备铭牌UV', 'LBL-CM-UV', '100x60mm', 'PET透明膜0.1mm+UV光油', '2025-02-10', '已完成', 1, 0, 0, 25, '出片', 2, '新工艺打样', '李', '电子档', 2, '中兴通信设备铭牌UV工艺打样', '2025-02-05 09:00:00'),
('DY-20250210-001', 2, '2025-02-10', '新款', '大疆', '卷料丝印', '2色', '无人机产品标签导电', 'LBL-UAV-C', '80x40mm', 'PET透明膜0.1mm+导电银浆', '2025-02-15', '已完成', 1, 1, 0, 20, '印刷', 3, '新材料打样', '李', '电子档', 2, '大疆无人机产品标签导电打样', '2025-02-10 09:00:00'),
('DY-20250215-001', 2, '2025-02-15', '设变', '迈瑞医疗', '卷料丝印', '1色', '医疗设备标签环保', 'LBL-MED-E', '150x80mm', 'PVC透明膜0.15mm+水性油墨', '2025-02-20', '已完成', 1, 0, 1, 10, '产线拿', 2, '变更油墨类型', '吴', '电子档', 2, '迈瑞医疗设备标签环保油墨打样', '2025-02-15 09:00:00'),
('DY-20250220-001', 2, '2025-02-20', '新款', '珠海冠宇', '卷料丝印', '1色', '电池产品标签新', 'LBL-BAT-N', '100x40mm', 'PET白膜0.125mm', '2025-02-25', '已完成', 1, 0, 0, 15, '产线拿', 1, '新产品打样', '吴', '打样单', 2, '冠宇电池产品标签新款打样', '2025-02-20 09:00:00'),
('DY-20250225-001', 2, '2025-02-25', '设变', '广汽', '卷料丝印', '3色', '汽车仪表盘标签V2', 'LBL-IC-V2', '250x120mm', 'PVC白膜0.2mm', '2025-03-02', '已完成', 1, 0, 1, 5, '产线拿', 3, '变更内容及尺寸', '吴', '电子档', 2, '广汽汽车仪表盘标签设变打样', '2025-02-25 09:00:00'),
('DY-20250305-001', 3, '2025-03-05', '测试', '海信', '卷料丝印', '1色', '电视背板标签高光', 'LBL-TV-GH', '120x50mm', 'PET白膜0.125mm+UV光油', '2025-03-10', '进行中', 0, 0, 0, 30, '等材料', 2, '新工艺打样', '吴', '电子档', 1, '海信电视背板标签高光工艺打样', '2025-03-05 09:00:00'),
('DY-20250310-001', 3, '2025-03-10', '设变', '美的', '卷料丝印', '2色', '空调面板标签V3', 'LBL-AC-V3', '200x80mm', 'PET白膜0.125mm', '2025-03-15', '进行中', 0, 0, 1, 10, '印刷', 5, '变更版本', '吴', '电子档', 1, '美的空调面板标签V3设变打样', '2025-03-10 09:00:00'),
('DY-20250315-001', 3, '2025-03-15', '测试', '小米', '卷料丝印', '2色', '手机后盖标签导电V2', 'LBL-MB-C2', '150x75mm', 'PET透明膜0.1mm+导电银浆', '2025-03-20', '进行中', 0, 1, 0, 25, '冲压', 3, '改材料打样', '李', '打样单', 1, '小米手机后盖标签导电V2打样', '2025-03-15 09:00:00'),
('DY-20250320-001', 3, '2025-03-20', '新款', 'OPPO', '卷料丝印', '2色', '手机后盖标签新', 'LBL-MB-OP', '150x75mm', 'PET透明膜0.1mm', '2025-03-25', '进行中', 0, 0, 0, 20, '嗮版', 2, '新产品打样', '李', '电子档', 1, 'OPPO手机后盖标签新款打样', '2025-03-20 09:00:00'),
('DY-20250325-001', 3, '2025-03-25', '测试', 'vivo', '卷料丝印', '2色', '手机后盖标签导电V3', 'LBL-MB-V3', '150x75mm', 'PET透明膜0.1mm+导电银浆', '2025-03-30', '进行中', 0, 0, 0, 30, '等材料', 2, '新材料打样', '李', '电子档', 1, 'vivo手机后盖标签导电V3打样', '2025-03-25 09:00:00'),
('DY-20250401-001', 4, '2025-04-01', '设变', '创维', '卷料丝印', '1色', '电视背板标签V2', 'LBL-TV-V2', '120x50mm', 'PET白膜0.125mm', '2025-04-05', '进行中', 0, 0, 1, 10, '出片', 2, '变更版本', '吴', '电子档', 1, '创维电视背板标签设变打样', '2025-04-01 09:00:00'),
('DY-20250410-001', 4, '2025-04-10', '新款', '广汽乘用车', '卷料丝印', '2色', '汽车内饰标签新', 'LBL-AI-GQ', '300x150mm', 'PVC白膜0.2mm', '2025-04-15', '进行中', 0, 0, 0, 15, '嗮版', 1, '新产品打样', '吴', '打样单', 1, '广汽乘用车汽车内饰标签新款打样', '2025-04-10 09:00:00'),
('DY-20250420-001', 4, '2025-04-20', '测试', '亿纬锂能', '卷料丝印', '1色', '电池产品标签耐温', 'LBL-BAT-T', '100x40mm', 'PET白膜0.125mm耐温型', '2025-04-25', '进行中', 0, 1, 0, 20, '等材料', 2, '新材料打样', '李', '电子档', 1, '亿纬锂能电池产品标签耐温打样', '2025-04-20 09:00:00'),
('DY-20250425-001', 4, '2025-04-25', '设变', '长城开发', '卷料丝印', '2色', '电子标签V2', 'LBL-ET-V2', '80x30mm', 'PET透明膜0.1mm', '2025-04-30', '进行中', 0, 0, 0, 10, '嗮版', 3, '变更内容及版本', '吴', '电子档', 1, '长城开发电子标签设变打样', '2025-04-25 09:00:00'),
('DY-20250505-001', 5, '2025-05-05', '新款', '传音', '卷料丝印', '3色', '手机后盖标签新', 'LBL-MB-CT', '150x75mm', 'PET透明膜0.1mm+导电银浆', '2025-05-10', '进行中', 0, 0, 0, 25, '等材料', 1, '新产品打样', '李', '打样单', 0, '传音手机后盖标签新款打样', '2025-05-05 09:00:00');


-- ############################################################
-- # 第十二部分：供应商评估
-- ############################################################

-- ============================================================
-- 69. 供应商评估 (20条)
-- ============================================================
INSERT IGNORE INTO srm_supplier_eval (eval_no, eval_date, supplier_id, supplier_name, quality_score, delivery_score, price_score, service_score, total_score, eval_level, status, remark, create_time) VALUES
('SE-20250115-001', '2025-01-15', 1, '东莞鑫达薄膜', 92, 95, 88, 90, 91.25, 'A', 'completed', '东莞鑫达薄膜1月评估', '2025-01-15 09:00:00'),
('SE-20250115-002', '2025-01-15', 2, '佛山顺达PVC', 85, 82, 90, 88, 86.25, 'B', 'completed', '佛山顺达PVC1月评估-厚度偏差扣分', '2025-01-15 09:00:00'),
('SE-20250115-003', '2025-01-15', 3, '深圳精诚油墨', 90, 92, 85, 88, 88.75, 'A', 'completed', '深圳精诚油墨1月评估', '2025-01-15 09:00:00'),
('SE-20250115-004', '2025-01-15', 4, '广州永盛化工', 78, 75, 92, 80, 81.25, 'B', 'completed', '广州永盛化工1月评估-交期不稳定', '2025-01-15 09:00:00'),
('SE-20250115-005', '2025-01-15', 7, '苏州雅特不干胶', 88, 90, 85, 85, 87, 'A', 'completed', '苏州雅特不干胶1月评估', '2025-01-15 09:00:00'),
('SE-20250215-001', '2025-02-15', 1, '东莞鑫达薄膜', 90, 93, 88, 92, 90.75, 'A', 'completed', '东莞鑫达薄膜2月评估', '2025-02-15 09:00:00'),
('SE-20250215-002', '2025-02-15', 10, '深圳特种油墨', 92, 88, 82, 90, 88, 'A', 'completed', '深圳特种油墨2月评估-新增供应商', '2025-02-15 09:00:00'),
('SE-20250215-003', '2025-02-15', 4, '广州永盛化工', 80, 78, 90, 82, 82.5, 'B', 'completed', '广州永盛化工2月评估', '2025-02-15 09:00:00'),
('SE-20250215-004', '2025-02-15', 5, '东莞宏达丝网', 85, 85, 88, 80, 84.5, 'B', 'completed', '东莞宏达丝网2月评估', '2025-02-15 09:00:00'),
('SE-20250215-005', '2025-02-15', 6, '上海紫江油墨', 88, 90, 85, 85, 87, 'A', 'completed', '上海紫江油墨2月评估', '2025-02-15 09:00:00'),
('SE-20250315-001', '2025-03-15', 1, '东莞鑫达薄膜', 91, 94, 88, 90, 90.75, 'A', 'completed', '东莞鑫达薄膜3月评估', '2025-03-15 09:00:00'),
('SE-20250315-002', '2025-03-15', 2, '佛山顺达PVC', 72, 70, 90, 78, 77.5, 'C', 'completed', '佛山顺达PVC3月评估-厚度超差严重扣分', '2025-03-15 09:00:00'),
('SE-20250315-003', '2025-03-15', 3, '深圳精诚油墨', 90, 91, 85, 88, 88.5, 'A', 'completed', '深圳精诚油墨3月评估', '2025-03-15 09:00:00'),
('SE-20250315-004', '2025-03-15', 6, '上海紫江油墨', 85, 88, 85, 82, 85, 'B', 'completed', '上海紫江油墨3月评估', '2025-03-15 09:00:00'),
('SE-20250315-005', '2025-03-15', 12, '惠州天成薄膜', 80, 82, 88, 78, 82, 'B', 'completed', '惠州天成薄膜3月评估-新增供应商', '2025-03-15 09:00:00'),
('SE-20250415-001', '2025-04-15', 1, '东莞鑫达薄膜', 90, 92, 88, 90, 90, 'A', 'completed', '东莞鑫达薄膜4月评估', '2025-04-15 09:00:00'),
('SE-20250415-002', '2025-04-15', 5, '东莞宏达丝网', 0, 0, 0, 0, 0, 'N', 'pending', '东莞宏达丝网4月评估-待评估', '2025-04-15 09:00:00'),
('SE-20250415-003', '2025-04-15', 4, '广州永盛化工', 0, 0, 0, 0, 0, 'N', 'pending', '广州永盛化工4月评估-整改跟进中', '2025-04-15 09:00:00'),
('SE-20250415-004', '2025-04-15', 12, '惠州天成薄膜', 0, 0, 0, 0, 0, 'N', 'pending', '惠州天成薄膜4月评估-待评估', '2025-04-15 09:00:00'),
('SE-20250415-005', '2025-04-15', 2, '佛山顺达PVC', 0, 0, 0, 0, 0, 'N', 'pending', '佛山顺达PVC4月评估-整改跟进中', '2025-04-15 09:00:00');


-- ############################################################
-- # 第十三部分：油墨管理
-- ############################################################

-- ============================================================
-- 70. 油墨使用记录 (20条)
-- ============================================================
INSERT IGNORE INTO ink_usage (usage_no, usage_date, ink_id, ink_code, ink_name, ink_type, usage_qty, work_order_id, work_order_no, product_name, operator_id, operator_name, remark, create_time) VALUES
('IU-20250109-001', '2025-01-09', 1, 'IK-UV-BK', 'UV黑色油墨', 'UV', 5, 1, 'WO-20250109-001', '空调面板标签', 6, '陈明', '空调面板标签UV黑色油墨使用', '2025-01-09 12:00:00'),
('IU-20250111-001', '2025-01-11', 2, 'IK-UV-WH', 'UV白色油墨', 'UV', 4, 2, 'WO-20250111-001', '洗衣机面板标签', 6, '陈明', '洗衣机面板标签UV白色油墨使用', '2025-01-11 12:00:00'),
('IU-20250116-001', '2025-01-16', 6, 'IK-AG-01', '导电银浆', '导电', 8, 3, 'WO-20250116-001', '手机后盖标签', 6, '陈明', '手机后盖标签导电银浆使用', '2025-01-16 12:00:00'),
('IU-20250121-001', '2025-01-21', 3, 'IK-SL-BK', '溶剂黑色油墨', '溶剂', 6, 4, 'WO-20250121-001', '汽车内饰标签', 6, '陈明', '汽车内饰标签溶剂黑色油墨使用', '2025-01-21 12:00:00'),
('IU-20250126-001', '2025-01-26', 1, 'IK-UV-BK', 'UV黑色油墨', 'UV', 3.2, 5, 'WO-20250126-001', '电视背板标签', 6, '陈明', '电视背板标签UV黑色油墨使用', '2025-01-26 12:00:00'),
('IU-20250202-001', '2025-02-02', 2, 'IK-UV-WH', 'UV白色油墨', 'UV', 6, 6, 'WO-20250202-001', '通信设备铭牌', 6, '陈明', '通信设备铭牌UV白色油墨使用', '2025-02-02 12:00:00'),
('IU-20250206-001', '2025-02-06', 6, 'IK-AG-01', '导电银浆', '导电', 6, 7, 'WO-20250206-001', '无人机产品标签', 6, '陈明', '无人机产品标签导电银浆使用', '2025-02-06 12:00:00'),
('IU-20250211-001', '2025-02-11', 5, 'IK-WT-BK', '水性黑色油墨', '水性', 5, 8, 'WO-20250211-001', '医疗设备标签', 6, '陈明', '医疗设备标签水性黑色油墨使用', '2025-02-11 12:00:00'),
('IU-20250216-001', '2025-02-16', 1, 'IK-UV-BK', 'UV黑色油墨', 'UV', 4, 9, 'WO-20250216-001', '电池产品标签', 6, '陈明', '电池产品标签UV黑色油墨使用', '2025-02-16 12:00:00'),
('IU-20250221-001', '2025-02-21', 3, 'IK-SL-BK', '溶剂黑色油墨', '溶剂', 5.5, 10, 'WO-20250221-001', '汽车仪表盘标签', 6, '陈明', '汽车仪表盘标签溶剂黑色油墨使用', '2025-02-21 12:00:00'),
('IU-20250301-001', '2025-03-01', 1, 'IK-UV-BK', 'UV黑色油墨', 'UV', 3.2, 11, 'WO-20250301-001', '电视背板标签', 6, '陈明', '电视背板标签追加UV黑色油墨使用', '2025-03-01 12:00:00'),
('IU-20250306-001', '2025-03-06', 6, 'IK-AG-01', '导电银浆', '导电', 5, 12, 'WO-20250306-001', '手机后盖标签', 6, '陈明', '手机后盖标签导电银浆使用', '2025-03-06 12:00:00'),
('IU-20250311-001', '2025-03-11', 1, 'IK-UV-BK', 'UV黑色油墨', 'UV', 5.5, 13, 'WO-20250311-001', '空调面板标签', 6, '陈明', '空调面板标签追加UV黑色油墨使用', '2025-03-11 12:00:00'),
('IU-20250316-001', '2025-03-16', 6, 'IK-AG-01', '导电银浆', '导电', 5.6, 14, 'WO-20250316-001', '手机后盖标签', 6, '陈明', '手机后盖标签导电银浆使用', '2025-03-16 12:00:00'),
('IU-20250321-001', '2025-03-21', 3, 'IK-SL-BK', '溶剂黑色油墨', '溶剂', 6, 15, 'WO-20250321-001', '汽车内饰标签', 6, '陈明', '汽车内饰标签溶剂黑色油墨使用', '2025-03-21 12:00:00'),
('IU-20250329-001', '2025-03-29', 6, 'IK-AG-01', '导电银浆', '导电', 3.2, 16, 'WO-20250329-001', '手机后盖标签', 6, '陈明', '手机后盖标签导电银浆使用', '2025-03-29 12:00:00'),
('IU-20250406-001', '2025-04-06', 6, 'IK-AG-01', '导电银浆', '导电', 3.2, 17, 'WO-20250406-001', '手机后盖标签', 6, '陈明', '手机后盖标签导电银浆使用', '2025-04-06 12:00:00'),
('IU-20250413-001', '2025-04-13', 1, 'IK-UV-BK', 'UV黑色油墨', 'UV', 2.8, 18, 'WO-20250413-001', '电视背板标签', 6, '陈明', '电视背板标签UV黑色油墨使用', '2025-04-13 12:00:00'),
('IU-20250421-001', '2025-04-21', 3, 'IK-SL-BK', '溶剂黑色油墨', '溶剂', 5.4, 19, 'WO-20250421-001', '汽车内饰标签', 6, '陈明', '汽车内饰标签溶剂黑色油墨使用', '2025-04-21 12:00:00'),
('IU-20250429-001', '2025-04-29', 1, 'IK-UV-BK', 'UV黑色油墨', 'UV', 4.4, 20, 'WO-20250429-001', '电池产品标签', 6, '陈明', '电池产品标签UV黑色油墨使用', '2025-04-29 12:00:00');

-- ============================================================
-- 71. 油墨开罐记录 (20条)
-- ============================================================
INSERT IGNORE INTO ink_opening_record (record_no, opening_date, ink_id, ink_code, ink_name, batch_no, opening_qty, remaining_qty, operator_id, operator_name, status, remark, create_time) VALUES
('IO-20250109-001', '2025-01-09', 1, 'IK-UV-BK', 'UV黑色油墨', 'IKUVBK-250109', 5, 45, 6, '陈明', 'used', '空调面板标签开罐', '2025-01-09 08:00:00'),
('IO-20250111-001', '2025-01-11', 2, 'IK-UV-WH', 'UV白色油墨', 'IKUVWH-250111', 4, 46, 6, '陈明', 'used', '洗衣机面板标签开罐', '2025-01-11 08:00:00'),
('IO-20250116-001', '2025-01-16', 6, 'IK-AG-01', '导电银浆', 'IKAG01-250116', 8, 92, 6, '陈明', 'used', '手机后盖标签开罐', '2025-01-16 08:00:00'),
('IO-20250121-001', '2025-01-21', 3, 'IK-SL-BK', '溶剂黑色油墨', 'IKSLBK-250121', 6, 29, 6, '陈明', 'used', '汽车内饰标签开罐', '2025-01-21 08:00:00'),
('IO-20250126-001', '2025-01-26', 1, 'IK-UV-BK', 'UV黑色油墨', 'IKUVBK-250126', 3.2, 41.8, 6, '陈明', 'used', '电视背板标签开罐', '2025-01-26 08:00:00'),
('IO-20250202-001', '2025-02-02', 2, 'IK-UV-WH', 'UV白色油墨', 'IKUVWH-250202', 6, 40, 6, '陈明', 'used', '通信设备铭牌开罐', '2025-02-02 08:00:00'),
('IO-20250206-001', '2025-02-06', 6, 'IK-AG-01', '导电银浆', 'IKAG01-250206', 6, 86, 6, '陈明', 'used', '无人机产品标签开罐', '2025-02-06 08:00:00'),
('IO-20250211-001', '2025-02-11', 5, 'IK-WT-BK', '水性黑色油墨', 'IKWTBK-250211', 5, 15, 6, '陈明', 'used', '医疗设备标签开罐', '2025-02-11 08:00:00'),
('IO-20250216-001', '2025-02-16', 1, 'IK-UV-BK', 'UV黑色油墨', 'IKUVBK-250216', 4, 37.8, 6, '陈明', 'used', '电池产品标签开罐', '2025-02-16 08:00:00'),
('IO-20250221-001', '2025-02-21', 3, 'IK-SL-BK', '溶剂黑色油墨', 'IKSLBK-250221', 5.5, 23.5, 6, '陈明', 'used', '汽车仪表盘标签开罐', '2025-02-21 08:00:00'),
('IO-20250301-001', '2025-03-01', 1, 'IK-UV-BK', 'UV黑色油墨', 'IKUVBK-250301', 3.2, 34.6, 6, '陈明', 'used', '电视背板标签追加开罐', '2025-03-01 08:00:00'),
('IO-20250306-001', '2025-03-06', 6, 'IK-AG-01', '导电银浆', 'IKAG01-250306', 5, 81, 6, '陈明', 'used', '手机后盖标签开罐', '2025-03-06 08:00:00'),
('IO-20250311-001', '2025-03-11', 1, 'IK-UV-BK', 'UV黑色油墨', 'IKUVBK-250311', 5.5, 29.1, 6, '陈明', 'used', '空调面板标签追加开罐', '2025-03-11 08:00:00'),
('IO-20250316-001', '2025-03-16', 6, 'IK-AG-01', '导电银浆', 'IKAG01-250316', 5.6, 75.4, 6, '陈明', 'used', '手机后盖标签开罐', '2025-03-16 08:00:00'),
('IO-20250321-001', '2025-03-21', 3, 'IK-SL-BK', '溶剂黑色油墨', 'IKSLBK-250321', 6, 17.5, 6, '陈明', 'used', '汽车内饰标签开罐', '2025-03-21 08:00:00'),
('IO-20250329-001', '2025-03-29', 6, 'IK-AG-01', '导电银浆', 'IKAG01-250329', 3.2, 72.2, 6, '陈明', 'used', '手机后盖标签开罐', '2025-03-29 08:00:00'),
('IO-20250406-001', '2025-04-06', 6, 'IK-AG-01', '导电银浆', 'IKAG01-250406', 3.2, 69, 6, '陈明', 'used', '手机后盖标签开罐', '2025-04-06 08:00:00'),
('IO-20250413-001', '2025-04-13', 1, 'IK-UV-BK', 'UV黑色油墨', 'IKUVBK-250413', 2.8, 26.3, 6, '陈明', 'used', '电视背板标签开罐', '2025-04-13 08:00:00'),
('IO-20250421-001', '2025-04-21', 3, 'IK-SL-BK', '溶剂黑色油墨', 'IKSLBK-250421', 5.4, 12.1, 6, '陈明', 'used', '汽车内饰标签开罐', '2025-04-21 08:00:00'),
('IO-20250429-001', '2025-04-29', 1, 'IK-UV-BK', 'UV黑色油墨', 'IKUVBK-250429', 4.4, 21.9, 6, '陈明', 'used', '电池产品标签开罐', '2025-04-29 08:00:00');

-- ============================================================
-- 72. 油墨调色记录 (20条)
-- ============================================================
INSERT IGNORE INTO ink_mixed_record (record_no, mix_date, formula_id, formula_no, formula_name, pantone_code, color_name, total_weight, batch_no, status, operator_id, operator_name, remark, create_time) VALUES
('IM-20250109-001', '2025-01-09', 1, 'IF-20250105-001', '空调面板黑-专色', 'PANTONE Black 6 C', '深黑', 0.5, 'IMB20250109-001', 'used', 6, '陈明', '空调面板标签调色', '2025-01-09 07:30:00'),
('IM-20250111-001', '2025-01-11', 2, 'IF-20250106-001', '洗衣机面板白-专色', 'PANTONE White', '纯白', 0.45, 'IMB20250111-001', 'used', 6, '陈明', '洗衣机面板标签调色', '2025-01-11 07:30:00'),
('IM-20250116-001', '2025-01-16', 3, 'IF-20250107-001', '手机后盖银浆-导电', 'N/A', '银色', 0.2, 'IMB20250116-001', 'used', 6, '陈明', '手机后盖标签导电调色', '2025-01-16 07:30:00'),
('IM-20250121-001', '2025-01-21', 4, 'IF-20250108-001', '汽车内饰灰-专色', 'PANTONE Cool Gray 8 C', '深灰', 0.55, 'IMB20250121-001', 'used', 6, '陈明', '汽车内饰标签调色', '2025-01-21 07:30:00'),
('IM-20250126-001', '2025-01-26', 5, 'IF-20250109-001', '电视背板黑-专色', 'PANTONE Black 7 C', '亮黑', 0.4, 'IMB20250126-001', 'used', 6, '陈明', '电视背板标签调色', '2025-01-26 07:30:00'),
('IM-20250202-001', '2025-02-02', 6, 'IF-20250110-001', '通信铭牌白-专色', 'PANTONE 11-0601 TCX', '亮白', 0.48, 'IMB20250202-001', 'used', 6, '陈明', '通信设备铭牌调色', '2025-02-02 07:30:00'),
('IM-20250206-001', '2025-02-06', 7, 'IF-20250111-001', '无人机标签银-导电', 'N/A', '浅银', 0.18, 'IMB20250206-001', 'used', 6, '陈明', '无人机产品标签导电调色', '2025-02-06 07:30:00'),
('IM-20250211-001', '2025-02-11', 8, 'IF-20250112-001', '医疗标签黑-环保', 'PANTONE Black 6 C', '哑黑', 0.42, 'IMB20250211-001', 'used', 6, '陈明', '医疗设备标签环保调色', '2025-02-11 07:30:00'),
('IM-20250216-001', '2025-02-16', 9, 'IF-20250113-001', '电池标签黑-专色', 'PANTONE Process Black C', '标准黑', 0.35, 'IMB20250216-001', 'used', 6, '陈明', '电池产品标签调色', '2025-02-16 07:30:00'),
('IM-20250221-001', '2025-02-21', 10, 'IF-20250114-001', '仪表盘灰-专色', 'PANTONE Cool Gray 6 C', '中灰', 0.5, 'IMB20250221-001', 'used', 6, '陈明', '汽车仪表盘标签调色', '2025-02-21 07:30:00'),
('IM-20250301-001', '2025-03-01', 5, 'IF-20250109-001', '电视背板黑-专色', 'PANTONE Black 7 C', '亮黑', 0.4, 'IMB20250301-001', 'used', 6, '陈明', '电视背板标签追加调色', '2025-03-01 07:30:00'),
('IM-20250306-001', '2025-03-06', 3, 'IF-20250107-001', '手机后盖银浆-导电', 'N/A', '银色', 0.2, 'IMB20250306-001', 'used', 6, '陈明', '手机后盖标签调色', '2025-03-06 07:30:00'),
('IM-20250311-001', '2025-03-11', 1, 'IF-20250105-001', '空调面板黑-专色', 'PANTONE Black 6 C', '深黑', 0.55, 'IMB20250311-001', 'used', 6, '陈明', '空调面板标签追加调色', '2025-03-11 07:30:00'),
('IM-20250316-001', '2025-03-16', 3, 'IF-20250107-001', '手机后盖银浆-导电', 'N/A', '银色', 0.28, 'IMB20250316-001', 'used', 6, '陈明', '手机后盖标签调色', '2025-03-16 07:30:00'),
('IM-20250321-001', '2025-03-21', 4, 'IF-20250108-001', '汽车内饰灰-专色', 'PANTONE Cool Gray 8 C', '深灰', 0.6, 'IMB20250321-001', 'used', 6, '陈明', '汽车内饰标签调色', '2025-03-21 07:30:00'),
('IM-20250329-001', '2025-03-29', 3, 'IF-20250107-001', '手机后盖银浆-导电', 'N/A', '银色', 0.16, 'IMB20250329-001', 'pending', 6, '陈明', '手机后盖标签调色', '2025-03-29 07:30:00'),
('IM-20250406-001', '2025-04-06', 3, 'IF-20250107-001', '手机后盖银浆-导电', 'N/A', '银色', 0.16, 'IMB20250406-001', 'pending', 6, '陈明', '手机后盖标签调色', '2025-04-06 07:30:00'),
('IM-20250413-001', '2025-04-13', 5, 'IF-20250109-001', '电视背板黑-专色', 'PANTONE Black 7 C', '亮黑', 0.28, 'IMB20250413-001', 'pending', 6, '陈明', '电视背板标签调色', '2025-04-13 07:30:00'),
('IM-20250421-001', '2025-04-21', 4, 'IF-20250108-001', '汽车内饰灰-专色', 'PANTONE Cool Gray 8 C', '深灰', 0.54, 'IMB20250421-001', 'pending', 6, '陈明', '汽车内饰标签调色', '2025-04-21 07:30:00'),
('IM-20250429-001', '2025-04-29', 9, 'IF-20250113-001', '电池标签黑-专色', 'PANTONE Process Black C', '标准黑', 0.44, 'IMB20250429-001', 'pending', 6, '陈明', '电池产品标签调色', '2025-04-29 07:30:00');

-- ============================================================
-- 73. 油墨派工单 (20条)
-- ============================================================
INSERT IGNORE INTO ink_dispatch (dispatch_no, dispatch_date, work_order_id, work_order_no, product_name, ink_type, total_weight, status, operator_id, operator_name, remark, create_time) VALUES
('ID-20250109-001', '2025-01-09', 1, 'WO-20250109-001', '空调面板标签', 'UV', 0.5, 'completed', 6, '陈明', '空调面板标签油墨派工', '2025-01-09 07:00:00'),
('ID-20250111-001', '2025-01-11', 2, 'WO-20250111-001', '洗衣机面板标签', 'UV', 0.45, 'completed', 6, '陈明', '洗衣机面板标签油墨派工', '2025-01-11 07:00:00'),
('ID-20250116-001', '2025-01-16', 3, 'WO-20250116-001', '手机后盖标签', '导电', 0.2, 'completed', 6, '陈明', '手机后盖标签导电油墨派工', '2025-01-16 07:00:00'),
('ID-20250121-001', '2025-01-21', 4, 'WO-20250121-001', '汽车内饰标签', '溶剂', 0.55, 'completed', 6, '陈明', '汽车内饰标签油墨派工', '2025-01-21 07:00:00'),
('ID-20250126-001', '2025-01-26', 5, 'WO-20250126-001', '电视背板标签', 'UV', 0.4, 'completed', 6, '陈明', '电视背板标签油墨派工', '2025-01-26 07:00:00'),
('ID-20250202-001', '2025-02-02', 6, 'WO-20250202-001', '通信设备铭牌', 'UV', 0.48, 'completed', 6, '陈明', '通信设备铭牌油墨派工', '2025-02-02 07:00:00'),
('ID-20250206-001', '2025-02-06', 7, 'WO-20250206-001', '无人机产品标签', '导电', 0.18, 'completed', 6, '陈明', '无人机产品标签导电油墨派工', '2025-02-06 07:00:00'),
('ID-20250211-001', '2025-02-11', 8, 'WO-20250211-001', '医疗设备标签', '水性', 0.42, 'completed', 6, '陈明', '医疗设备标签水性油墨派工', '2025-02-11 07:00:00'),
('ID-20250216-001', '2025-02-16', 9, 'WO-20250216-001', '电池产品标签', 'UV', 0.35, 'completed', 6, '陈明', '电池产品标签油墨派工', '2025-02-16 07:00:00'),
('ID-20250221-001', '2025-02-21', 10, 'WO-20250221-001', '汽车仪表盘标签', '溶剂', 0.5, 'completed', 6, '陈明', '汽车仪表盘标签油墨派工', '2025-02-21 07:00:00'),
('ID-20250301-001', '2025-03-01', 11, 'WO-20250301-001', '电视背板标签', 'UV', 0.4, 'completed', 6, '陈明', '电视背板标签追加油墨派工', '2025-03-01 07:00:00'),
('ID-20250306-001', '2025-03-06', 12, 'WO-20250306-001', '手机后盖标签', '导电', 0.2, 'completed', 6, '陈明', '手机后盖标签油墨派工', '2025-03-06 07:00:00'),
('ID-20250311-001', '2025-03-11', 13, 'WO-20250311-001', '空调面板标签', 'UV', 0.55, 'completed', 6, '陈明', '空调面板标签追加油墨派工', '2025-03-11 07:00:00'),
('ID-20250316-001', '2025-03-16', 14, 'WO-20250316-001', '手机后盖标签', '导电', 0.28, 'completed', 6, '陈明', '手机后盖标签油墨派工', '2025-03-16 07:00:00'),
('ID-20250321-001', '2025-03-21', 15, 'WO-20250321-001', '汽车内饰标签', '溶剂', 0.6, 'completed', 6, '陈明', '汽车内饰标签油墨派工', '2025-03-21 07:00:00'),
('ID-20250329-001', '2025-03-29', 16, 'WO-20250329-001', '手机后盖标签', '导电', 0.16, 'pending', 6, '陈明', '手机后盖标签油墨派工', '2025-03-29 07:00:00'),
('ID-20250406-001', '2025-04-06', 17, 'WO-20250406-001', '手机后盖标签', '导电', 0.16, 'pending', 6, '陈明', '手机后盖标签油墨派工', '2025-04-06 07:00:00'),
('ID-20250413-001', '2025-04-13', 18, 'WO-20250413-001', '电视背板标签', 'UV', 0.28, 'pending', 6, '陈明', '电视背板标签油墨派工', '2025-04-13 07:00:00'),
('ID-20250421-001', '2025-04-21', 19, 'WO-20250421-001', '汽车内饰标签', '溶剂', 0.54, 'pending', 6, '陈明', '汽车内饰标签油墨派工', '2025-04-21 07:00:00'),
('ID-20250429-001', '2025-04-29', 20, 'WO-20250429-001', '电池产品标签', 'UV', 0.44, 'pending', 6, '陈明', '电池产品标签油墨派工', '2025-04-29 07:00:00');

-- ============================================================
-- 74. 油墨派工明细 (20条)
-- ============================================================
INSERT IGNORE INTO ink_dispatch_item (dispatch_id, ink_id, ink_code, ink_name, weight, batch_no, remark) VALUES
(1, 1, 'IK-UV-BK', 'UV黑色油墨', 0.5, 'IMB20250109-001', '空调面板标签UV黑色油墨'),
(2, 2, 'IK-UV-WH', 'UV白色油墨', 0.45, 'IMB20250111-001', '洗衣机面板标签UV白色油墨'),
(3, 6, 'IK-AG-01', '导电银浆', 0.2, 'IMB20250116-001', '手机后盖标签导电银浆'),
(4, 3, 'IK-SL-BK', '溶剂黑色油墨', 0.55, 'IMB20250121-001', '汽车内饰标签溶剂黑色油墨'),
(5, 1, 'IK-UV-BK', 'UV黑色油墨', 0.4, 'IMB20250126-001', '电视背板标签UV黑色油墨'),
(6, 2, 'IK-UV-WH', 'UV白色油墨', 0.48, 'IMB20250202-001', '通信设备铭牌UV白色油墨'),
(7, 6, 'IK-AG-01', '导电银浆', 0.18, 'IMB20250206-001', '无人机产品标签导电银浆'),
(8, 5, 'IK-WT-BK', '水性黑色油墨', 0.42, 'IMB20250211-001', '医疗设备标签水性黑色油墨'),
(9, 1, 'IK-UV-BK', 'UV黑色油墨', 0.35, 'IMB20250216-001', '电池产品标签UV黑色油墨'),
(10, 3, 'IK-SL-BK', '溶剂黑色油墨', 0.5, 'IMB20250221-001', '汽车仪表盘标签溶剂黑色油墨'),
(11, 1, 'IK-UV-BK', 'UV黑色油墨', 0.4, 'IMB20250301-001', '电视背板标签追加UV黑色油墨'),
(12, 6, 'IK-AG-01', '导电银浆', 0.2, 'IMB20250306-001', '手机后盖标签导电银浆'),
(13, 1, 'IK-UV-BK', 'UV黑色油墨', 0.55, 'IMB20250311-001', '空调面板标签追加UV黑色油墨'),
(14, 6, 'IK-AG-01', '导电银浆', 0.28, 'IMB20250316-001', '手机后盖标签导电银浆'),
(15, 3, 'IK-SL-BK', '溶剂黑色油墨', 0.6, 'IMB20250321-001', '汽车内饰标签溶剂黑色油墨'),
(16, 6, 'IK-AG-01', '导电银浆', 0.16, 'IMB20250329-001', '手机后盖标签导电银浆'),
(17, 6, 'IK-AG-01', '导电银浆', 0.16, 'IMB20250406-001', '手机后盖标签导电银浆'),
(18, 1, 'IK-UV-BK', 'UV黑色油墨', 0.28, 'IMB20250413-001', '电视背板标签UV黑色油墨'),
(19, 3, 'IK-SL-BK', '溶剂黑色油墨', 0.54, 'IMB20250421-001', '汽车内饰标签溶剂黑色油墨'),
(20, 1, 'IK-UV-BK', 'UV黑色油墨', 0.44, 'IMB20250429-001', '电池产品标签UV黑色油墨');


-- ############################################################
-- # 第十四部分：收尾
-- ############################################################

SET FOREIGN_KEY_CHECKS=1;

