SET FOREIGN_KEY_CHECKS=0;
SET NAMES utf8mb4;

-- ============================================================
-- 销售与采购管理模块种子数据 (Part 3)
-- 生成日期: 2025-05-12
-- 包含: 销售订单/发货/对账/退货/打样, 采购申请/采购订单, 供应商评估
-- ============================================================

-- ============================================================
-- 一、销售管理模块
-- ============================================================

-- -----------------------------------------------------------
-- 1. 销售订单主表 (sal_order) - 20条
-- 状态: 1=已确认, 2=已发货, 3=已完成
-- -----------------------------------------------------------
INSERT IGNORE INTO sal_order (order_no, order_date, customer_id, contact_name, contact_phone, delivery_address, salesman_id, total_amount, tax_amount, total_with_tax, discount_amount, currency, exchange_rate, payment_terms, delivery_date, contract_no, status, remark, create_by, update_by, deleted) VALUES
('SO-20250401-001', '2025-04-01', 1, '张明', '0757-26338888', '广东省佛山市顺德区北滘镇美的大道', 2, 85100.0000, 11063.0000, 96163.0000, 0.0000, 'CNY', 1.0000, '月结30天', '2025-04-10', 'HT-2025-0401', 3, '美的空调面板标签年度订单', 2, 2, 0),
('SO-20250402-002', '2025-04-02', 2, '李华', '0756-8614888', '广东省珠海市前山金鸡西路6号', 2, 128500.0000, 16705.0000, 145205.0000, 0.0000, 'CNY', 1.0000, '月结45天', '2025-04-12', 'HT-2025-0402', 3, '格力电器标签及包装膜订单', 2, 2, 0),
('SO-20250403-003', '2025-04-03', 3, '王强', '0755-28780808', '广东省深圳市龙岗区坂田街道华为基地', 3, 204000.0000, 26520.0000, 230520.0000, 0.0000, 'CNY', 1.0000, '月结60天', '2025-04-15', 'HT-2025-0403', 3, '华为手机标签及包装膜订单', 3, 3, 0),
('SO-20250405-004', '2025-04-05', 4, '赵刚', '0755-89888888', '广东省深圳市坪山区比亚迪路3009号', 3, 153000.0000, 19890.0000, 172890.0000, 0.0000, 'CNY', 1.0000, '月结30天', '2025-04-18', 'HT-2025-0405', 3, '比亚迪汽车内饰标签订单', 3, 3, 0),
('SO-20250407-005', '2025-04-07', 5, '陈伟', '0752-2288888', '广东省惠州市仲恺高新区TCL科技大厦', 4, 64500.0000, 8385.0000, 72885.0000, 500.0000, 'CNY', 1.0000, '月结30天', '2025-04-17', 'HT-2025-0407', 3, 'TCL家电面板标签订单', 4, 4, 0),
('SO-20250408-006', '2025-04-08', 6, '刘洋', '0755-26770000', '广东省深圳市南山区科技园中兴通讯大厦', 4, 97500.0000, 12675.0000, 110175.0000, 0.0000, 'CNY', 1.0000, '月结45天', '2025-04-20', NULL, 3, '中兴通讯电子标签及手机标签订单', 4, 4, 0),
('SO-20250410-007', '2025-04-10', 7, '周明', '020-82308888', '广东省广州市番禺区广汽集团总部', 2, 96600.0000, 12558.0000, 109158.0000, 0.0000, 'CNY', 1.0000, '月结30天', '2025-04-22', 'HT-2025-0410', 3, '广汽汽车内饰标签订单', 2, 2, 0),
('SO-20250411-008', '2025-04-11', 8, '孙磊', '0532-85728888', '山东省青岛市市南区海信大厦', 3, 150750.0000, 19597.5000, 170347.5000, 0.0000, 'CNY', 1.0000, '月结45天', '2025-04-23', NULL, 3, '海信空调面板标签及包装膜订单', 3, 3, 0),
('SO-20250414-009', '2025-04-14', 9, '吴鹏', '010-82528888', '北京市海淀区小米科技园', 4, 156900.0000, 20397.0000, 177297.0000, 1000.0000, 'CNY', 1.0000, '月结60天', '2025-04-25', 'HT-2025-0414', 3, '小米手机标签及电子标签订单', 4, 4, 0),
('SO-20250415-010', '2025-04-15', 10, '郑涛', '0769-88688888', '广东省东莞市长安镇OPPO工业园', 3, 157000.0000, 20410.0000, 177410.0000, 0.0000, 'CNY', 1.0000, '月结30天', '2025-04-28', NULL, 3, 'OPPO手机标签及包装膜订单', 3, 3, 0),
('SO-20250417-011', '2025-04-17', 11, '何军', '0816-2418888', '四川省绵阳市高新区长虹科技大厦', 2, 48150.0000, 6259.5000, 54409.5000, 0.0000, 'CNY', 1.0000, '月结30天', '2025-04-28', NULL, 2, '长虹家电面板标签订单', 2, 2, 0),
('SO-20250418-012', '2025-04-18', 12, '马超', '0755-86708888', '广东省深圳市南山区创维科技大厦', 4, 63000.0000, 8190.0000, 71190.0000, 0.0000, 'CNY', 1.0000, '月结45天', '2025-04-30', NULL, 2, '创维电子标签及汽车标签订单', 4, 4, 0),
('SO-20250421-013', '2025-04-21', 13, '林峰', '010-58868888', '北京市海淀区联想科技园', 2, 83260.0000, 10823.8000, 94083.8000, 0.0000, 'CNY', 1.0000, '月结30天', '2025-05-02', NULL, 2, '联想洗衣机标签及包装膜订单', 2, 2, 0),
('SO-20250422-014', '2025-04-22', 14, '黄勇', '0532-88938888', '山东省青岛市海尔工业园', 3, 77250.0000, 10042.5000, 87292.5000, 0.0000, 'CNY', 1.0000, '月结30天', '2025-05-05', 'HT-2025-0422', 2, '海尔空调及手机标签订单', 3, 3, 0),
('SO-20250424-015', '2025-04-24', 15, '谢斌', '0574-23458888', '浙江省宁波市杭州湾新区方太总部', 4, 60000.0000, 7800.0000, 67800.0000, 0.0000, 'CNY', 1.0000, '月结45天', '2025-05-06', NULL, 2, '方太汽车标签及电子标签订单', 4, 4, 0),
('SO-20250425-016', '2025-04-25', 16, '邓辉', '0757-85108888', '广东省佛山市南海区志高工业园', 2, 71500.0000, 9295.0000, 80795.0000, 0.0000, 'CNY', 1.0000, '月结30天', '2025-05-08', NULL, 1, '志高包装膜及空调标签订单', 2, 2, 0),
('SO-20250428-017', '2025-04-28', 17, '蒋明', '0574-55838888', '浙江省宁波市鄞州区奥克斯大厦', 3, 65740.0000, 8546.2000, 74286.2000, 0.0000, 'CNY', 1.0000, '月结30天', '2025-05-10', NULL, 1, '奥克斯洗衣机及手机标签订单', 3, 3, 0),
('SO-20250502-018', '2025-05-02', 18, '潘伟', '0755-26888888', '广东省深圳市南山区康佳集团大厦', 4, 56300.0000, 7319.0000, 63619.0000, 0.0000, 'CNY', 1.0000, '月结45天', '2025-05-12', NULL, 1, '康佳电子标签及空调标签订单', 4, 4, 0),
('SO-20250505-019', '2025-05-05', 19, '曹杰', '025-83188888', '江苏省南京市玄武区熊猫电子园', 2, 82500.0000, 10725.0000, 93225.0000, 0.0000, 'CNY', 1.0000, '月结30天', '2025-05-15', NULL, 1, '熊猫汽车标签及包装膜订单', 2, 2, 0),
('SO-20250508-020', '2025-05-08', 20, '沈强', '0571-86808888', '浙江省杭州市苏泊尔总部大楼', 3, 71810.0000, 9335.3000, 81145.3000, 0.0000, 'CNY', 1.0000, '月结30天', '2025-05-18', NULL, 1, '苏泊尔手机标签及洗衣机标签订单', 3, 3, 0);

-- -----------------------------------------------------------
-- 2. 销售订单明细 (sal_order_detail) - 50条
-- 订单1-10各3条明细, 订单11-20各2条明细
-- -----------------------------------------------------------
INSERT IGNORE INTO sal_order_detail (order_id, material_id, quantity, unit, unit_price, tax_rate, amount, tax_amount, total_amount, delivered_qty, delivery_date, remark) VALUES
(1, 22, 50000.0000, '张', 0.8500, 0.13, 42500.0000, 5525.0000, 48025.0000, 50000.0000, '2025-04-10', '空调面板标签-美的专用'),
(1, 23, 30000.0000, '张', 0.9200, 0.13, 27600.0000, 3588.0000, 31188.0000, 30000.0000, '2025-04-10', '洗衣机面板标签-美的专用'),
(1, 19, 10000.0000, '个', 1.5000, 0.13, 15000.0000, 1950.0000, 16950.0000, 10000.0000, '2025-04-10', '电子标签-美的智能家电'),
(2, 22, 80000.0000, '张', 0.8000, 0.13, 64000.0000, 8320.0000, 72320.0000, 80000.0000, '2025-04-12', '空调面板标签-格力专用'),
(2, 19, 20000.0000, '个', 1.5000, 0.13, 30000.0000, 3900.0000, 33900.0000, 20000.0000, '2025-04-12', '电子标签-格力智能空调'),
(2, 20, 15000.0000, '卷', 2.3000, 0.13, 34500.0000, 4485.0000, 38985.0000, 15000.0000, '2025-04-12', '热收缩膜-格力包装'),
(3, 24, 100000.0000, '张', 0.6500, 0.13, 65000.0000, 8450.0000, 73450.0000, 100000.0000, '2025-04-15', '手机后盖标签-华为Mate系列'),
(3, 20, 50000.0000, '卷', 2.3000, 0.13, 115000.0000, 14950.0000, 129950.0000, 50000.0000, '2025-04-15', '热收缩膜-华为产品包装'),
(3, 25, 20000.0000, '张', 1.2000, 0.13, 24000.0000, 3120.0000, 27120.0000, 20000.0000, '2025-04-15', '汽车内饰标签-华为车载'),
(4, 25, 60000.0000, '张', 1.2000, 0.13, 72000.0000, 9360.0000, 81360.0000, 60000.0000, '2025-04-18', '汽车内饰标签-比亚迪汉系列'),
(4, 20, 30000.0000, '卷', 2.3000, 0.13, 69000.0000, 8970.0000, 77970.0000, 30000.0000, '2025-04-18', '热收缩膜-比亚迪电池包'),
(4, 19, 8000.0000, '个', 1.5000, 0.13, 12000.0000, 1560.0000, 13560.0000, 8000.0000, '2025-04-18', '电子标签-比亚迪新能源'),
(5, 22, 40000.0000, '张', 0.8500, 0.13, 34000.0000, 4420.0000, 38420.0000, 40000.0000, '2025-04-17', '空调面板标签-TCL专用'),
(5, 23, 25000.0000, '张', 0.9200, 0.13, 23000.0000, 2990.0000, 25990.0000, 25000.0000, '2025-04-17', '洗衣机面板标签-TCL专用'),
(5, 19, 5000.0000, '个', 1.5000, 0.13, 7500.0000, 975.0000, 8475.0000, 5000.0000, '2025-04-17', '电子标签-TCL智能家居'),
(6, 19, 15000.0000, '个', 1.5000, 0.13, 22500.0000, 2925.0000, 25425.0000, 15000.0000, '2025-04-20', '电子标签-中兴5G设备'),
(6, 24, 80000.0000, '张', 0.6500, 0.13, 52000.0000, 6760.0000, 58760.0000, 80000.0000, '2025-04-20', '手机后盖标签-中兴Axon系列'),
(6, 20, 10000.0000, '卷', 2.3000, 0.13, 23000.0000, 2990.0000, 25990.0000, 10000.0000, '2025-04-20', '热收缩膜-中兴通讯设备'),
(7, 25, 45000.0000, '张', 1.2000, 0.13, 54000.0000, 7020.0000, 61020.0000, 45000.0000, '2025-04-22', '汽车内饰标签-广汽传祺'),
(7, 19, 10000.0000, '个', 1.5000, 0.13, 15000.0000, 1950.0000, 16950.0000, 10000.0000, '2025-04-22', '电子标签-广汽新能源'),
(7, 20, 12000.0000, '卷', 2.3000, 0.13, 27600.0000, 3588.0000, 31188.0000, 12000.0000, '2025-04-22', '热收缩膜-广汽零部件'),
(8, 22, 55000.0000, '张', 0.8500, 0.13, 46750.0000, 6077.5000, 52827.5000, 55000.0000, '2025-04-23', '空调面板标签-海信专用'),
(8, 20, 40000.0000, '卷', 2.3000, 0.13, 92000.0000, 11960.0000, 103960.0000, 40000.0000, '2025-04-23', '热收缩膜-海信电视包装'),
(8, 19, 8000.0000, '个', 1.5000, 0.13, 12000.0000, 1560.0000, 13560.0000, 8000.0000, '2025-04-23', '电子标签-海信智能家电'),
(9, 24, 120000.0000, '张', 0.6500, 0.13, 78000.0000, 10140.0000, 88140.0000, 120000.0000, '2025-04-25', '手机后盖标签-小米14系列'),
(9, 19, 25000.0000, '个', 1.5000, 0.13, 37500.0000, 4875.0000, 42375.0000, 25000.0000, '2025-04-25', '电子标签-小米IoT设备'),
(9, 20, 18000.0000, '卷', 2.3000, 0.13, 41400.0000, 5382.0000, 46782.0000, 18000.0000, '2025-04-25', '热收缩膜-小米产品包装'),
(10, 24, 90000.0000, '张', 0.6500, 0.13, 58500.0000, 7605.0000, 66105.0000, 90000.0000, '2025-04-28', '手机后盖标签-OPPO Find系列'),
(10, 20, 35000.0000, '卷', 2.3000, 0.13, 80500.0000, 10465.0000, 90965.0000, 35000.0000, '2025-04-28', '热收缩膜-OPPO产品包装'),
(10, 25, 15000.0000, '张', 1.2000, 0.13, 18000.0000, 2340.0000, 20340.0000, 15000.0000, '2025-04-28', '汽车内饰标签-OPPO车载'),
(11, 22, 35000.0000, '张', 0.8500, 0.13, 29750.0000, 3867.5000, 33617.5000, 35000.0000, '2025-04-28', '空调面板标签-长虹专用'),
(11, 23, 20000.0000, '张', 0.9200, 0.13, 18400.0000, 2392.0000, 20792.0000, 20000.0000, '2025-04-28', '洗衣机面板标签-长虹美菱'),
(12, 19, 18000.0000, '个', 1.5000, 0.13, 27000.0000, 3510.0000, 30510.0000, 18000.0000, '2025-04-30', '电子标签-创维智能电视'),
(12, 25, 30000.0000, '张', 1.2000, 0.13, 36000.0000, 4680.0000, 40680.0000, 30000.0000, '2025-04-30', '汽车内饰标签-创维汽车'),
(13, 23, 28000.0000, '张', 0.9200, 0.13, 25760.0000, 3348.8000, 29108.8000, 28000.0000, '2025-05-02', '洗衣机面板标签-联想专用'),
(13, 20, 25000.0000, '卷', 2.3000, 0.13, 57500.0000, 7475.0000, 64975.0000, 25000.0000, '2025-05-02', '热收缩膜-联想产品包装'),
(14, 22, 45000.0000, '张', 0.8500, 0.13, 38250.0000, 4972.5000, 43222.5000, 45000.0000, '2025-05-05', '空调面板标签-海尔专用'),
(14, 24, 60000.0000, '张', 0.6500, 0.13, 39000.0000, 5070.0000, 44070.0000, 60000.0000, '2025-05-05', '手机后盖标签-海尔手机'),
(15, 25, 35000.0000, '张', 1.2000, 0.13, 42000.0000, 5460.0000, 47460.0000, 35000.0000, '2025-05-06', '汽车内饰标签-方太厨电'),
(15, 19, 12000.0000, '个', 1.5000, 0.13, 18000.0000, 2340.0000, 20340.0000, 12000.0000, '2025-05-06', '电子标签-方太智能厨电'),
(16, 20, 20000.0000, '卷', 2.3000, 0.13, 46000.0000, 5980.0000, 51980.0000, 0.0000, '2025-05-08', '热收缩膜-志高空调包装'),
(16, 22, 30000.0000, '张', 0.8500, 0.13, 25500.0000, 3315.0000, 28815.0000, 0.0000, '2025-05-08', '空调面板标签-志高专用'),
(17, 23, 22000.0000, '张', 0.9200, 0.13, 20240.0000, 2631.2000, 22871.2000, 0.0000, '2025-05-10', '洗衣机面板标签-奥克斯专用'),
(17, 24, 70000.0000, '张', 0.6500, 0.13, 45500.0000, 5915.0000, 51415.0000, 0.0000, '2025-05-10', '手机后盖标签-奥克斯智能'),
(18, 19, 16000.0000, '个', 1.5000, 0.13, 24000.0000, 3120.0000, 27120.0000, 0.0000, '2025-05-12', '电子标签-康佳智能电视'),
(18, 22, 38000.0000, '张', 0.8500, 0.13, 32300.0000, 4199.0000, 36499.0000, 0.0000, '2025-05-12', '空调面板标签-康佳专用'),
(19, 25, 40000.0000, '张', 1.2000, 0.13, 48000.0000, 6240.0000, 54240.0000, 0.0000, '2025-05-15', '汽车内饰标签-熊猫车载'),
(19, 20, 15000.0000, '卷', 2.3000, 0.13, 34500.0000, 4485.0000, 38985.0000, 0.0000, '2025-05-15', '热收缩膜-熊猫电子包装'),
(20, 24, 85000.0000, '张', 0.6500, 0.13, 55250.0000, 7182.5000, 62432.5000, 0.0000, '2025-05-18', '手机后盖标签-苏泊尔智能'),
(20, 23, 18000.0000, '张', 0.9200, 0.13, 16560.0000, 2152.8000, 18712.8000, 0.0000, '2025-05-18', '洗衣机面板标签-苏泊尔厨电');

-- -----------------------------------------------------------
-- 3. 销售订单项目 (sal_order_item) - 25条
-- 辅助项目: 设计费/打样费/版费/运费等
-- -----------------------------------------------------------
INSERT IGNORE INTO sal_order_item (order_id, material_name, quantity, unit, unit_price, total_price, remark) VALUES
(1, '标签设计费-美的空调面板', 1.000, '项', 3500.0000, 3500.00, '美的空调面板标签设计及排版'),
(2, '标签设计费-格力空调面板', 1.000, '项', 4000.0000, 4000.00, '格力空调面板标签设计及排版'),
(3, '打样费-华为手机标签', 2.000, '款', 1500.0000, 3000.00, '华为Mate系列手机标签打样'),
(4, '版费-比亚迪汽车内饰标签', 3.000, '套', 2800.0000, 8400.00, '比亚迪汉系列内饰标签版费'),
(5, '标签设计费-TCL面板', 1.000, '项', 3000.0000, 3000.00, 'TCL家电面板标签设计'),
(6, '打样费-中兴电子标签', 1.000, '款', 1200.0000, 1200.00, '中兴5G设备电子标签打样'),
(7, '版费-广汽内饰标签', 2.000, '套', 2500.0000, 5000.00, '广汽传祺内饰标签版费'),
(8, '运费-海信青岛发货', 1.000, '次', 2800.0000, 2800.00, '海信订单青岛专线物流'),
(9, '打样费-小米手机标签', 3.000, '款', 1500.0000, 4500.00, '小米14系列多款标签打样'),
(10, '版费-OPPO手机标签', 2.000, '套', 2200.0000, 4400.00, 'OPPO Find系列标签版费'),
(11, '标签设计费-长虹面板', 1.000, '项', 2800.0000, 2800.00, '长虹家电面板标签设计'),
(12, '打样费-创维电子标签', 1.000, '款', 1000.0000, 1000.00, '创维智能电视标签打样'),
(13, '运费-联想北京发货', 1.000, '次', 2500.0000, 2500.00, '联想订单北京专线物流'),
(14, '版费-海尔空调标签', 2.000, '套', 2600.0000, 5200.00, '海尔空调面板标签版费'),
(15, '标签设计费-方太厨电', 1.000, '项', 3200.0000, 3200.00, '方太智能厨电标签设计'),
(16, '打样费-志高空调标签', 1.000, '款', 800.0000, 800.00, '志高空调面板标签打样'),
(17, '版费-奥克斯标签', 1.000, '套', 2000.0000, 2000.00, '奥克斯洗衣机标签版费'),
(18, '运费-康佳深圳发货', 1.000, '次', 1500.0000, 1500.00, '康佳订单深圳市内物流'),
(19, '标签设计费-熊猫车载', 1.000, '项', 2500.0000, 2500.00, '熊猫车载标签设计'),
(20, '打样费-苏泊尔标签', 2.000, '款', 1200.0000, 2400.00, '苏泊尔厨电标签打样'),
(3, '版费-华为手机标签', 2.000, '套', 3000.0000, 6000.00, '华为手机标签制版费'),
(6, '运费-中兴深圳发货', 1.000, '次', 1200.0000, 1200.00, '中兴订单深圳市内物流'),
(9, '运费-小米北京发货', 1.000, '次', 3000.0000, 3000.00, '小米订单北京专线物流'),
(1, '运费-美的佛山发货', 1.000, '次', 800.0000, 800.00, '美的订单佛山本地物流'),
(7, '标签设计费-广汽内饰', 1.000, '项', 3500.0000, 3500.00, '广汽传祺内饰标签设计');

-- -----------------------------------------------------------
-- 4. 销售发货单 (sal_delivery_order) - 20条
-- DO 1-15: 已发货/已签收, DO 16-20: 待发货
-- sign_status: 0=未签收, 1=已签收
-- status: 1=待发货, 2=已发货, 3=已完成
-- -----------------------------------------------------------
INSERT IGNORE INTO sal_delivery_order (delivery_no, order_id, order_no, customer_id, customer_name, delivery_date, contact_name, contact_phone, delivery_address, warehouse_id, logistics_company, tracking_no, driver_name, vehicle_no, total_qty, total_amount, sign_status, sign_person, sign_time, sign_remark, status, remark, create_by, deleted) VALUES
('DO-20250410-001', 1, 'SO-20250401-001', 1, '美的集团', '2025-04-10', '张明', '0757-26338888', '广东省佛山市顺德区北滘镇美的大道', 2, '顺丰速运', 'SF20250410001', '王师傅', '粤E12345', 90000.0000, 85100.0000, 1, '李收货', '2025-04-11 14:30:00', '已签收完好', 3, '美的订单首次发货', 2, 0),
('DO-20250412-002', 2, 'SO-20250402-002', 2, '格力电器', '2025-04-12', '李华', '0756-8614888', '广东省珠海市前山金鸡西路6号', 2, '德邦物流', 'DB20250412001', '张师傅', '粤C23456', 115000.0000, 128500.0000, 1, '陈收货', '2025-04-13 10:20:00', '已签收完好', 3, '格力订单首次发货', 2, 0),
('DO-20250415-003', 3, 'SO-20250403-003', 3, '华为技术', '2025-04-15', '王强', '0755-28780808', '广东省深圳市龙岗区坂田街道华为基地', 2, '顺丰速运', 'SF20250415001', '刘师傅', '粤B34567', 170000.0000, 204000.0000, 1, '赵收货', '2025-04-15 16:45:00', '已签收完好', 3, '华为订单首次发货', 3, 0),
('DO-20250418-004', 4, 'SO-20250405-004', 4, '比亚迪', '2025-04-18', '赵刚', '0755-89888888', '广东省深圳市坪山区比亚迪路3009号', 2, '京东物流', 'JD20250418001', '陈师傅', '粤B45678', 98000.0000, 153000.0000, 1, '孙收货', '2025-04-18 17:00:00', '已签收完好', 3, '比亚迪订单首次发货', 3, 0),
('DO-20250417-005', 5, 'SO-20250407-005', 5, 'TCL科技', '2025-04-17', '陈伟', '0752-2288888', '广东省惠州市仲恺高新区TCL科技大厦', 2, '德邦物流', 'DB20250417001', '何师傅', '粤L56789', 70000.0000, 64500.0000, 1, '周收货', '2025-04-18 09:30:00', '已签收完好', 3, 'TCL订单首次发货', 4, 0),
('DO-20250420-006', 6, 'SO-20250408-006', 6, '中兴通讯', '2025-04-20', '刘洋', '0755-26770000', '广东省深圳市南山区科技园中兴通讯大厦', 2, '顺丰速运', 'SF20250420001', '黄师傅', '粤B67890', 105000.0000, 97500.0000, 1, '吴收货', '2025-04-20 15:00:00', '已签收完好', 3, '中兴订单首次发货', 4, 0),
('DO-20250422-007', 7, 'SO-20250410-007', 7, '广汽集团', '2025-04-22', '周明', '020-82308888', '广东省广州市番禺区广汽集团总部', 2, '中通快递', 'ZT20250422001', '林师傅', '粤A78901', 67000.0000, 96600.0000, 1, '郑收货', '2025-04-22 16:20:00', '已签收完好', 3, '广汽订单首次发货', 2, 0),
('DO-20250423-008', 8, 'SO-20250411-008', 8, '海信集团', '2025-04-23', '孙磊', '0532-85728888', '山东省青岛市市南区海信大厦', 2, '德邦物流', 'DB20250423001', '马师傅', '鲁B89012', 103000.0000, 150750.0000, 1, '何收货', '2025-04-25 11:00:00', '已签收完好', 3, '海信订单首次发货', 3, 0),
('DO-20250425-009', 9, 'SO-20250414-009', 9, '小米科技', '2025-04-25', '吴鹏', '010-82528888', '北京市海淀区小米科技园', 2, '顺丰速运', 'SF20250425001', '高师傅', '粤B90123', 163000.0000, 156900.0000, 1, '罗收货', '2025-04-27 09:30:00', '已签收完好', 3, '小米订单首次发货', 4, 0),
('DO-20250428-010', 10, 'SO-20250415-010', 10, 'OPPO', '2025-04-28', '郑涛', '0769-88688888', '广东省东莞市长安镇OPPO工业园', 2, '圆通速递', 'YT20250428001', '谢师傅', '粤S01234', 140000.0000, 157000.0000, 1, '邓收货', '2025-04-28 14:00:00', '已签收完好', 3, 'OPPO订单首次发货', 3, 0),
('DO-20250428-011', 11, 'SO-20250417-011', 11, '长虹电子', '2025-04-28', '何军', '0816-2418888', '四川省绵阳市高新区长虹科技大厦', 2, '德邦物流', 'DB20250428001', '蒋师傅', '川B12345', 55000.0000, 48150.0000, 1, '曹收货', '2025-04-30 10:00:00', '已签收', 2, '长虹订单发货', 2, 0),
('DO-20250430-012', 12, 'SO-20250418-012', 12, '创维集团', '2025-04-30', '马超', '0755-86708888', '广东省深圳市南山区创维科技大厦', 2, '顺丰速运', 'SF20250430001', '潘师傅', '粤B23456', 48000.0000, 63000.0000, 1, '沈收货', '2025-04-30 15:30:00', '已签收', 2, '创维订单发货', 4, 0),
('DO-20250502-013', 13, 'SO-20250421-013', 13, '联想集团', '2025-05-02', '林峰', '010-58868888', '北京市海淀区联想科技园', 2, '京东物流', 'JD20250502001', '田师傅', '粤B34567', 53000.0000, 83260.0000, 1, '范收货', '2025-05-04 11:20:00', '已签收', 2, '联想订单发货', 2, 0),
('DO-20250505-014', 14, 'SO-20250422-014', 14, '海尔集团', '2025-05-05', '黄勇', '0532-88938888', '山东省青岛市海尔工业园', 2, '德邦物流', 'DB20250505001', '石师傅', '鲁B45678', 105000.0000, 77250.0000, 1, '魏收货', '2025-05-07 09:00:00', '已签收', 2, '海尔订单发货', 3, 0),
('DO-20250506-015', 15, 'SO-20250424-015', 15, '方太集团', '2025-05-06', '谢斌', '0574-23458888', '浙江省宁波市杭州湾新区方太总部', 2, '顺丰速运', 'SF20250506001', '任师傅', '浙B56789', 47000.0000, 60000.0000, 1, '姜收货', '2025-05-07 14:00:00', '已签收', 2, '方太订单发货', 4, 0),
('DO-20250508-016', 16, 'SO-20250425-016', 16, '志高空调', '2025-05-08', '邓辉', '0757-85108888', '广东省佛山市南海区志高工业园', 2, '圆通速递', 'YT20250508001', '', '', 50000.0000, 71500.0000, 0, NULL, NULL, NULL, 1, '志高订单待发货', 2, 0),
('DO-20250510-017', 17, 'SO-20250428-017', 17, '奥克斯集团', '2025-05-10', '蒋明', '0574-55838888', '浙江省宁波市鄞州区奥克斯大厦', 2, '中通快递', 'ZT20250510001', '', '', 92000.0000, 65740.0000, 0, NULL, NULL, NULL, 1, '奥克斯订单待发货', 3, 0),
('DO-20250512-018', 18, 'SO-20250502-018', 18, '康佳集团', '2025-05-12', '潘伟', '0755-26888888', '广东省深圳市南山区康佳集团大厦', 2, '顺丰速运', 'SF20250512001', '', '', 54000.0000, 56300.0000, 0, NULL, NULL, NULL, 1, '康佳订单待发货', 4, 0),
('DO-20250515-019', 19, 'SO-20250505-019', 19, '熊猫电子', '2025-05-15', '曹杰', '025-83188888', '江苏省南京市玄武区熊猫电子园', 2, '德邦物流', 'DB20250515001', '', '', 55000.0000, 82500.0000, 0, NULL, NULL, NULL, 1, '熊猫订单待发货', 2, 0),
('DO-20250518-020', 20, 'SO-20250508-020', 20, '苏泊尔集团', '2025-05-18', '沈强', '0571-86808888', '浙江省杭州市苏泊尔总部大楼', 2, '顺丰速运', 'SF20250518001', '', '', 103000.0000, 71810.0000, 0, NULL, NULL, NULL, 1, '苏泊尔订单待发货', 3, 0);


-- -----------------------------------------------------------
-- 5. 销售发货单明细 (sal_delivery_order_item) - 50条
-- 与订单明细一一对应
-- -----------------------------------------------------------
INSERT IGNORE INTO sal_delivery_order_item (delivery_id, order_detail_id, material_id, material_name, material_spec, quantity, unit, unit_price, amount, batch_no, sign_qty, remark) VALUES
(1, 1, 22, '空调面板标签', '120mm×80mm', 50000.0000, '张', 0.8500, 42500.0000, 'BN-20250408-001', 50000.0000, '美的空调面板标签'),
(1, 2, 23, '洗衣机面板标签', '150mm×60mm', 30000.0000, '张', 0.9200, 27600.0000, 'BN-20250408-002', 30000.0000, '美的洗衣机面板标签'),
(1, 3, 19, '标签成品-电子标签', '50mm×30mm', 10000.0000, '个', 1.5000, 15000.0000, 'BN-20250408-003', 10000.0000, '美的电子标签'),
(2, 4, 22, '空调面板标签', '120mm×80mm', 80000.0000, '张', 0.8000, 64000.0000, 'BN-20250410-001', 80000.0000, '格力空调面板标签'),
(2, 5, 19, '标签成品-电子标签', '50mm×30mm', 20000.0000, '个', 1.5000, 30000.0000, 'BN-20250410-002', 20000.0000, '格力电子标签'),
(2, 6, 20, '包装膜成品-热收缩膜', '300mm×200mm/卷', 15000.0000, '卷', 2.3000, 34500.0000, 'BN-20250410-003', 15000.0000, '格力热收缩膜'),
(3, 7, 24, '手机后盖标签', '70mm×50mm', 100000.0000, '张', 0.6500, 65000.0000, 'BN-20250413-001', 100000.0000, '华为手机后盖标签'),
(3, 8, 20, '包装膜成品-热收缩膜', '300mm×200mm/卷', 50000.0000, '卷', 2.3000, 115000.0000, 'BN-20250413-002', 50000.0000, '华为热收缩膜'),
(3, 9, 25, '汽车内饰标签', '200mm×100mm', 20000.0000, '张', 1.2000, 24000.0000, 'BN-20250413-003', 20000.0000, '华为汽车内饰标签'),
(4, 10, 25, '汽车内饰标签', '200mm×100mm', 60000.0000, '张', 1.2000, 72000.0000, 'BN-20250416-001', 60000.0000, '比亚迪汽车内饰标签'),
(4, 11, 20, '包装膜成品-热收缩膜', '300mm×200mm/卷', 30000.0000, '卷', 2.3000, 69000.0000, 'BN-20250416-002', 30000.0000, '比亚迪热收缩膜'),
(4, 12, 19, '标签成品-电子标签', '50mm×30mm', 8000.0000, '个', 1.5000, 12000.0000, 'BN-20250416-003', 8000.0000, '比亚迪电子标签'),
(5, 13, 22, '空调面板标签', '120mm×80mm', 40000.0000, '张', 0.8500, 34000.0000, 'BN-20250415-001', 40000.0000, 'TCL空调面板标签'),
(5, 14, 23, '洗衣机面板标签', '150mm×60mm', 25000.0000, '张', 0.9200, 23000.0000, 'BN-20250415-002', 25000.0000, 'TCL洗衣机面板标签'),
(5, 15, 19, '标签成品-电子标签', '50mm×30mm', 5000.0000, '个', 1.5000, 7500.0000, 'BN-20250415-003', 5000.0000, 'TCL电子标签'),
(6, 16, 19, '标签成品-电子标签', '50mm×30mm', 15000.0000, '个', 1.5000, 22500.0000, 'BN-20250418-001', 15000.0000, '中兴电子标签'),
(6, 17, 24, '手机后盖标签', '70mm×50mm', 80000.0000, '张', 0.6500, 52000.0000, 'BN-20250418-002', 80000.0000, '中兴手机后盖标签'),
(6, 18, 20, '包装膜成品-热收缩膜', '300mm×200mm/卷', 10000.0000, '卷', 2.3000, 23000.0000, 'BN-20250418-003', 10000.0000, '中兴热收缩膜'),
(7, 19, 25, '汽车内饰标签', '200mm×100mm', 45000.0000, '张', 1.2000, 54000.0000, 'BN-20250420-001', 45000.0000, '广汽汽车内饰标签'),
(7, 20, 19, '标签成品-电子标签', '50mm×30mm', 10000.0000, '个', 1.5000, 15000.0000, 'BN-20250420-002', 10000.0000, '广汽电子标签'),
(7, 21, 20, '包装膜成品-热收缩膜', '300mm×200mm/卷', 12000.0000, '卷', 2.3000, 27600.0000, 'BN-20250420-003', 12000.0000, '广汽热收缩膜'),
(8, 22, 22, '空调面板标签', '120mm×80mm', 55000.0000, '张', 0.8500, 46750.0000, 'BN-20250421-001', 55000.0000, '海信空调面板标签'),
(8, 23, 20, '包装膜成品-热收缩膜', '300mm×200mm/卷', 40000.0000, '卷', 2.3000, 92000.0000, 'BN-20250421-002', 40000.0000, '海信热收缩膜'),
(8, 24, 19, '标签成品-电子标签', '50mm×30mm', 8000.0000, '个', 1.5000, 12000.0000, 'BN-20250421-003', 8000.0000, '海信电子标签'),
(9, 25, 24, '手机后盖标签', '70mm×50mm', 120000.0000, '张', 0.6500, 78000.0000, 'BN-20250423-001', 120000.0000, '小米手机后盖标签'),
(9, 26, 19, '标签成品-电子标签', '50mm×30mm', 25000.0000, '个', 1.5000, 37500.0000, 'BN-20250423-002', 25000.0000, '小米电子标签'),
(9, 27, 20, '包装膜成品-热收缩膜', '300mm×200mm/卷', 18000.0000, '卷', 2.3000, 41400.0000, 'BN-20250423-003', 18000.0000, '小米热收缩膜'),
(10, 28, 24, '手机后盖标签', '70mm×50mm', 90000.0000, '张', 0.6500, 58500.0000, 'BN-20250426-001', 90000.0000, 'OPPO手机后盖标签'),
(10, 29, 20, '包装膜成品-热收缩膜', '300mm×200mm/卷', 35000.0000, '卷', 2.3000, 80500.0000, 'BN-20250426-002', 35000.0000, 'OPPO热收缩膜'),
(10, 30, 25, '汽车内饰标签', '200mm×100mm', 15000.0000, '张', 1.2000, 18000.0000, 'BN-20250426-003', 15000.0000, 'OPPO汽车内饰标签'),
(11, 31, 22, '空调面板标签', '120mm×80mm', 35000.0000, '张', 0.8500, 29750.0000, 'BN-20250426-004', 35000.0000, '长虹空调面板标签'),
(11, 32, 23, '洗衣机面板标签', '150mm×60mm', 20000.0000, '张', 0.9200, 18400.0000, 'BN-20250426-005', 20000.0000, '长虹洗衣机面板标签'),
(12, 33, 19, '标签成品-电子标签', '50mm×30mm', 18000.0000, '个', 1.5000, 27000.0000, 'BN-20250428-001', 18000.0000, '创维电子标签'),
(12, 34, 25, '汽车内饰标签', '200mm×100mm', 30000.0000, '张', 1.2000, 36000.0000, 'BN-20250428-002', 30000.0000, '创维汽车内饰标签'),
(13, 35, 23, '洗衣机面板标签', '150mm×60mm', 28000.0000, '张', 0.9200, 25760.0000, 'BN-20250430-001', 28000.0000, '联想洗衣机面板标签'),
(13, 36, 20, '包装膜成品-热收缩膜', '300mm×200mm/卷', 25000.0000, '卷', 2.3000, 57500.0000, 'BN-20250430-002', 25000.0000, '联想热收缩膜'),
(14, 37, 22, '空调面板标签', '120mm×80mm', 45000.0000, '张', 0.8500, 38250.0000, 'BN-20250503-001', 45000.0000, '海尔空调面板标签'),
(14, 38, 24, '手机后盖标签', '70mm×50mm', 60000.0000, '张', 0.6500, 39000.0000, 'BN-20250503-002', 60000.0000, '海尔手机后盖标签'),
(15, 39, 25, '汽车内饰标签', '200mm×100mm', 35000.0000, '张', 1.2000, 42000.0000, 'BN-20250504-001', 35000.0000, '方太汽车内饰标签'),
(15, 40, 19, '标签成品-电子标签', '50mm×30mm', 12000.0000, '个', 1.5000, 18000.0000, 'BN-20250504-002', 12000.0000, '方太电子标签'),
(16, 41, 20, '包装膜成品-热收缩膜', '300mm×200mm/卷', 20000.0000, '卷', 2.3000, 46000.0000, 'BN-20250506-001', 0.0000, '志高热收缩膜-待发货'),
(16, 42, 22, '空调面板标签', '120mm×80mm', 30000.0000, '张', 0.8500, 25500.0000, 'BN-20250506-002', 0.0000, '志高空调面板标签-待发货'),
(17, 43, 23, '洗衣机面板标签', '150mm×60mm', 22000.0000, '张', 0.9200, 20240.0000, 'BN-20250508-001', 0.0000, '奥克斯洗衣机面板标签-待发货'),
(17, 44, 24, '手机后盖标签', '70mm×50mm', 70000.0000, '张', 0.6500, 45500.0000, 'BN-20250508-002', 0.0000, '奥克斯手机后盖标签-待发货'),
(18, 45, 19, '标签成品-电子标签', '50mm×30mm', 16000.0000, '个', 1.5000, 24000.0000, 'BN-20250510-001', 0.0000, '康佳电子标签-待发货'),
(18, 46, 22, '空调面板标签', '120mm×80mm', 38000.0000, '张', 0.8500, 32300.0000, 'BN-20250510-002', 0.0000, '康佳空调面板标签-待发货'),
(19, 47, 25, '汽车内饰标签', '200mm×100mm', 40000.0000, '张', 1.2000, 48000.0000, 'BN-20250513-001', 0.0000, '熊猫汽车内饰标签-待发货'),
(19, 48, 20, '包装膜成品-热收缩膜', '300mm×200mm/卷', 15000.0000, '卷', 2.3000, 34500.0000, 'BN-20250513-002', 0.0000, '熊猫热收缩膜-待发货'),
(20, 49, 24, '手机后盖标签', '70mm×50mm', 85000.0000, '张', 0.6500, 55250.0000, 'BN-20250516-001', 0.0000, '苏泊尔手机后盖标签-待发货'),
(20, 50, 23, '洗衣机面板标签', '150mm×60mm', 18000.0000, '张', 0.9200, 16560.0000, 'BN-20250516-002', 0.0000, '苏泊尔洗衣机面板标签-待发货');


-- -----------------------------------------------------------
-- 6. 销售对账单 (sal_reconciliation) - 20条
-- confirm_status: 0=待确认, 1=已确认, 2=有异议
-- -----------------------------------------------------------
INSERT IGNORE INTO sal_reconciliation (reconciliation_no, customer_id, customer_name, period_start, period_end, delivery_amount, return_amount, discount_amount, net_amount, received_amount, balance_amount, confirm_status, confirm_person, confirm_time, confirm_remark, status, remark, create_by, deleted) VALUES
('RC-20250430-001', 1, '美的集团', '2025-04-01', '2025-04-30', 85100.0000, 0.0000, 0.0000, 85100.0000, 50000.0000, 35100.0000, 1, '张明', '2025-05-05 10:00:00', '确认无误', 1, '美的4月对账单', 2, 0),
('RC-20250430-002', 2, '格力电器', '2025-04-01', '2025-04-30', 128500.0000, 0.0000, 0.0000, 128500.0000, 80000.0000, 48500.0000, 1, '李华', '2025-05-05 11:00:00', '确认无误', 1, '格力4月对账单', 2, 0),
('RC-20250430-003', 3, '华为技术', '2025-04-01', '2025-04-30', 204000.0000, 0.0000, 0.0000, 204000.0000, 150000.0000, 54000.0000, 1, '王强', '2025-05-06 09:00:00', '确认无误', 1, '华为4月对账单', 3, 0),
('RC-20250430-004', 4, '比亚迪', '2025-04-01', '2025-04-30', 153000.0000, 0.0000, 0.0000, 153000.0000, 100000.0000, 53000.0000, 1, '赵刚', '2025-05-06 10:30:00', '确认无误', 1, '比亚迪4月对账单', 3, 0),
('RC-20250430-005', 5, 'TCL科技', '2025-04-01', '2025-04-30', 64500.0000, 0.0000, 500.0000, 64000.0000, 40000.0000, 24000.0000, 1, '陈伟', '2025-05-06 14:00:00', '折扣已确认', 1, 'TCL4月对账单', 4, 0),
('RC-20250430-006', 6, '中兴通讯', '2025-04-01', '2025-04-30', 97500.0000, 0.0000, 0.0000, 97500.0000, 60000.0000, 37500.0000, 1, '刘洋', '2025-05-07 09:30:00', '确认无误', 1, '中兴4月对账单', 4, 0),
('RC-20250430-007', 7, '广汽集团', '2025-04-01', '2025-04-30', 96600.0000, 0.0000, 0.0000, 96600.0000, 50000.0000, 46600.0000, 1, '周明', '2025-05-07 10:00:00', '确认无误', 1, '广汽4月对账单', 2, 0),
('RC-20250430-008', 8, '海信集团', '2025-04-01', '2025-04-30', 150750.0000, 0.0000, 0.0000, 150750.0000, 90000.0000, 60750.0000, 1, '孙磊', '2025-05-07 14:00:00', '确认无误', 1, '海信4月对账单', 3, 0),
('RC-20250430-009', 9, '小米科技', '2025-04-01', '2025-04-30', 156900.0000, 0.0000, 1000.0000, 155900.0000, 100000.0000, 55900.0000, 1, '吴鹏', '2025-05-08 09:00:00', '折扣已确认', 1, '小米4月对账单', 4, 0),
('RC-20250430-010', 10, 'OPPO', '2025-04-01', '2025-04-30', 157000.0000, 0.0000, 0.0000, 157000.0000, 100000.0000, 57000.0000, 1, '郑涛', '2025-05-08 10:00:00', '确认无误', 1, 'OPPO4月对账单', 3, 0),
('RC-20250430-011', 11, '长虹电子', '2025-04-01', '2025-04-30', 48150.0000, 0.0000, 0.0000, 48150.0000, 25000.0000, 23150.0000, 0, NULL, NULL, NULL, 1, '长虹4月对账单-待确认', 2, 0),
('RC-20250430-012', 12, '创维集团', '2025-04-01', '2025-04-30', 63000.0000, 0.0000, 0.0000, 63000.0000, 30000.0000, 33000.0000, 0, NULL, NULL, NULL, 1, '创维4月对账单-待确认', 4, 0),
('RC-20250430-013', 13, '联想集团', '2025-04-01', '2025-04-30', 83260.0000, 0.0000, 0.0000, 83260.0000, 50000.0000, 33260.0000, 0, NULL, NULL, NULL, 1, '联想4月对账单-待确认', 2, 0),
('RC-20250430-014', 14, '海尔集团', '2025-04-01', '2025-04-30', 77250.0000, 0.0000, 0.0000, 77250.0000, 45000.0000, 32250.0000, 0, NULL, NULL, NULL, 1, '海尔4月对账单-待确认', 3, 0),
('RC-20250430-015', 15, '方太集团', '2025-04-01', '2025-04-30', 60000.0000, 0.0000, 0.0000, 60000.0000, 35000.0000, 25000.0000, 0, NULL, NULL, NULL, 1, '方太4月对账单-待确认', 4, 0),
('RC-20250531-016', 1, '美的集团', '2025-05-01', '2025-05-31', 0.0000, 0.0000, 0.0000, 0.0000, 0.0000, 0.0000, 0, NULL, NULL, NULL, 1, '美的5月对账单-进行中', 2, 0),
('RC-20250531-017', 2, '格力电器', '2025-05-01', '2025-05-31', 0.0000, 0.0000, 0.0000, 0.0000, 0.0000, 0.0000, 0, NULL, NULL, NULL, 1, '格力5月对账单-进行中', 2, 0),
('RC-20250531-018', 3, '华为技术', '2025-05-01', '2025-05-31', 0.0000, 0.0000, 0.0000, 0.0000, 0.0000, 0.0000, 0, NULL, NULL, NULL, 1, '华为5月对账单-进行中', 3, 0),
('RC-20250531-019', 4, '比亚迪', '2025-05-01', '2025-05-31', 0.0000, 0.0000, 0.0000, 0.0000, 0.0000, 0.0000, 0, NULL, NULL, NULL, 1, '比亚迪5月对账单-进行中', 3, 0),
('RC-20250531-020', 5, 'TCL科技', '2025-05-01', '2025-05-31', 0.0000, 0.0000, 0.0000, 0.0000, 0.0000, 0.0000, 0, NULL, NULL, NULL, 1, 'TCL5月对账单-进行中', 4, 0);

-- -----------------------------------------------------------
-- 7. 销售对账单明细 (sal_reconciliation_detail) - 40条
-- source_type: 1=发货, 2=退货, 3=折扣, 4=收款
-- -----------------------------------------------------------
INSERT IGNORE INTO sal_reconciliation_detail (reconciliation_id, source_type, source_id, source_no, source_date, amount, remark) VALUES
(1, 1, 1, 'DO-20250410-001', '2025-04-10', 85100.0000, '美的4月发货金额'),
(1, 4, 0, 'PAY-20250420-001', '2025-04-20', 50000.0000, '美的4月收款'),
(2, 1, 2, 'DO-20250412-002', '2025-04-12', 128500.0000, '格力4月发货金额'),
(2, 4, 0, 'PAY-20250425-001', '2025-04-25', 80000.0000, '格力4月收款'),
(3, 1, 3, 'DO-20250415-003', '2025-04-15', 204000.0000, '华为4月发货金额'),
(3, 4, 0, 'PAY-20250428-001', '2025-04-28', 150000.0000, '华为4月收款'),
(4, 1, 4, 'DO-20250418-004', '2025-04-18', 153000.0000, '比亚迪4月发货金额'),
(4, 4, 0, 'PAY-20250430-001', '2025-04-30', 100000.0000, '比亚迪4月收款'),
(5, 1, 5, 'DO-20250417-005', '2025-04-17', 64500.0000, 'TCL4月发货金额'),
(5, 3, 0, 'DISC-20250430-001', '2025-04-30', 500.0000, 'TCL4月折扣'),
(5, 4, 0, 'PAY-20250428-002', '2025-04-28', 40000.0000, 'TCL4月收款'),
(6, 1, 6, 'DO-20250420-006', '2025-04-20', 97500.0000, '中兴4月发货金额'),
(6, 4, 0, 'PAY-20250429-001', '2025-04-29', 60000.0000, '中兴4月收款'),
(7, 1, 7, 'DO-20250422-007', '2025-04-22', 96600.0000, '广汽4月发货金额'),
(7, 4, 0, 'PAY-20250430-002', '2025-04-30', 50000.0000, '广汽4月收款'),
(8, 1, 8, 'DO-20250423-008', '2025-04-23', 150750.0000, '海信4月发货金额'),
(8, 4, 0, 'PAY-20250430-003', '2025-04-30', 90000.0000, '海信4月收款'),
(9, 1, 9, 'DO-20250425-009', '2025-04-25', 156900.0000, '小米4月发货金额'),
(9, 3, 0, 'DISC-20250430-002', '2025-04-30', 1000.0000, '小米4月折扣'),
(9, 4, 0, 'PAY-20250430-004', '2025-04-30', 100000.0000, '小米4月收款'),
(10, 1, 10, 'DO-20250428-010', '2025-04-28', 157000.0000, 'OPPO4月发货金额'),
(10, 4, 0, 'PAY-20250430-005', '2025-04-30', 100000.0000, 'OPPO4月收款'),
(11, 1, 11, 'DO-20250428-011', '2025-04-28', 48150.0000, '长虹4月发货金额'),
(11, 4, 0, 'PAY-20250430-006', '2025-04-30', 25000.0000, '长虹4月收款'),
(12, 1, 12, 'DO-20250430-012', '2025-04-30', 63000.0000, '创维4月发货金额'),
(12, 4, 0, 'PAY-20250430-007', '2025-04-30', 30000.0000, '创维4月收款'),
(13, 1, 13, 'DO-20250502-013', '2025-05-02', 83260.0000, '联想4月发货金额'),
(13, 4, 0, 'PAY-20250505-001', '2025-05-05', 50000.0000, '联想4月收款'),
(14, 1, 14, 'DO-20250505-014', '2025-05-05', 77250.0000, '海尔4月发货金额'),
(14, 4, 0, 'PAY-20250506-001', '2025-05-06', 45000.0000, '海尔4月收款'),
(15, 1, 15, 'DO-20250506-015', '2025-05-06', 60000.0000, '方太4月发货金额'),
(15, 4, 0, 'PAY-20250507-001', '2025-05-07', 35000.0000, '方太4月收款'),
(16, 1, 0, '', NULL, 0.0000, '美的5月暂无发货'),
(16, 4, 0, '', NULL, 0.0000, '美的5月暂无收款'),
(17, 1, 0, '', NULL, 0.0000, '格力5月暂无发货'),
(17, 4, 0, '', NULL, 0.0000, '格力5月暂无收款'),
(18, 1, 0, '', NULL, 0.0000, '华为5月暂无发货'),
(18, 4, 0, '', NULL, 0.0000, '华为5月暂无收款'),
(19, 1, 0, '', NULL, 0.0000, '比亚迪5月暂无发货'),
(19, 4, 0, '', NULL, 0.0000, '比亚迪5月暂无收款'),
(20, 1, 0, '', NULL, 0.0000, 'TCL5月暂无发货'),
(20, 4, 0, '', NULL, 0.0000, 'TCL5月暂无收款');


-- -----------------------------------------------------------
-- 8. 销售退货单 (sal_return_order) - 20条
-- return_type: 1=质量退货, 2=错发退货, 3=其他
-- inspection_status: 0=待检验, 1=已检验
-- inbound_status: 0=待入库, 1=已入库
-- -----------------------------------------------------------
INSERT IGNORE INTO sal_return_order (return_no, order_id, order_no, delivery_id, delivery_no, customer_id, customer_name, return_date, return_type, return_reason, total_qty, total_amount, inspection_status, inspection_result, warehouse_id, inbound_status, status, remark, create_by, deleted) VALUES
('SRO-20250415-001', 1, 'SO-20250401-001', 1, 'DO-20250410-001', 1, '美的集团', '2025-04-15', 1, '空调面板标签印刷偏移,色差超标', 500.0000, 425.0000, 1, 1, 1, 1, 3, '美的空调标签质量退货-已处理', 2, 0),
('SRO-20250418-002', 2, 'SO-20250402-002', 2, 'DO-20250412-002', 2, '格力电器', '2025-04-18', 1, '电子标签NFC功能异常', 200.0000, 300.0000, 1, 1, 1, 1, 3, '格力电子标签质量退货-已处理', 2, 0),
('SRO-20250420-003', 3, 'SO-20250403-003', 3, 'DO-20250415-003', 3, '华为技术', '2025-04-20', 2, '错发型号,应为Mate60发成Mate50', 1000.0000, 650.0000, 1, 1, 1, 1, 3, '华为手机标签错发退货-已处理', 3, 0),
('SRO-20250422-004', 4, 'SO-20250405-004', 4, 'DO-20250418-004', 4, '比亚迪', '2025-04-22', 1, '汽车内饰标签耐磨性不达标', 300.0000, 360.0000, 1, 1, 1, 1, 3, '比亚迪汽车标签质量退货-已处理', 3, 0),
('SRO-20250425-005', 5, 'SO-20250407-005', 5, 'DO-20250417-005', 5, 'TCL科技', '2025-04-25', 1, '洗衣机面板标签防水层脱落', 150.0000, 138.0000, 1, 1, 1, 1, 3, 'TCL洗衣机标签质量退货-已处理', 4, 0),
('SRO-20250428-006', 6, 'SO-20250408-006', 6, 'DO-20250420-006', 6, '中兴通讯', '2025-04-28', 2, '手机标签尺寸不符,偏小2mm', 800.0000, 520.0000, 1, 1, 1, 1, 3, '中兴手机标签错发退货-已处理', 4, 0),
('SRO-20250430-007', 7, 'SO-20250410-007', 7, 'DO-20250422-007', 7, '广汽集团', '2025-04-30', 1, '汽车内饰标签背胶粘力不足', 250.0000, 300.0000, 1, 1, 1, 1, 3, '广汽汽车标签质量退货-已处理', 2, 0),
('SRO-20250502-008', 8, 'SO-20250411-008', 8, 'DO-20250423-008', 8, '海信集团', '2025-05-02', 3, '客户项目变更,标签规格需调整', 400.0000, 340.0000, 1, 1, 1, 1, 3, '海信标签项目变更退货-已处理', 3, 0),
('SRO-20250505-009', 9, 'SO-20250414-009', 9, 'DO-20250425-009', 9, '小米科技', '2025-05-05', 1, '手机后盖标签印刷模糊', 600.0000, 390.0000, 1, 1, 1, 1, 3, '小米手机标签质量退货-已处理', 4, 0),
('SRO-20250506-010', 10, 'SO-20250415-010', 10, 'DO-20250428-010', 10, 'OPPO', '2025-05-06', 2, '包装膜规格错误,宽度不符', 100.0000, 230.0000, 1, 1, 1, 1, 3, 'OPPO包装膜错发退货-已处理', 3, 0),
('SRO-20250508-011', 1, 'SO-20250401-001', 1, 'DO-20250410-001', 1, '美的集团', '2025-05-08', 1, '洗衣机面板标签色差问题', 100.0000, 92.0000, 1, 1, 1, 1, 3, '美的洗衣机标签二次退货-已处理', 2, 0),
('SRO-20250508-012', 2, 'SO-20250402-002', 2, 'DO-20250412-002', 2, '格力电器', '2025-05-08', 3, '客户库存调整,退回多余标签', 300.0000, 240.0000, 1, 1, 1, 1, 3, '格力库存调整退货-已处理', 2, 0),
('SRO-20250509-013', 3, 'SO-20250403-003', 3, 'DO-20250415-003', 3, '华为技术', '2025-05-09', 1, '热收缩膜收缩率不达标', 200.0000, 460.0000, 1, 1, 1, 1, 3, '华为热收缩膜质量退货-已处理', 3, 0),
('SRO-20250509-014', 4, 'SO-20250405-004', 4, 'DO-20250418-004', 4, '比亚迪', '2025-05-09', 1, '电子标签读取距离偏短', 50.0000, 75.0000, 1, 1, 1, 1, 3, '比亚迪电子标签质量退货-已处理', 3, 0),
('SRO-20250510-015', 5, 'SO-20250407-005', 5, 'DO-20250417-005', 5, 'TCL科技', '2025-05-10', 3, '客户终端需求变更', 80.0000, 120.0000, 1, 1, 1, 1, 3, 'TCL需求变更退货-已处理', 4, 0),
('SRO-20250510-016', 6, 'SO-20250408-006', 6, 'DO-20250420-006', 6, '中兴通讯', '2025-05-10', 1, '电子标签信号干扰问题', 100.0000, 150.0000, 0, NULL, 1, 0, 2, '中兴电子标签退货-待检验', 4, 0),
('SRO-20250511-017', 7, 'SO-20250410-007', 7, 'DO-20250422-007', 7, '广汽集团', '2025-05-11', 1, '汽车标签耐高温测试不合格', 180.0000, 216.0000, 0, NULL, 1, 0, 2, '广汽汽车标签退货-待检验', 2, 0),
('SRO-20250511-018', 8, 'SO-20250411-008', 8, 'DO-20250423-008', 8, '海信集团', '2025-05-11', 2, '空调标签型号错发', 200.0000, 170.0000, 0, NULL, 1, 0, 1, '海信空调标签退货-待处理', 3, 0),
('SRO-20250512-019', 9, 'SO-20250414-009', 9, 'DO-20250425-009', 9, '小米科技', '2025-05-12', 1, '电子标签防水性能不足', 120.0000, 180.0000, 0, NULL, 1, 0, 1, '小米电子标签退货-待处理', 4, 0),
('SRO-20250512-020', 10, 'SO-20250415-010', 10, 'DO-20250428-010', 10, 'OPPO', '2025-05-12', 1, '手机标签边缘毛刺问题', 150.0000, 97.5000, 0, NULL, 1, 0, 1, 'OPPO手机标签退货-待处理', 3, 0);

-- -----------------------------------------------------------
-- 9. 销售退货单明细 (sal_return_order_item) - 20条
-- -----------------------------------------------------------
INSERT IGNORE INTO sal_return_order_item (return_id, delivery_item_id, material_id, material_name, material_spec, quantity, unit, unit_price, amount, batch_no, inspection_qty, qualified_qty, remark) VALUES
(1, 1, 22, '空调面板标签', '120mm×80mm', 500.0000, '张', 0.8500, 425.0000, 'BN-20250408-001', 500.0000, 0.0000, '印刷偏移不合格'),
(2, 5, 19, '标签成品-电子标签', '50mm×30mm', 200.0000, '个', 1.5000, 300.0000, 'BN-20250410-002', 200.0000, 0.0000, 'NFC功能异常不合格'),
(3, 7, 24, '手机后盖标签', '70mm×50mm', 1000.0000, '张', 0.6500, 650.0000, 'BN-20250413-001', 1000.0000, 0.0000, '错发型号全部退回'),
(4, 10, 25, '汽车内饰标签', '200mm×100mm', 300.0000, '张', 1.2000, 360.0000, 'BN-20250416-001', 300.0000, 0.0000, '耐磨性不达标不合格'),
(5, 14, 23, '洗衣机面板标签', '150mm×60mm', 150.0000, '张', 0.9200, 138.0000, 'BN-20250415-002', 150.0000, 0.0000, '防水层脱落不合格'),
(6, 17, 24, '手机后盖标签', '70mm×50mm', 800.0000, '张', 0.6500, 520.0000, 'BN-20250418-002', 800.0000, 0.0000, '尺寸不符全部退回'),
(7, 19, 25, '汽车内饰标签', '200mm×100mm', 250.0000, '张', 1.2000, 300.0000, 'BN-20250420-001', 250.0000, 0.0000, '背胶粘力不足不合格'),
(8, 22, 22, '空调面板标签', '120mm×80mm', 400.0000, '张', 0.8500, 340.0000, 'BN-20250421-001', 400.0000, 0.0000, '项目变更退回'),
(9, 25, 24, '手机后盖标签', '70mm×50mm', 600.0000, '张', 0.6500, 390.0000, 'BN-20250423-001', 600.0000, 0.0000, '印刷模糊不合格'),
(10, 29, 20, '包装膜成品-热收缩膜', '300mm×200mm/卷', 100.0000, '卷', 2.3000, 230.0000, 'BN-20250426-002', 100.0000, 0.0000, '规格错误全部退回'),
(11, 2, 23, '洗衣机面板标签', '150mm×60mm', 100.0000, '张', 0.9200, 92.0000, 'BN-20250408-002', 100.0000, 0.0000, '色差问题二次退货'),
(12, 4, 22, '空调面板标签', '120mm×80mm', 300.0000, '张', 0.8000, 240.0000, 'BN-20250410-001', 300.0000, 200.0000, '库存调整部分合格'),
(13, 8, 20, '包装膜成品-热收缩膜', '300mm×200mm/卷', 200.0000, '卷', 2.3000, 460.0000, 'BN-20250413-002', 200.0000, 0.0000, '收缩率不达标不合格'),
(14, 12, 19, '标签成品-电子标签', '50mm×30mm', 50.0000, '个', 1.5000, 75.0000, 'BN-20250416-003', 50.0000, 0.0000, '读取距离偏短不合格'),
(15, 13, 22, '空调面板标签', '120mm×80mm', 80.0000, '张', 0.8500, 68.0000, 'BN-20250415-001', 80.0000, 50.0000, '需求变更部分合格'),
(16, 16, 19, '标签成品-电子标签', '50mm×30mm', 100.0000, '个', 1.5000, 150.0000, 'BN-20250418-001', 0.0000, 0.0000, '信号干扰待检验'),
(17, 19, 25, '汽车内饰标签', '200mm×100mm', 180.0000, '张', 1.2000, 216.0000, 'BN-20250420-001', 0.0000, 0.0000, '耐高温不合格待检验'),
(18, 22, 22, '空调面板标签', '120mm×80mm', 200.0000, '张', 0.8500, 170.0000, 'BN-20250421-001', 0.0000, 0.0000, '型号错发待处理'),
(19, 26, 19, '标签成品-电子标签', '50mm×30mm', 120.0000, '个', 1.5000, 180.0000, 'BN-20250423-002', 0.0000, 0.0000, '防水不足待处理'),
(20, 28, 24, '手机后盖标签', '70mm×50mm', 150.0000, '张', 0.6500, 97.5000, 'BN-20250426-001', 0.0000, 0.0000, '边缘毛刺待处理');


-- -----------------------------------------------------------
-- 10. 销售打样单 (sal_sample_order) - 20条
-- delivery_status: pending=待发货, shipped=已发货, completed=已完成
-- status: pending=待处理, approved=已确认, completed=已完成, rejected=已拒绝
-- -----------------------------------------------------------
INSERT IGNORE INTO sal_sample_order (order_no, notify_date, customer_id, customer_name, product_name, material_no, version, size_spec, material_spec, specification, quantity, order_date, customer_require_date, delivery_date, actual_delivery_date, delivery_status, status, remark, create_by, deleted) VALUES
('SAM-20250401-001', '2025-04-01', 1, '美的集团', '空调面板标签-新机型', 'LBL-MD-001', 'A', '130mm×90mm', 'PET+不干胶', '耐高温120℃防水防油', 50, '2025-04-01', '2025-04-05', '2025-04-04', '2025-04-04', 'completed', 'completed', '美的新机型空调面板标签打样', 2, 0),
('SAM-20250402-002', '2025-04-02', 2, '格力电器', '智能空调NFC标签', 'LBL-GL-002', 'A', '80mm×50mm', 'PET+NFC芯片', 'NFC读取距离≥3cm', 30, '2025-04-02', '2025-04-08', '2025-04-07', '2025-04-07', 'completed', 'completed', '格力智能空调NFC标签打样', 2, 0),
('SAM-20250403-003', '2025-04-03', 3, '华为技术', '手机后盖防伪标签', 'LBL-HW-003', 'B', '60mm×45mm', 'PET全息防伪', '全息防伪+二维码', 100, '2025-04-03', '2025-04-10', '2025-04-09', '2025-04-09', 'completed', 'completed', '华为手机防伪标签打样-第二版', 3, 0),
('SAM-20250405-004', '2025-04-05', 4, '比亚迪', '电池包耐高温标签', 'LBL-BD-004', 'A', '200mm×150mm', '聚酰亚胺+耐高温胶', '耐高温200℃阻燃', 20, '2025-04-05', '2025-04-12', '2025-04-11', '2025-04-11', 'completed', 'completed', '比亚迪电池包耐高温标签打样', 3, 0),
('SAM-20250407-005', '2025-04-07', 5, 'TCL科技', '洗衣机触控面板标签', 'LBL-TCL-005', 'A', '160mm×70mm', 'PET+导电油墨', '触控感应+防水', 30, '2025-04-07', '2025-04-14', '2025-04-13', '2025-04-13', 'completed', 'completed', 'TCL洗衣机触控面板标签打样', 4, 0),
('SAM-20250408-006', '2025-04-08', 6, '中兴通讯', '5G基站设备标签', 'LBL-ZX-006', 'A', '100mm×80mm', '铝箔+耐候胶', '户外耐候5年防UV', 25, '2025-04-08', '2025-04-15', '2025-04-14', '2025-04-14', 'completed', 'completed', '中兴5G基站设备标签打样', 4, 0),
('SAM-20250410-007', '2025-04-10', 7, '广汽集团', '新能源汽车内饰标签', 'LBL-GQ-007', 'A', '180mm×120mm', 'TPU+3D纹理', '3D立体纹理+软触感', 20, '2025-04-10', '2025-04-17', '2025-04-16', '2025-04-16', 'completed', 'completed', '广汽新能源内饰标签打样', 2, 0),
('SAM-20250411-008', '2025-04-11', 8, '海信集团', '电视背光模组标签', 'LBL-HX-008', 'A', '90mm×60mm', 'PET白膜+阻燃油墨', '阻燃V0级耐高温', 40, '2025-04-11', '2025-04-18', '2025-04-17', '2025-04-17', 'completed', 'completed', '海信电视背光模组标签打样', 3, 0),
('SAM-20250414-009', '2025-04-14', 9, '小米科技', 'AIoT设备NFC标签', 'LBL-XM-009', 'A', '40mm×25mm', 'PET+NFC芯片', 'NFC+温感变色', 200, '2025-04-14', '2025-04-21', '2025-04-20', '2025-04-20', 'completed', 'completed', '小米AIoT设备NFC标签打样', 4, 0),
('SAM-20250415-010', '2025-04-15', 10, 'OPPO', '快充头防伪标签', 'LBL-OP-010', 'A', '50mm×30mm', '全息防伪膜', '激光全息+变色油墨', 80, '2025-04-15', '2025-04-22', '2025-04-21', '2025-04-21', 'completed', 'completed', 'OPPO快充头防伪标签打样', 3, 0),
('SAM-20250417-011', '2025-04-17', 11, '长虹电子', '智能电视面板标签', 'LBL-CH-011', 'A', '140mm×85mm', 'PET+丝印', '丝印+UV光油', 30, '2025-04-17', '2025-04-24', '2025-04-23', NULL, 'shipped', 'approved', '长虹智能电视面板标签打样-已发货', 2, 0),
('SAM-20250418-012', '2025-04-18', 12, '创维集团', 'OLED电视背标', 'LBL-CW-012', 'A', '110mm×75mm', 'PET透明膜', '透明+白色丝印', 25, '2025-04-18', '2025-04-25', '2025-04-24', NULL, 'shipped', 'approved', '创维OLED电视背标打样-已发货', 4, 0),
('SAM-20250421-013', '2025-04-21', 13, '联想集团', 'ThinkPad序列号标签', 'LBL-LX-013', 'A', '70mm×40mm', '聚酯银龙', '银色+条码+二维码', 100, '2025-04-21', '2025-04-28', '2025-04-27', NULL, 'shipped', 'approved', '联想ThinkPad序列号标签打样-已发货', 2, 0),
('SAM-20250422-014', '2025-04-22', 14, '海尔集团', '冰箱能效标签', 'LBL-HE-014', 'B', '120mm×90mm', '铜版纸+覆膜', '能效等级+覆膜防水', 50, '2025-04-22', '2025-04-29', '2025-04-28', NULL, 'shipped', 'approved', '海尔冰箱能效标签打样-第二版', 3, 0),
('SAM-20250424-015', '2025-04-24', 15, '方太集团', '油烟机触控标签', 'LBL-FT-015', 'A', '200mm×80mm', '玻璃+丝印', '钢化玻璃+丝印触控', 15, '2025-04-24', '2025-05-01', '2025-04-30', NULL, 'shipped', 'approved', '方太油烟机触控标签打样-已发货', 4, 0),
('SAM-20250425-016', '2025-04-25', 16, '志高空调', '新能效标签', 'LBL-ZG-016', 'A', '100mm×70mm', '铜版纸+覆膜', '新国标能效标识', 30, '2025-04-25', '2025-05-05', '2025-05-04', NULL, 'pending', 'approved', '志高新能效标签打样-待发货', 2, 0),
('SAM-20250428-017', '2025-04-28', 17, '奥克斯集团', '空调遥控器标签', 'LBL-AK-017', 'A', '55mm×35mm', 'PET+UV印刷', 'UV印刷+耐磨', 40, '2025-04-28', '2025-05-06', '2025-05-05', NULL, 'pending', 'approved', '奥克斯遥控器标签打样-待发货', 3, 0),
('SAM-20250502-018', '2025-05-02', 18, '康佳集团', '智能屏面板标签', 'LBL-KJ-018', 'A', '150mm×100mm', 'PET白膜+丝印', '白色丝印+UV光油', 20, '2025-05-02', '2025-05-09', '2025-05-08', NULL, 'pending', 'pending', '康佳智能屏面板标签打样-待确认', 4, 0),
('SAM-20250505-019', '2025-05-05', 19, '熊猫电子', '车载导航标签', 'LBL-XM-019', 'A', '80mm×55mm', 'PET+耐高温胶', '耐高温85℃防潮', 25, '2025-05-05', '2025-05-12', '2025-05-11', NULL, 'pending', 'pending', '熊猫车载导航标签打样-待确认', 2, 0),
('SAM-20250508-020', '2025-05-08', 20, '苏泊尔集团', '电饭煲内胆标签', 'LBL-SB-020', 'A', '90mm×65mm', '耐高温材料', '食品级耐高温150℃', 30, '2025-05-08', '2025-05-15', '2025-05-14', NULL, 'pending', 'pending', '苏泊尔电饭煲标签打样-待确认', 3, 0);


-- ============================================================
-- 二、采购管理模块
-- ============================================================

-- -----------------------------------------------------------
-- 11. 采购申请单 (pur_request) - 20条
-- status: 0=草稿, 1=已提交, 2=已审批, 3=已拒绝
-- priority: 1=高, 2=中, 3=低
-- -----------------------------------------------------------
INSERT IGNORE INTO pur_request (request_no, request_date, request_type, request_dept, requester_name, total_amount, currency, status, priority, expected_date, supplier_name, remark, create_by, update_by, deleted) VALUES
('PR-20250401-001', '2025-04-01', 'material', '生产部', '张三', 109900.00, 'CNY', 2, 1, '2025-04-08', '东莞鑫达薄膜材料', 'PET薄膜原材料采购申请-紧急', 5, 8, 0),
('PR-20250402-002', '2025-04-02', 'material', '生产部', '李四', 61800.00, 'CNY', 2, 2, '2025-04-10', '佛山顺达PVC材料', 'PVC薄膜原材料采购申请', 5, 8, 0),
('PR-20250403-003', '2025-04-03', 'material', '商标车间', '赵六', 70100.00, 'CNY', 2, 1, '2025-04-10', '深圳精诚油墨化工', 'UV油墨采购申请-生产急需', 6, 8, 0),
('PR-20250404-004', '2025-04-04', 'material', '商标车间', '赵六', 54500.00, 'CNY', 2, 2, '2025-04-12', '广州永盛化工', '溶剂型油墨及稀释剂采购', 6, 8, 0),
('PR-20250407-005', '2025-04-07', 'material', '模切车间', '王五', 16500.00, 'CNY', 2, 3, '2025-04-15', '东莞宏达丝网材料', '丝印网版及模切刀模采购', 5, 8, 0),
('PR-20250408-006', '2025-04-08', 'material', '生产部', '张三', 63000.00, 'CNY', 2, 2, '2025-04-15', '上海紫江特种油墨', 'UV光油及UV油墨采购', 5, 8, 0),
('PR-20250409-007', '2025-04-09', 'material', '商标车间', '赵六', 129000.00, 'CNY', 2, 1, '2025-04-16', '苏州雅特不干胶材料', '不干胶铜版纸大批量采购', 6, 8, 0),
('PR-20250410-008', '2025-04-10', 'material', '仓库管理部', '钱七', 43400.00, 'CNY', 2, 2, '2025-04-18', '深圳金太阳保护膜', '包装膜及纸箱采购', 7, 8, 0),
('PR-20250411-009', '2025-04-11', 'material', '模切车间', '王五', 20500.00, 'CNY', 2, 2, '2025-04-18', '东莞伟业离型材料', '模切刀模及丝印网版补充采购', 5, 8, 0),
('PR-20250414-010', '2025-04-14', 'material', '生产部', '李四', 58950.00, 'CNY', 2, 1, '2025-04-20', '深圳特种油墨', '特种UV油墨采购-紧急', 5, 8, 0),
('PR-20250415-011', '2025-04-15', 'material', '仓库管理部', '钱七', 27500.00, 'CNY', 2, 3, '2025-04-22', '广州华美包装材料', '纸箱及包装膜采购', 7, 8, 0),
('PR-20250416-012', '2025-04-16', 'material', '商标车间', '赵六', 94800.00, 'CNY', 2, 2, '2025-04-23', '东莞永丰印刷材料', '不干胶材料及PET薄膜采购', 6, 8, 0),
('PR-20250417-013', '2025-04-17', 'material', '生产部', '张三', 95500.00, 'CNY', 2, 2, '2025-04-24', '佛山南海薄膜科技', 'PET及PVC薄膜采购', 5, 8, 0),
('PR-20250418-014', '2025-04-18', 'material', '商标车间', '赵六', 80400.00, 'CNY', 2, 1, '2025-04-25', '深圳光华油墨', 'UV油墨及UV光油采购', 6, 8, 0),
('PR-20250421-015', '2025-04-21', 'material', '商标车间', '赵六', 108600.00, 'CNY', 2, 1, '2025-04-28', '中山德胜不干胶', '不干胶材料大批量采购', 6, 8, 0),
('PR-20250422-016', '2025-04-22', 'material', '生产部', '李四', 54600.00, 'CNY', 1, 2, '2025-04-29', '惠州鑫源化工', '稀释剂及溶剂型油墨采购', 5, 8, 0),
('PR-20250424-017', '2025-04-24', 'material', '模切车间', '王五', 20875.00, 'CNY', 1, 2, '2025-05-02', '东莞大朗丝印材料', '丝印网版及模切刀模采购', 5, 8, 0),
('PR-20250425-018', '2025-04-25', 'material', '商标车间', '赵六', 58200.00, 'CNY', 1, 3, '2025-05-05', '广州白云标签材料', '不干胶材料及电子标签采购', 6, 8, 0),
('PR-20250428-019', '2025-04-28', 'material', '生产部', '张三', 78900.00, 'CNY', 1, 2, '2025-05-06', '佛山顺德印刷科技', 'PET薄膜采购', 5, 8, 0),
('PR-20250502-020', '2025-05-02', 'material', '仓库管理部', '钱七', 34700.00, 'CNY', 0, 3, '2025-05-10', '深圳宝安包装材料', '纸箱及包装膜采购-草稿', 7, 8, 0);

-- -----------------------------------------------------------
-- 12. 采购申请明细 (pur_request_item) - 40条
-- -----------------------------------------------------------
INSERT IGNORE INTO pur_request_item (request_id, line_no, material_code, material_name, material_spec, material_unit, quantity, price, amount, supplier_name, expected_date, remark, deleted) VALUES
(1, 1, 'PET-001', 'PET透明膜0.1mm', '厚度0.1mm/宽度1200mm', 'kg', 5000.000, 12.5000, 62500.00, '东莞鑫达薄膜材料', '2025-04-08', 'PET透明膜-生产急需', 0),
(1, 2, 'PET-002', 'PET白膜0.125mm', '厚度0.125mm/宽度1200mm', 'kg', 3000.000, 15.8000, 47400.00, '东莞鑫达薄膜材料', '2025-04-08', 'PET白膜-生产急需', 0),
(2, 1, 'PVC-001', 'PVC透明膜0.15mm', '厚度0.15mm/宽度1000mm', 'kg', 4000.000, 10.2000, 40800.00, '佛山顺达PVC材料', '2025-04-10', 'PVC透明膜-常规采购', 0),
(2, 2, 'PVC-002', 'PVC透明膜0.20mm', '厚度0.20mm/宽度1000mm', 'kg', 2000.000, 10.5000, 21000.00, '佛山顺达PVC材料', '2025-04-10', 'PVC透明膜加厚-常规采购', 0),
(3, 1, 'UV-BK', 'UV油墨-黑色', 'UV固化/粘度2000cps', 'kg', 500.000, 85.0000, 42500.00, '深圳精诚油墨化工', '2025-04-10', 'UV黑墨-生产急需', 0),
(3, 2, 'UV-WH', 'UV油墨-白色', 'UV固化/粘度2500cps', 'kg', 300.000, 92.0000, 27600.00, '深圳精诚油墨化工', '2025-04-10', 'UV白墨-生产急需', 0),
(4, 1, 'RJB-BK', '溶剂型油墨-黑色', '溶剂型/粘度1500cps', 'kg', 800.000, 45.0000, 36000.00, '广州永盛化工', '2025-04-12', '溶剂型黑墨-常规采购', 0),
(4, 2, 'XSJ-001', '稀释剂-标准型', '标准型/沸点150℃', 'kg', 1000.000, 18.5000, 18500.00, '广州永盛化工', '2025-04-12', '稀释剂-常规采购', 0),
(5, 1, 'SYWB-300', '丝印网版-300目', '300目/铝合金框', '张', 50.000, 120.0000, 6000.00, '东莞宏达丝网材料', '2025-04-15', '丝印网版-补充采购', 0),
(5, 2, 'MQDM-001', '模切刀模-平板', '平板式/精密模切', '套', 30.000, 350.0000, 10500.00, '东莞宏达丝网材料', '2025-04-15', '模切刀模-补充采购', 0),
(6, 1, 'UVGY-001', 'UV光油-高光', '高光型/粘度800cps', 'kg', 600.000, 75.0000, 45000.00, '上海紫江特种油墨', '2025-04-15', 'UV光油-常规采购', 0),
(6, 2, 'UV-WH', 'UV油墨-白色', 'UV固化/粘度2500cps', 'kg', 200.000, 90.0000, 18000.00, '上海紫江特种油墨', '2025-04-15', 'UV白墨-补充采购', 0),
(7, 1, 'BGQ-001', '不干胶铜版纸80g', '80g/宽度1100mm', '平方米', 10000.000, 8.5000, 85000.00, '苏州雅特不干胶材料', '2025-04-16', '不干胶铜版纸-大批量', 0),
(7, 2, 'BGQ-002', '不干胶铜版纸100g', '100g/宽度1100mm', '平方米', 5000.000, 8.8000, 44000.00, '苏州雅特不干胶材料', '2025-04-16', '不干胶铜版纸加厚-大批量', 0),
(8, 1, 'BZM-001', '包装膜成品-热收缩膜', '300mm×200mm/卷', '卷', 8000.000, 1.8000, 14400.00, '深圳金太阳保护膜', '2025-04-18', '热收缩膜-仓库补货', 0),
(8, 2, 'ZX-001', '纸箱-标准型', '600mm×400mm×300mm', '个', 5000.000, 5.8000, 29000.00, '深圳金太阳保护膜', '2025-04-18', '纸箱-仓库补货', 0),
(9, 1, 'MQDM-001', '模切刀模-平板', '平板式/精密模切', '套', 40.000, 340.0000, 13600.00, '东莞伟业离型材料', '2025-04-18', '模切刀模-补充采购', 0),
(9, 2, 'SYWB-300', '丝印网版-300目', '300目/铝合金框', '张', 60.000, 115.0000, 6900.00, '东莞伟业离型材料', '2025-04-18', '丝印网版-补充采购', 0),
(10, 1, 'UV-BK', 'UV油墨-黑色', 'UV固化/粘度2000cps', 'kg', 400.000, 88.0000, 35200.00, '深圳特种油墨', '2025-04-20', '特种UV黑墨-紧急', 0),
(10, 2, 'UV-WH', 'UV油墨-白色', 'UV固化/粘度2500cps', 'kg', 250.000, 95.0000, 23750.00, '深圳特种油墨', '2025-04-20', '特种UV白墨-紧急', 0),
(11, 1, 'ZX-001', '纸箱-标准型', '600mm×400mm×300mm', '个', 3000.000, 6.0000, 18000.00, '广州华美包装材料', '2025-04-22', '纸箱-仓库补货', 0),
(11, 2, 'BZM-001', '包装膜成品-热收缩膜', '300mm×200mm/卷', '卷', 5000.000, 1.9000, 9500.00, '广州华美包装材料', '2025-04-22', '热收缩膜-仓库补货', 0),
(12, 1, 'BGQ-001', '不干胶铜版纸80g', '80g/宽度1100mm', '平方米', 8000.000, 8.6000, 68800.00, '东莞永丰印刷材料', '2025-04-23', '不干胶材料-常规采购', 0),
(12, 2, 'PET-001', 'PET透明膜0.1mm', '厚度0.1mm/宽度1200mm', 'kg', 2000.000, 13.0000, 26000.00, '东莞永丰印刷材料', '2025-04-23', 'PET薄膜-补充采购', 0),
(13, 1, 'PET-002', 'PET白膜0.125mm', '厚度0.125mm/宽度1200mm', 'kg', 4000.000, 16.0000, 64000.00, '佛山南海薄膜科技', '2025-04-24', 'PET白膜-常规采购', 0),
(13, 2, 'PVC-001', 'PVC透明膜0.15mm', '厚度0.15mm/宽度1000mm', 'kg', 3000.000, 10.5000, 31500.00, '佛山南海薄膜科技', '2025-04-24', 'PVC薄膜-常规采购', 0),
(14, 1, 'UV-BK', 'UV油墨-黑色', 'UV固化/粘度2000cps', 'kg', 600.000, 82.0000, 49200.00, '深圳光华油墨', '2025-04-25', 'UV黑墨-紧急采购', 0),
(14, 2, 'UVGY-001', 'UV光油-高光', '高光型/粘度800cps', 'kg', 400.000, 78.0000, 31200.00, '深圳光华油墨', '2025-04-25', 'UV光油-紧急采购', 0),
(15, 1, 'BGQ-001', '不干胶铜版纸80g', '80g/宽度1100mm', '平方米', 12000.000, 8.3000, 99600.00, '中山德胜不干胶', '2025-04-28', '不干胶材料-大批量采购', 0),
(15, 2, 'MQDM-001', '模切刀模-平板', '平板式/精密模切', '套', 25.000, 360.0000, 9000.00, '中山德胜不干胶', '2025-04-28', '模切刀模-配套采购', 0),
(16, 1, 'XSJ-001', '稀释剂-标准型', '标准型/沸点150℃', 'kg', 1500.000, 18.0000, 27000.00, '惠州鑫源化工', '2025-04-29', '稀释剂-常规采购', 0),
(16, 2, 'RJB-BK', '溶剂型油墨-黑色', '溶剂型/粘度1500cps', 'kg', 600.000, 46.0000, 27600.00, '惠州鑫源化工', '2025-04-29', '溶剂型黑墨-常规采购', 0),
(17, 1, 'SYWB-300', '丝印网版-300目', '300目/铝合金框', '张', 80.000, 110.0000, 8800.00, '东莞大朗丝印材料', '2025-05-02', '丝印网版-补充采购', 0),
(17, 2, 'MQDM-001', '模切刀模-平板', '平板式/精密模切', '套', 35.000, 345.0000, 12075.00, '东莞大朗丝印材料', '2025-05-02', '模切刀模-补充采购', 0),
(18, 1, 'BGQ-001', '不干胶铜版纸80g', '80g/宽度1100mm', '平方米', 6000.000, 8.7000, 52200.00, '广州白云标签材料', '2025-05-05', '不干胶材料-常规采购', 0),
(18, 2, 'BQDQ-001', '标签成品-电子标签', '50mm×30mm/NFC', '个', 5000.000, 1.2000, 6000.00, '广州白云标签材料', '2025-05-05', '电子标签-补充采购', 0),
(19, 1, 'PET-001', 'PET透明膜0.1mm', '厚度0.1mm/宽度1200mm', 'kg', 3000.000, 12.8000, 38400.00, '佛山顺德印刷科技', '2025-05-06', 'PET透明膜-常规采购', 0),
(19, 2, 'PET-002', 'PET白膜0.125mm', '厚度0.125mm/宽度1200mm', 'kg', 2500.000, 16.2000, 40500.00, '佛山顺德印刷科技', '2025-05-06', 'PET白膜-常规采购', 0),
(20, 1, 'ZX-001', '纸箱-标准型', '600mm×400mm×300mm', '个', 4000.000, 5.9000, 23600.00, '深圳宝安包装材料', '2025-05-10', '纸箱-仓库补货', 0),
(20, 2, 'BZM-001', '包装膜成品-热收缩膜', '300mm×200mm/卷', '卷', 6000.000, 1.8500, 11100.00, '深圳宝安包装材料', '2025-05-10', '热收缩膜-仓库补货', 0);


-- -----------------------------------------------------------
-- 13. 采购订单主表 (pur_order) - 20条
-- status: 1=已确认, 2=部分收货, 3=已完成
-- -----------------------------------------------------------
INSERT IGNORE INTO pur_order (order_no, order_date, supplier_id, contact_name, contact_phone, delivery_address, total_amount, tax_amount, total_with_tax, currency, exchange_rate, payment_terms, delivery_date, settlement_method, status, remark, create_by, update_by, deleted) VALUES
('PO-20250402-001', '2025-04-02', 1, '刘经理', '0769-22338888', '广东省东莞市长安镇锦厦社区锦华路8号', 109900.0000, 14287.0000, 124187.0000, 'CNY', 1.0000, '月结30天', '2025-04-08', '银行转账', 3, 'PET薄膜采购-已入库', 8, 8, 0),
('PO-20250403-002', '2025-04-03', 2, '陈经理', '0757-82338888', '广东省东莞市长安镇锦厦社区锦华路8号', 61800.0000, 8034.0000, 69834.0000, 'CNY', 1.0000, '月结30天', '2025-04-10', '银行转账', 3, 'PVC薄膜采购-已入库', 8, 8, 0),
('PO-20250404-003', '2025-04-04', 3, '王经理', '0755-26338888', '广东省东莞市长安镇锦厦社区锦华路8号', 70100.0000, 9113.0000, 79213.0000, 'CNY', 1.0000, '月结45天', '2025-04-10', '银行转账', 3, 'UV油墨采购-已入库', 8, 8, 0),
('PO-20250407-004', '2025-04-07', 4, '张经理', '020-82338888', '广东省东莞市长安镇锦厦社区锦华路8号', 54500.0000, 7085.0000, 61585.0000, 'CNY', 1.0000, '月结30天', '2025-04-12', '银行转账', 3, '溶剂型油墨及稀释剂采购-已入库', 8, 8, 0),
('PO-20250408-005', '2025-04-08', 5, '李经理', '0769-23338888', '广东省东莞市长安镇锦厦社区锦华路8号', 16500.0000, 2145.0000, 18645.0000, 'CNY', 1.0000, '月结30天', '2025-04-15', '银行转账', 3, '丝印网版及模切刀模采购-已入库', 8, 8, 0),
('PO-20250409-006', '2025-04-09', 6, '赵经理', '021-52338888', '广东省东莞市长安镇锦厦社区锦华路8号', 63000.0000, 8190.0000, 71190.0000, 'CNY', 1.0000, '月结45天', '2025-04-15', '银行转账', 3, 'UV光油及UV油墨采购-已入库', 8, 8, 0),
('PO-20250410-007', '2025-04-10', 7, '周经理', '0512-62338888', '广东省东莞市长安镇锦厦社区锦华路8号', 129000.0000, 16770.0000, 145770.0000, 'CNY', 1.0000, '月结30天', '2025-04-16', '银行承兑', 3, '不干胶铜版纸大批量采购-已入库', 8, 8, 0),
('PO-20250411-008', '2025-04-11', 8, '孙经理', '0755-29338888', '广东省东莞市长安镇锦厦社区锦华路8号', 43400.0000, 5642.0000, 49042.0000, 'CNY', 1.0000, '月结30天', '2025-04-18', '银行转账', 2, '包装膜及纸箱采购-部分收货', 8, 8, 0),
('PO-20250414-009', '2025-04-14', 9, '吴经理', '0769-24338888', '广东省东莞市长安镇锦厦社区锦华路8号', 20500.0000, 2665.0000, 23165.0000, 'CNY', 1.0000, '月结30天', '2025-04-18', '银行转账', 2, '模切刀模及丝印网版采购-部分收货', 8, 8, 0),
('PO-20250415-010', '2025-04-15', 10, '郑经理', '0755-27338888', '广东省东莞市长安镇锦厦社区锦华路8号', 58950.0000, 7663.5000, 66613.5000, 'CNY', 1.0000, '月结45天', '2025-04-20', '银行转账', 2, '特种UV油墨采购-部分收货', 8, 8, 0),
('PO-20250416-011', '2025-04-16', 11, '何经理', '020-83338888', '广东省东莞市长安镇锦厦社区锦华路8号', 27500.0000, 3575.0000, 31075.0000, 'CNY', 1.0000, '月结30天', '2025-04-22', '银行转账', 1, '纸箱及包装膜采购-已确认', 8, 8, 0),
('PO-20250417-012', '2025-04-17', 12, '马经理', '0769-25338888', '广东省东莞市长安镇锦厦社区锦华路8号', 94800.0000, 12324.0000, 107124.0000, 'CNY', 1.0000, '月结30天', '2025-04-23', '银行承兑', 1, '不干胶材料及PET薄膜采购-已确认', 8, 8, 0),
('PO-20250418-013', '2025-04-18', 13, '林经理', '0757-83338888', '广东省东莞市长安镇锦厦社区锦华路8号', 95500.0000, 12415.0000, 107915.0000, 'CNY', 1.0000, '月结30天', '2025-04-24', '银行转账', 1, 'PET及PVC薄膜采购-已确认', 8, 8, 0),
('PO-20250421-014', '2025-04-21', 14, '黄经理', '0755-28338888', '广东省东莞市长安镇锦厦社区锦华路8号', 80400.0000, 10452.0000, 90852.0000, 'CNY', 1.0000, '月结45天', '2025-04-25', '银行转账', 1, 'UV油墨及UV光油采购-已确认', 8, 8, 0),
('PO-20250422-015', '2025-04-22', 15, '谢经理', '0760-83338888', '广东省东莞市长安镇锦厦社区锦华路8号', 108600.0000, 14118.0000, 122718.0000, 'CNY', 1.0000, '月结30天', '2025-04-28', '银行承兑', 1, '不干胶材料大批量采购-已确认', 8, 8, 0),
('PO-20250423-016', '2025-04-23', 16, '邓经理', '0752-23338888', '广东省东莞市长安镇锦厦社区锦华路8号', 54600.0000, 7098.0000, 61698.0000, 'CNY', 1.0000, '月结30天', '2025-04-29', '银行转账', 1, '稀释剂及溶剂型油墨采购-已确认', 8, 8, 0),
('PO-20250424-017', '2025-04-24', 17, '蒋经理', '0769-26338888', '广东省东莞市长安镇锦厦社区锦华路8号', 20875.0000, 2713.7500, 23588.7500, 'CNY', 1.0000, '月结30天', '2025-05-02', '银行转账', 1, '丝印网版及模切刀模采购-已确认', 8, 8, 0),
('PO-20250425-018', '2025-04-25', 18, '潘经理', '020-86338888', '广东省东莞市长安镇锦厦社区锦华路8号', 58200.0000, 7566.0000, 65766.0000, 'CNY', 1.0000, '月结30天', '2025-05-05', '银行转账', 1, '不干胶材料及电子标签采购-已确认', 8, 8, 0),
('PO-20250428-019', '2025-04-28', 19, '曹经理', '0757-22338888', '广东省东莞市长安镇锦厦社区锦华路8号', 78900.0000, 10257.0000, 89157.0000, 'CNY', 1.0000, '月结30天', '2025-05-06', '银行转账', 1, 'PET薄膜采购-已确认', 8, 8, 0),
('PO-20250502-020', '2025-05-02', 20, '沈经理', '0755-27338888', '广东省东莞市长安镇锦厦社区锦华路8号', 34700.0000, 4511.0000, 39211.0000, 'CNY', 1.0000, '月结30天', '2025-05-10', '银行转账', 1, '纸箱及包装膜采购-已确认', 8, 8, 0);


-- -----------------------------------------------------------
-- 14. 采购订单明细 (pur_order_detail) - 50条
-- 每个订单2-3条明细
-- -----------------------------------------------------------
INSERT IGNORE INTO pur_order_detail (order_id, material_id, quantity, unit, unit_price, tax_rate, amount, tax_amount, total_amount, received_qty, delivery_date, remark) VALUES
(1, 1, 5000.0000, 'kg', 12.5000, 0.13, 62500.0000, 8125.0000, 70625.0000, 5000.0000, '2025-04-08', 'PET透明膜-已入库'),
(1, 2, 3000.0000, 'kg', 15.8000, 0.13, 47400.0000, 6162.0000, 53562.0000, 3000.0000, '2025-04-08', 'PET白膜-已入库'),
(1, 3, 1000.0000, 'kg', 10.2000, 0.13, 10200.0000, 1326.0000, 11526.0000, 1000.0000, '2025-04-08', 'PVC透明膜-已入库'),
(2, 3, 4000.0000, 'kg', 10.2000, 0.13, 40800.0000, 5304.0000, 46104.0000, 4000.0000, '2025-04-10', 'PVC透明膜-已入库'),
(2, 3, 2000.0000, 'kg', 10.5000, 0.13, 21000.0000, 2730.0000, 23730.0000, 2000.0000, '2025-04-10', 'PVC透明膜加厚-已入库'),
(3, 8, 500.0000, 'kg', 85.0000, 0.13, 42500.0000, 5525.0000, 48025.0000, 500.0000, '2025-04-10', 'UV油墨-黑色-已入库'),
(3, 9, 300.0000, 'kg', 92.0000, 0.13, 27600.0000, 3588.0000, 31188.0000, 300.0000, '2025-04-10', 'UV油墨-白色-已入库'),
(4, 10, 800.0000, 'kg', 45.0000, 0.13, 36000.0000, 4680.0000, 40680.0000, 800.0000, '2025-04-12', '溶剂型油墨-黑色-已入库'),
(4, 16, 1000.0000, 'kg', 18.5000, 0.13, 18500.0000, 2405.0000, 20905.0000, 1000.0000, '2025-04-12', '稀释剂-标准型-已入库'),
(5, 14, 50.0000, '张', 120.0000, 0.13, 6000.0000, 780.0000, 6780.0000, 50.0000, '2025-04-15', '丝印网版-300目-已入库'),
(5, 15, 30.0000, '套', 350.0000, 0.13, 10500.0000, 1365.0000, 11865.0000, 30.0000, '2025-04-15', '模切刀模-平板-已入库'),
(6, 17, 600.0000, 'kg', 75.0000, 0.13, 45000.0000, 5850.0000, 50850.0000, 600.0000, '2025-04-15', 'UV光油-高光-已入库'),
(6, 9, 200.0000, 'kg', 90.0000, 0.13, 18000.0000, 2340.0000, 20340.0000, 200.0000, '2025-04-15', 'UV油墨-白色-已入库'),
(7, 7, 10000.0000, '平方米', 8.5000, 0.13, 85000.0000, 11050.0000, 96050.0000, 10000.0000, '2025-04-16', '不干胶铜版纸80g-已入库'),
(7, 7, 5000.0000, '平方米', 8.8000, 0.13, 44000.0000, 5720.0000, 49720.0000, 5000.0000, '2025-04-16', '不干胶铜版纸100g-已入库'),
(7, 1, 2000.0000, 'kg', 12.5000, 0.13, 25000.0000, 3250.0000, 28250.0000, 2000.0000, '2025-04-16', 'PET透明膜-已入库'),
(8, 20, 8000.0000, '卷', 1.8000, 0.13, 14400.0000, 1872.0000, 16272.0000, 5000.0000, '2025-04-18', '热收缩膜-部分收货'),
(8, 18, 5000.0000, '个', 5.8000, 0.13, 29000.0000, 3770.0000, 32770.0000, 3000.0000, '2025-04-18', '纸箱-标准型-部分收货'),
(9, 15, 40.0000, '套', 340.0000, 0.13, 13600.0000, 1768.0000, 15368.0000, 20.0000, '2025-04-18', '模切刀模-部分收货'),
(9, 14, 60.0000, '张', 115.0000, 0.13, 6900.0000, 897.0000, 7797.0000, 30.0000, '2025-04-18', '丝印网版-部分收货'),
(10, 8, 400.0000, 'kg', 88.0000, 0.13, 35200.0000, 4576.0000, 39776.0000, 200.0000, '2025-04-20', 'UV油墨-黑色-部分收货'),
(10, 9, 250.0000, 'kg', 95.0000, 0.13, 23750.0000, 3087.5000, 26837.5000, 100.0000, '2025-04-20', 'UV油墨-白色-部分收货'),
(11, 18, 3000.0000, '个', 6.0000, 0.13, 18000.0000, 2340.0000, 20340.0000, 0.0000, '2025-04-22', '纸箱-标准型-待收货'),
(11, 20, 5000.0000, '卷', 1.9000, 0.13, 9500.0000, 1235.0000, 10735.0000, 0.0000, '2025-04-22', '热收缩膜-待收货'),
(12, 7, 8000.0000, '平方米', 8.6000, 0.13, 68800.0000, 8944.0000, 77744.0000, 0.0000, '2025-04-23', '不干胶铜版纸80g-待收货'),
(12, 1, 2000.0000, 'kg', 13.0000, 0.13, 26000.0000, 3380.0000, 29380.0000, 0.0000, '2025-04-23', 'PET透明膜-待收货'),
(13, 2, 4000.0000, 'kg', 16.0000, 0.13, 64000.0000, 8320.0000, 72320.0000, 0.0000, '2025-04-24', 'PET白膜-待收货'),
(13, 3, 3000.0000, 'kg', 10.5000, 0.13, 31500.0000, 4095.0000, 35595.0000, 0.0000, '2025-04-24', 'PVC透明膜-待收货'),
(14, 8, 600.0000, 'kg', 82.0000, 0.13, 49200.0000, 6396.0000, 55596.0000, 0.0000, '2025-04-25', 'UV油墨-黑色-待收货'),
(14, 17, 400.0000, 'kg', 78.0000, 0.13, 31200.0000, 4056.0000, 35256.0000, 0.0000, '2025-04-25', 'UV光油-高光-待收货'),
(15, 7, 12000.0000, '平方米', 8.3000, 0.13, 99600.0000, 12948.0000, 112548.0000, 0.0000, '2025-04-28', '不干胶铜版纸80g-待收货'),
(15, 15, 25.0000, '套', 360.0000, 0.13, 9000.0000, 1170.0000, 10170.0000, 0.0000, '2025-04-28', '模切刀模-平板-待收货'),
(15, 14, 15.0000, '张', 110.0000, 0.13, 1650.0000, 214.5000, 1864.5000, 0.0000, '2025-04-28', '丝印网版-300目-待收货'),
(16, 16, 1500.0000, 'kg', 18.0000, 0.13, 27000.0000, 3510.0000, 30510.0000, 0.0000, '2025-04-29', '稀释剂-标准型-待收货'),
(16, 10, 600.0000, 'kg', 46.0000, 0.13, 27600.0000, 3588.0000, 31188.0000, 0.0000, '2025-04-29', '溶剂型油墨-黑色-待收货'),
(17, 14, 80.0000, '张', 110.0000, 0.13, 8800.0000, 1144.0000, 9944.0000, 0.0000, '2025-05-02', '丝印网版-300目-待收货'),
(17, 15, 35.0000, '套', 345.0000, 0.13, 12075.0000, 1569.7500, 13644.7500, 0.0000, '2025-05-02', '模切刀模-平板-待收货'),
(18, 7, 6000.0000, '平方米', 8.7000, 0.13, 52200.0000, 6786.0000, 58986.0000, 0.0000, '2025-05-05', '不干胶铜版纸80g-待收货'),
(18, 19, 5000.0000, '个', 1.2000, 0.13, 6000.0000, 780.0000, 6780.0000, 0.0000, '2025-05-05', '标签成品-电子标签-待收货'),
(19, 1, 3000.0000, 'kg', 12.8000, 0.13, 38400.0000, 4992.0000, 43392.0000, 0.0000, '2025-05-06', 'PET透明膜-待收货'),
(19, 2, 2500.0000, 'kg', 16.2000, 0.13, 40500.0000, 5265.0000, 45765.0000, 0.0000, '2025-05-06', 'PET白膜-待收货'),
(19, 3, 1500.0000, 'kg', 10.0000, 0.13, 15000.0000, 1950.0000, 16950.0000, 0.0000, '2025-05-06', 'PVC透明膜-待收货'),
(20, 18, 4000.0000, '个', 5.9000, 0.13, 23600.0000, 3068.0000, 26668.0000, 0.0000, '2025-05-10', '纸箱-标准型-待收货'),
(20, 20, 6000.0000, '卷', 1.8500, 0.13, 11100.0000, 1443.0000, 12543.0000, 0.0000, '2025-05-10', '热收缩膜-待收货'),
(8, 18, 2000.0000, '个', 5.8000, 0.13, 11600.0000, 1508.0000, 13108.0000, 0.0000, '2025-04-25', '纸箱-标准型-待收货余额'),
(9, 15, 20.0000, '套', 340.0000, 0.13, 6800.0000, 884.0000, 7684.0000, 0.0000, '2025-04-25', '模切刀模-待收货余额'),
(9, 14, 30.0000, '张', 115.0000, 0.13, 3450.0000, 448.5000, 3898.5000, 0.0000, '2025-04-25', '丝印网版-待收货余额'),
(10, 8, 200.0000, 'kg', 88.0000, 0.13, 17600.0000, 2288.0000, 19888.0000, 0.0000, '2025-04-25', 'UV油墨-黑色-待收货余额'),
(10, 9, 150.0000, 'kg', 95.0000, 0.13, 14250.0000, 1852.5000, 16102.5000, 0.0000, '2025-04-25', 'UV油墨-白色-待收货余额'),
(8, 20, 3000.0000, '卷', 1.8000, 0.13, 5400.0000, 702.0000, 6102.0000, 0.0000, '2025-04-25', '热收缩膜-待收货余额'),
(20, 18, 2000.0000, '个', 5.9000, 0.13, 11800.0000, 1534.0000, 13334.0000, 0.0000, '2025-05-15', '纸箱-标准型-追加订单'),
(20, 20, 3000.0000, '卷', 1.8500, 0.13, 5550.0000, 721.5000, 6271.5000, 0.0000, '2025-05-15', '热收缩膜-追加订单');


-- ============================================================
-- 三、供应商评估模块
-- ============================================================

-- -----------------------------------------------------------
-- 15. 供应商评估主表 (srm_supplier_eval) - 20条
-- status: 1=待评估, 2=已评估, 3=已审批
-- supplier_level: A/B/C/D
-- -----------------------------------------------------------
INSERT IGNORE INTO srm_supplier_eval (eval_no, supplier_id, supplier_name, eval_period, period_start, period_end, quality_score, delivery_score, price_score, service_score, total_score, quality_rate, on_time_rate, order_count, defect_count, supplier_level, status, evaluator, eval_time, approver, approve_time, remark, create_by, deleted) VALUES
('SE-20250331-001', 1, '东莞鑫达薄膜材料', '2025-Q1', '2025-01-01', '2025-03-31', 88.0, 85.0, 82.0, 90.0, 86.4, 98.50, 95.20, 12, 2, 'A', 3, '李品质', '2025-04-05 10:00:00', '王经理', '2025-04-08 14:00:00', 'Q1评估-优质供应商', 8, 0),
('SE-20250331-002', 2, '佛山顺达PVC材料', '2025-Q1', '2025-01-01', '2025-03-31', 85.0, 82.0, 88.0, 86.0, 85.0, 97.20, 93.50, 8, 3, 'A', 3, '李品质', '2025-04-05 11:00:00', '王经理', '2025-04-08 14:30:00', 'Q1评估-优质供应商', 8, 0),
('SE-20250331-003', 3, '深圳精诚油墨化工', '2025-Q1', '2025-01-01', '2025-03-31', 92.0, 88.0, 80.0, 85.0, 87.0, 99.10, 96.80, 15, 1, 'A', 3, '李品质', '2025-04-05 14:00:00', '王经理', '2025-04-08 15:00:00', 'Q1评估-优质供应商', 8, 0),
('SE-20250331-004', 4, '广州永盛化工', '2025-Q1', '2025-01-01', '2025-03-31', 78.0, 75.0, 90.0, 80.0, 80.2, 95.80, 88.50, 10, 5, 'B', 3, '李品质', '2025-04-06 09:00:00', '王经理', '2025-04-09 10:00:00', 'Q1评估-合格供应商', 8, 0),
('SE-20250331-005', 5, '东莞宏达丝网材料', '2025-Q1', '2025-01-01', '2025-03-31', 80.0, 78.0, 85.0, 82.0, 80.9, 96.50, 90.20, 6, 3, 'B', 3, '李品质', '2025-04-06 10:00:00', '王经理', '2025-04-09 10:30:00', 'Q1评估-合格供应商', 8, 0),
('SE-20250331-006', 6, '上海紫江特种油墨', '2025-Q1', '2025-01-01', '2025-03-31', 90.0, 92.0, 78.0, 88.0, 87.4, 99.00, 97.50, 9, 1, 'A', 3, '李品质', '2025-04-06 11:00:00', '王经理', '2025-04-09 11:00:00', 'Q1评估-优质供应商', 8, 0),
('SE-20250331-007', 7, '苏州雅特不干胶材料', '2025-Q1', '2025-01-01', '2025-03-31', 86.0, 84.0, 82.0, 88.0, 85.2, 97.80, 94.00, 11, 2, 'A', 3, '李品质', '2025-04-06 14:00:00', '王经理', '2025-04-09 14:00:00', 'Q1评估-优质供应商', 8, 0),
('SE-20250331-008', 8, '深圳金太阳保护膜', '2025-Q1', '2025-01-01', '2025-03-31', 75.0, 70.0, 88.0, 76.0, 76.6, 94.20, 85.30, 7, 5, 'B', 3, '李品质', '2025-04-07 09:00:00', '王经理', '2025-04-10 09:00:00', 'Q1评估-合格供应商-需改善交期', 8, 0),
('SE-20250331-009', 9, '东莞伟业离型材料', '2025-Q1', '2025-01-01', '2025-03-31', 82.0, 80.0, 84.0, 78.0, 81.2, 96.80, 91.50, 5, 2, 'B', 3, '李品质', '2025-04-07 10:00:00', '王经理', '2025-04-10 09:30:00', 'Q1评估-合格供应商', 8, 0),
('SE-20250331-010', 10, '深圳特种油墨', '2025-Q1', '2025-01-01', '2025-03-31', 88.0, 86.0, 76.0, 84.0, 84.0, 98.50, 95.00, 8, 1, 'A', 3, '李品质', '2025-04-07 11:00:00', '王经理', '2025-04-10 10:00:00', 'Q1评估-优质供应商', 8, 0),
('SE-20250331-011', 11, '广州华美包装材料', '2025-Q1', '2025-01-01', '2025-03-31', 72.0, 68.0, 90.0, 74.0, 75.2, 93.50, 82.00, 4, 4, 'C', 2, '李品质', '2025-04-08 09:00:00', NULL, NULL, 'Q1评估-待改善供应商', 8, 0),
('SE-20250331-012', 12, '东莞永丰印刷材料', '2025-Q1', '2025-01-01', '2025-03-31', 76.0, 72.0, 86.0, 78.0, 77.6, 95.00, 87.50, 6, 4, 'B', 2, '李品质', '2025-04-08 10:00:00', NULL, NULL, 'Q1评估-合格供应商-需改善', 8, 0),
('SE-20250331-013', 13, '佛山南海薄膜科技', '2025-Q1', '2025-01-01', '2025-03-31', 84.0, 80.0, 82.0, 82.0, 82.2, 97.00, 92.00, 5, 2, 'B', 2, '李品质', '2025-04-08 11:00:00', NULL, NULL, 'Q1评估-合格供应商', 8, 0),
('SE-20250331-014', 14, '深圳光华油墨', '2025-Q1', '2025-01-01', '2025-03-31', 70.0, 65.0, 88.0, 72.0, 72.8, 92.50, 80.00, 3, 5, 'C', 2, '李品质', '2025-04-09 09:00:00', NULL, NULL, 'Q1评估-待改善供应商-质量问题多', 8, 0),
('SE-20250331-015', 15, '中山德胜不干胶', '2025-Q1', '2025-01-01', '2025-03-31', 86.0, 82.0, 80.0, 86.0, 83.8, 98.00, 93.50, 7, 2, 'B', 2, '李品质', '2025-04-09 10:00:00', NULL, NULL, 'Q1评估-合格供应商', 8, 0),
('SE-20250331-016', 16, '惠州鑫源化工', '2025-Q1', '2025-01-01', '2025-03-31', 74.0, 70.0, 92.0, 76.0, 76.6, 94.00, 86.00, 4, 3, 'B', 1, NULL, NULL, NULL, NULL, 'Q1评估-待评估', 8, 0),
('SE-20250331-017', 17, '东莞大朗丝印材料', '2025-Q1', '2025-01-01', '2025-03-31', 78.0, 74.0, 84.0, 76.0, 78.0, 95.50, 88.00, 3, 2, 'B', 1, NULL, NULL, NULL, NULL, 'Q1评估-待评估', 8, 0),
('SE-20250331-018', 18, '广州白云标签材料', '2025-Q1', '2025-01-01', '2025-03-31', 68.0, 62.0, 86.0, 70.0, 70.6, 91.00, 78.50, 2, 6, 'C', 1, NULL, NULL, NULL, NULL, 'Q1评估-待评估-质量问题严重', 8, 0),
('SE-20250331-019', 19, '佛山顺德印刷科技', '2025-Q1', '2025-01-01', '2025-03-31', 80.0, 76.0, 82.0, 80.0, 79.8, 96.00, 90.00, 4, 3, 'B', 1, NULL, NULL, NULL, NULL, 'Q1评估-待评估', 8, 0),
('SE-20250331-020', 20, '深圳宝安包装材料', '2025-Q1', '2025-01-01', '2025-03-31', 65.0, 58.0, 90.0, 68.0, 69.2, 90.00, 75.00, 3, 8, 'D', 1, NULL, NULL, NULL, NULL, 'Q1评估-待评估-建议淘汰', 8, 0);


-- -----------------------------------------------------------
-- 16. 供应商评估明细 (srm_supplier_eval_item) - 60条
-- 每个评估3条明细: 质量/交期/服务
-- -----------------------------------------------------------
INSERT IGNORE INTO srm_supplier_eval_item (eval_id, category, item_name, weight, score, actual_value, target_value, remark, sort_order) VALUES
(1, '质量', '来料合格率', 0.40, 88.0, '98.50%', '≥98%', '来料合格率达标', 1),
(1, '交期', '按时交货率', 0.30, 85.0, '95.20%', '≥95%', '按时交货率达标', 2),
(1, '服务', '售后响应速度', 0.30, 90.0, '2小时', '≤4小时', '响应速度快', 3),
(2, '质量', '来料合格率', 0.40, 85.0, '97.20%', '≥98%', '来料合格率略低', 1),
(2, '交期', '按时交货率', 0.30, 82.0, '93.50%', '≥95%', '按时交货率需提升', 2),
(2, '服务', '售后响应速度', 0.30, 86.0, '3小时', '≤4小时', '响应速度良好', 3),
(3, '质量', '来料合格率', 0.40, 92.0, '99.10%', '≥98%', '来料合格率优秀', 1),
(3, '交期', '按时交货率', 0.30, 88.0, '96.80%', '≥95%', '按时交货率优秀', 2),
(3, '服务', '售后响应速度', 0.30, 85.0, '3小时', '≤4小时', '响应速度良好', 3),
(4, '质量', '来料合格率', 0.40, 78.0, '95.80%', '≥98%', '来料合格率不达标', 1),
(4, '交期', '按时交货率', 0.30, 75.0, '88.50%', '≥95%', '按时交货率不达标', 2),
(4, '服务', '售后响应速度', 0.30, 80.0, '4小时', '≤4小时', '响应速度一般', 3),
(5, '质量', '来料合格率', 0.40, 80.0, '96.50%', '≥98%', '来料合格率需提升', 1),
(5, '交期', '按时交货率', 0.30, 78.0, '90.20%', '≥95%', '按时交货率需提升', 2),
(5, '服务', '售后响应速度', 0.30, 82.0, '3.5小时', '≤4小时', '响应速度良好', 3),
(6, '质量', '来料合格率', 0.40, 90.0, '99.00%', '≥98%', '来料合格率优秀', 1),
(6, '交期', '按时交货率', 0.30, 92.0, '97.50%', '≥95%', '按时交货率优秀', 2),
(6, '服务', '售后响应速度', 0.30, 88.0, '2.5小时', '≤4小时', '响应速度快', 3),
(7, '质量', '来料合格率', 0.40, 86.0, '97.80%', '≥98%', '来料合格率接近达标', 1),
(7, '交期', '按时交货率', 0.30, 84.0, '94.00%', '≥95%', '按时交货率需提升', 2),
(7, '服务', '售后响应速度', 0.30, 88.0, '2.5小时', '≤4小时', '响应速度快', 3),
(8, '质量', '来料合格率', 0.40, 75.0, '94.20%', '≥98%', '来料合格率不达标', 1),
(8, '交期', '按时交货率', 0.30, 70.0, '85.30%', '≥95%', '按时交货率严重不达标', 2),
(8, '服务', '售后响应速度', 0.30, 76.0, '5小时', '≤4小时', '响应速度慢', 3),
(9, '质量', '来料合格率', 0.40, 82.0, '96.80%', '≥98%', '来料合格率需提升', 1),
(9, '交期', '按时交货率', 0.30, 80.0, '91.50%', '≥95%', '按时交货率需提升', 2),
(9, '服务', '售后响应速度', 0.30, 78.0, '4.5小时', '≤4小时', '响应速度偏慢', 3),
(10, '质量', '来料合格率', 0.40, 88.0, '98.50%', '≥98%', '来料合格率达标', 1),
(10, '交期', '按时交货率', 0.30, 86.0, '95.00%', '≥95%', '按时交货率达标', 2),
(10, '服务', '售后响应速度', 0.30, 84.0, '3小时', '≤4小时', '响应速度良好', 3),
(11, '质量', '来料合格率', 0.40, 72.0, '93.50%', '≥98%', '来料合格率严重不达标', 1),
(11, '交期', '按时交货率', 0.30, 68.0, '82.00%', '≥95%', '按时交货率严重不达标', 2),
(11, '服务', '售后响应速度', 0.30, 74.0, '6小时', '≤4小时', '响应速度很慢', 3),
(12, '质量', '来料合格率', 0.40, 76.0, '95.00%', '≥98%', '来料合格率不达标', 1),
(12, '交期', '按时交货率', 0.30, 72.0, '87.50%', '≥95%', '按时交货率不达标', 2),
(12, '服务', '售后响应速度', 0.30, 78.0, '4.5小时', '≤4小时', '响应速度偏慢', 3),
(13, '质量', '来料合格率', 0.40, 84.0, '97.00%', '≥98%', '来料合格率接近达标', 1),
(13, '交期', '按时交货率', 0.30, 80.0, '92.00%', '≥95%', '按时交货率需提升', 2),
(13, '服务', '售后响应速度', 0.30, 82.0, '3.5小时', '≤4小时', '响应速度良好', 3),
(14, '质量', '来料合格率', 0.40, 70.0, '92.50%', '≥98%', '来料合格率严重不达标', 1),
(14, '交期', '按时交货率', 0.30, 65.0, '80.00%', '≥95%', '按时交货率严重不达标', 2),
(14, '服务', '售后响应速度', 0.30, 72.0, '6小时', '≤4小时', '响应速度很慢', 3),
(15, '质量', '来料合格率', 0.40, 86.0, '98.00%', '≥98%', '来料合格率达标', 1),
(15, '交期', '按时交货率', 0.30, 82.0, '93.50%', '≥95%', '按时交货率需提升', 2),
(15, '服务', '售后响应速度', 0.30, 86.0, '3小时', '≤4小时', '响应速度良好', 3),
(16, '质量', '来料合格率', 0.40, 74.0, '94.00%', '≥98%', '来料合格率不达标', 1),
(16, '交期', '按时交货率', 0.30, 70.0, '86.00%', '≥95%', '按时交货率不达标', 2),
(16, '服务', '售后响应速度', 0.30, 76.0, '5小时', '≤4小时', '响应速度慢', 3),
(17, '质量', '来料合格率', 0.40, 78.0, '95.50%', '≥98%', '来料合格率需提升', 1),
(17, '交期', '按时交货率', 0.30, 74.0, '88.00%', '≥95%', '按时交货率不达标', 2),
(17, '服务', '售后响应速度', 0.30, 76.0, '5小时', '≤4小时', '响应速度慢', 3),
(18, '质量', '来料合格率', 0.40, 68.0, '91.00%', '≥98%', '来料合格率严重不达标', 1),
(18, '交期', '按时交货率', 0.30, 62.0, '78.50%', '≥95%', '按时交货率严重不达标', 2),
(18, '服务', '售后响应速度', 0.30, 70.0, '7小时', '≤4小时', '响应速度很慢', 3),
(19, '质量', '来料合格率', 0.40, 80.0, '96.00%', '≥98%', '来料合格率需提升', 1),
(19, '交期', '按时交货率', 0.30, 76.0, '90.00%', '≥95%', '按时交货率需提升', 2),
(19, '服务', '售后响应速度', 0.30, 80.0, '4小时', '≤4小时', '响应速度一般', 3),
(20, '质量', '来料合格率', 0.40, 65.0, '90.00%', '≥98%', '来料合格率严重不达标', 1),
(20, '交期', '按时交货率', 0.30, 58.0, '75.00%', '≥95%', '按时交货率严重不达标', 2),
(20, '服务', '售后响应速度', 0.30, 68.0, '8小时', '≤4小时', '响应速度极慢', 3);

-- ============================================================
-- 数据统计汇总
-- ============================================================
-- sal_order:        20条 (SO-20250401-001 ~ SO-20250508-020)
-- sal_order_detail: 50条 (订单1-10各3条, 订单11-20各2条)
-- sal_order_item:   25条 (设计费/打样费/版费/运费等辅助项目)
-- sal_delivery_order:      20条 (DO-20250410-001 ~ DO-20250518-020)
-- sal_delivery_order_item: 50条 (与订单明细对应)
-- sal_reconciliation:      20条 (RC-20250430-001 ~ RC-20250531-020)
-- sal_reconciliation_detail: 40条 (发货+收款/折扣明细)
-- sal_return_order:      20条 (SRO-20250415-001 ~ SRO-20250512-020)
-- sal_return_order_item: 20条 (退货明细)
-- sal_sample_order:      20条 (SAM-20250401-001 ~ SAM-20250508-020)
-- pur_request:      20条 (PR-20250401-001 ~ PR-20250502-020)
-- pur_request_item: 40条 (每申请2条明细)
-- pur_order:        20条 (PO-20250402-001 ~ PO-20250502-020)
-- pur_order_detail: 50条 (每订单2-3条明细)
-- srm_supplier_eval:      20条 (SE-20250331-001 ~ SE-20250331-020)
-- srm_supplier_eval_item: 60条 (每评估3条: 质量/交期/服务)
-- ============================================================

SET FOREIGN_KEY_CHECKS=1;
