SET FOREIGN_KEY_CHECKS=0;
SET NAMES utf8mb4;

-- ============================================================
-- DCPrint印前管理 / 质量管理 / 设备管理 模块种子数据 - Part 4
-- 生成日期: 2025-05-12
-- 业务链路:
--   印前: 刀模→使用日志→维护; 油墨→开罐→使用→调配;
--         基础油墨→配方→配方明细→派工→派工明细;
--         网版→历史; 标准卡; 刀模模板
--   质量: 来料检验→检验明细; 过程检验; 终检; 检验;
--         不合格→处理; 客诉; 实验室测试; SGS认证→认证明细; 供应商审核
--   设备: 设备→校准→维护计划→维护记录→维修→报废
-- 依赖基础数据:
--   仓库(20个): 7=网版存放仓, 8=刀模存放仓, 9=UV油墨仓, 10=溶剂油墨仓,
--              11=危化品主仓, 12=危化品副仓
--   物料(30个), 供应商(20个), 客户(20个), 用户(10个), 部门(10个)
--   供应商: 3=深圳精诚油墨化工, 4=广州永盛化工, 6=上海紫江特种油墨,
--          10=深圳特种油墨, 14=珠海德信精密模具, 15=深圳博远印刷设备
--   用户: 1=admin, 2=张伟, 3=李娜, 4=王强, 5=刘洋,
--        6=陈明, 7=赵磊, 8=孙丽, 9=周杰, 10=吴芳
-- ============================================================


-- ============================================================
-- 一、DCPrint 印前管理模块
-- ============================================================

-- -----------------------------------------------------------
-- 1. prd_die 刀模 (20条)
-- die_type: 1=圆刀, 2=平刀, 3=模切刀, 4=烫金模, 5=压纹模
-- warehouse_id=8(刀模存放仓)
-- -----------------------------------------------------------
INSERT IGNORE INTO prd_die
(die_code, die_name, die_type, size_spec, customer_id, product_name, max_use_count, used_count, remaining_count, maintenance_days, last_maintenance_date, next_maintenance_date, warehouse_id, location_id, status, remark, create_time, update_time, deleted)
VALUES
('DIE-20250512-001', '圆刀模-电池标贴', 1, '300mm×200mm', 1, '锂电池标贴', 100000, 35000, 65000, 180, '2025-04-01', '2025-09-28', 8, 1, 1, '美的项目常用圆刀模', '2025-04-01 08:00:00', '2025-04-01 08:00:00', 0),
('DIE-20250512-002', '平刀模-空调面板', 2, '450mm×350mm', 1, '空调面板标签', 80000, 42000, 38000, 180, '2025-03-15', '2025-09-11', 8, 1, 1, '美的空调面板专用平刀模', '2025-04-01 08:10:00', '2025-04-01 08:10:00', 0),
('DIE-20250512-003', '模切刀-手机后盖', 3, '180mm×90mm', 3, '手机后盖标签', 120000, 68000, 52000, 180, '2025-04-05', '2025-10-02', 8, 2, 1, '华为手机后盖精密模切刀', '2025-04-02 09:00:00', '2025-04-02 09:00:00', 0),
('DIE-20250512-004', '圆刀模-洗衣机面板', 1, '380mm×280mm', 2, '洗衣机面板标签', 90000, 25000, 65000, 180, '2025-04-10', '2025-10-07', 8, 2, 1, '格力洗衣机面板圆刀模', '2025-04-03 10:00:00', '2025-04-03 10:00:00', 0),
('DIE-20250512-005', '烫金模-高端酒标', 4, '200mm×150mm', 4, '高端酒类标签', 60000, 15000, 45000, 90, '2025-04-08', '2025-07-07', 8, 3, 1, '比亚迪定制烫金模', '2025-04-04 08:30:00', '2025-04-04 08:30:00', 0),
('DIE-20250512-006', '压纹模-化妆品盒', 5, '250mm×200mm', 5, '化妆品包装盒', 50000, 8000, 42000, 120, '2025-04-12', '2025-08-10', 8, 3, 1, 'TCL化妆品包装压纹模', '2025-04-05 09:00:00', '2025-04-05 09:00:00', 0),
('DIE-20250512-007', '模切刀-电子标签', 3, '120mm×60mm', 6, '电子标签', 150000, 95000, 55000, 180, '2025-03-20', '2025-09-16', 8, 4, 1, '中兴电子标签高速模切刀', '2025-04-06 08:00:00', '2025-04-06 08:00:00', 0),
('DIE-20250512-008', '圆刀模-汽车内饰', 1, '500mm×400mm', 7, '汽车内饰标签', 70000, 38000, 32000, 180, '2025-04-15', '2025-10-12', 8, 4, 1, '广汽汽车内饰大尺寸圆刀模', '2025-04-07 10:00:00', '2025-04-07 10:00:00', 0),
('DIE-20250512-009', '平刀模-热收缩膜', 2, '600mm×500mm', 8, '热收缩膜', 80000, 55000, 25000, 180, '2025-02-28', '2025-08-27', 8, 5, 1, '海信热收缩膜平刀模-即将维护', '2025-04-08 08:30:00', '2025-04-08 08:30:00', 0),
('DIE-20250512-010', '模切刀-物流标签', 3, '100mm×50mm', 9, '物流标签', 200000, 120000, 80000, 180, '2025-04-18', '2025-10-15', 8, 5, 1, '小米物流标签高产量模切刀', '2025-04-09 09:00:00', '2025-04-09 09:00:00', 0),
('DIE-20250512-011', '圆刀模-药品标签', 1, '150mm×80mm', 10, '药品标签', 110000, 45000, 65000, 90, '2025-04-20', '2025-07-19', 8, 6, 1, 'OPPO药品标签圆刀模', '2025-04-10 08:00:00', '2025-04-10 08:00:00', 0),
('DIE-20250512-012', '烫金模-烟包', 4, '300mm×250mm', 11, '烟包标签', 50000, 22000, 28000, 90, '2025-04-22', '2025-07-21', 8, 6, 1, '长虹烟包烫金模', '2025-04-11 09:30:00', '2025-04-11 09:30:00', 0),
('DIE-20250512-013', '平刀模-日化标签', 2, '280mm×180mm', 12, '日化标签', 85000, 30000, 55000, 180, '2025-04-25', '2025-10-22', 8, 7, 1, '创维日化标签平刀模', '2025-04-12 08:00:00', '2025-04-12 08:00:00', 0),
('DIE-20250512-014', '模切刀-不干胶', 3, '200mm×120mm', 13, '不干胶标签', 130000, 78000, 52000, 180, '2025-04-02', '2025-09-29', 8, 7, 1, '联想不干胶标签模切刀', '2025-04-13 10:00:00', '2025-04-13 10:00:00', 0),
('DIE-20250512-015', '压纹模-礼品盒', 5, '350mm×300mm', 14, '礼品包装盒', 40000, 5000, 35000, 120, '2025-04-28', '2025-08-26', 8, 8, 1, '海尔礼品盒压纹模', '2025-04-14 08:30:00', '2025-04-14 08:30:00', 0),
('DIE-20250512-016', '圆刀模-食品标签', 1, '220mm×150mm', 15, '食品标签', 95000, 60000, 35000, 180, '2025-03-10', '2025-09-06', 8, 8, 1, '方太食品标签圆刀模-需关注剩余次数', '2025-04-15 09:00:00', '2025-04-15 09:00:00', 0),
('DIE-20250512-017', '模切刀-电池标签', 3, '160mm×70mm', 16, '电池标签', 140000, 88000, 52000, 180, '2025-04-08', '2025-10-05', 8, 9, 1, '志高电池标签模切刀', '2025-04-16 08:00:00', '2025-04-16 08:00:00', 0),
('DIE-20250512-018', '平刀模-酒标', 2, '250mm×200mm', 17, '酒类标签', 75000, 18000, 57000, 180, '2025-05-01', '2025-10-28', 8, 9, 1, '奥克斯酒标平刀模', '2025-04-17 10:00:00', '2025-04-17 10:00:00', 0),
('DIE-20250512-019', '烫金模-贺卡', 4, '180mm×130mm', 18, '贺卡烫金', 45000, 10000, 35000, 90, '2025-05-03', '2025-08-01', 8, 10, 1, '康佳贺卡烫金模', '2025-04-18 08:30:00', '2025-04-18 08:30:00', 0),
('DIE-20250512-020', '圆刀模-饮料标', 1, '320mm×220mm', 19, '饮料标签', 105000, 72000, 33000, 180, '2025-03-25', '2025-09-21', 8, 10, 1, '熊猫饮料标签圆刀模-剩余次数偏低', '2025-04-19 09:00:00', '2025-04-19 09:00:00', 0);


-- -----------------------------------------------------------
-- 2. prd_ink 油墨 (20条)
-- ink_type: 1=UV油墨, 2=溶剂油墨, 3=水性油墨
-- -----------------------------------------------------------
INSERT IGNORE INTO prd_ink
(ink_code, ink_name, ink_type, color_name, color_code, brand, supplier_id, unit, specification, stock_qty, safety_stock, shelf_life, status, remark, create_time, update_time, deleted)
VALUES
('INK-20250512-001', 'UV油墨-黑色', 1, '黑色', '#000000', '精诚', 3, 'kg', 'UV固化型 粘度25-30s', 85.5000, 20.0000, 180, 1, 'UV黑色油墨-主力产品用', '2025-04-01 08:00:00', '2025-04-01 08:00:00', 0),
('INK-20250512-002', 'UV油墨-白色', 1, '白色', '#FFFFFF', '精诚', 3, 'kg', 'UV固化型 粘度20-25s', 62.3000, 15.0000, 180, 1, 'UV白色油墨-底色专用', '2025-04-01 08:10:00', '2025-04-01 08:10:00', 0),
('INK-20250512-003', 'UV油墨-红色', 1, '红色', '#E60012', '紫江', 6, 'kg', 'UV固化型 粘度22-28s', 35.8000, 10.0000, 180, 1, 'UV红色油墨-华为项目专用', '2025-04-02 09:00:00', '2025-04-02 09:00:00', 0),
('INK-20250512-004', 'UV油墨-蓝色', 1, '蓝色', '#0047AB', '紫江', 6, 'kg', 'UV固化型 粘度22-28s', 28.6000, 10.0000, 180, 1, 'UV蓝色油墨-电子标签用', '2025-04-02 09:10:00', '2025-04-02 09:10:00', 0),
('INK-20250512-005', 'UV油墨-黄色', 1, '黄色', '#FFD700', '精诚', 3, 'kg', 'UV固化型 粘度20-26s', 22.4000, 8.0000, 180, 1, 'UV黄色油墨-CMYK四色', '2025-04-03 08:00:00', '2025-04-03 08:00:00', 0),
('INK-20250512-006', '溶剂油墨-黑色', 2, '黑色', '#000000', '永盛', 4, 'kg', '溶剂型 粘度30-35s', 55.2000, 15.0000, 120, 1, '溶剂黑色油墨-格力项目', '2025-04-03 08:10:00', '2025-04-03 08:10:00', 0),
('INK-20250512-007', '溶剂油墨-白色', 2, '白色', '#FFFFFF', '永盛', 4, 'kg', '溶剂型 粘度25-30s', 40.1000, 12.0000, 120, 1, '溶剂白色油墨-通用底色', '2025-04-04 09:00:00', '2025-04-04 09:00:00', 0),
('INK-20250512-008', '溶剂油墨-金色', 2, '金色', '#CFB53B', '特种', 10, 'kg', '溶剂型金属油墨 粘度28-33s', 15.8000, 5.0000, 90, 1, '溶剂金色油墨-烫金替代', '2025-04-04 09:10:00', '2025-04-04 09:10:00', 0),
('INK-20250512-009', '溶剂油墨-银色', 2, '银色', '#C0C0C0', '特种', 10, 'kg', '溶剂型金属油墨 粘度28-33s', 12.5000, 5.0000, 90, 1, '溶剂银色油墨-烫银替代', '2025-04-05 08:00:00', '2025-04-05 08:00:00', 0),
('INK-20250512-010', '水性油墨-黑色', 3, '黑色', '#1A1A1A', '精诚', 3, 'kg', '水性环保型 粘度18-22s', 30.6000, 10.0000, 150, 1, '水性黑色油墨-食品级', '2025-04-05 08:10:00', '2025-04-05 08:10:00', 0),
('INK-20250512-011', '水性油墨-红色', 3, '红色', '#CC0000', '紫江', 6, 'kg', '水性环保型 粘度18-22s', 18.2000, 8.0000, 150, 1, '水性红色油墨-食品包装', '2025-04-06 09:00:00', '2025-04-06 09:00:00', 0),
('INK-20250512-012', 'UV油墨-专色红', 1, 'Pantone 185C', '#EF3340', '精诚', 3, 'kg', 'UV专色 粘度24-28s', 8.5000, 3.0000, 180, 1, 'UV专色红-美的品牌色', '2025-04-06 09:10:00', '2025-04-06 09:10:00', 0),
('INK-20250512-013', 'UV油墨-专色蓝', 1, 'Pantone 2945C', '#003DA5', '紫江', 6, 'kg', 'UV专色 粘度24-28s', 6.8000, 3.0000, 180, 1, 'UV专色蓝-华为品牌色', '2025-04-07 08:00:00', '2025-04-07 08:00:00', 0),
('INK-20250512-014', 'UV光油-高光', 1, '透明', '#CLEAR', '精诚', 3, 'kg', 'UV光油 固含量≥95%', 45.2000, 10.0000, 180, 1, 'UV高光油-表面保护', '2025-04-07 08:10:00', '2025-04-07 08:10:00', 0),
('INK-20250512-015', 'UV光油-哑光', 1, '透明哑光', '#MATTE', '精诚', 3, 'kg', 'UV哑光油 固含量≥93%', 32.1000, 8.0000, 180, 1, 'UV哑光油-防眩目', '2025-04-08 09:00:00', '2025-04-08 09:00:00', 0),
('INK-20250512-016', '溶剂油墨-绿色', 2, '绿色', '#00A651', '永盛', 4, 'kg', '溶剂型 粘度25-30s', 20.3000, 8.0000, 120, 1, '溶剂绿色油墨-环保标识', '2025-04-08 09:10:00', '2025-04-08 09:10:00', 0),
('INK-20250512-017', 'UV油墨-紫色', 1, '紫色', '#6B3FA0', '特种', 10, 'kg', 'UV固化型 粘度22-27s', 5.2000, 3.0000, 180, 1, 'UV紫色油墨-特殊订单', '2025-04-09 08:00:00', '2025-04-09 08:00:00', 0),
('INK-20250512-018', '水性油墨-蓝色', 3, '蓝色', '#0055A4', '精诚', 3, 'kg', '水性环保型 粘度18-22s', 14.8000, 5.0000, 150, 1, '水性蓝色油墨-儿童产品', '2025-04-09 08:10:00', '2025-04-09 08:10:00', 0),
('INK-20250512-019', 'UV油墨-橙色', 1, '橙色', '#FF6600', '紫江', 6, 'kg', 'UV固化型 粘度22-28s', 7.6000, 3.0000, 180, 1, 'UV橙色油墨-警告标识', '2025-04-10 09:00:00', '2025-04-10 09:00:00', 0),
('INK-20250512-020', '溶剂油墨-棕色', 2, '棕色', '#6B3A2A', '永盛', 4, 'kg', '溶剂型 粘度28-33s', 9.8000, 4.0000, 120, 1, '溶剂棕色油墨-咖啡包装', '2025-04-10 09:10:00', '2025-04-10 09:10:00', 0);


-- -----------------------------------------------------------
-- 3. base_ink 基础油墨 (20条)
-- -----------------------------------------------------------
INSERT IGNORE INTO base_ink
(ink_code, ink_name, color_code, color_name, ink_type, supplier_id, supplier_name, specification, unit, unit_price, stock_qty, min_stock, status, remark, create_time, update_time, create_by, deleted)
VALUES
('BI-20250512-001', '基础油墨-品红', '#FF00FF', '品红', 'UV', 3, '深圳精诚油墨化工', 'UV固化型品红基墨 固含≥60%', 'kg', 185.0000, 50.0000, 10.0000, 1, 'CMYK四色基墨-品红', '2025-04-01 08:00:00', '2025-04-01 08:00:00', 2, 0),
('BI-20250512-002', '基础油墨-青色', '#00FFFF', '青色', 'UV', 3, '深圳精诚油墨化工', 'UV固化型青色基墨 固含≥60%', 'kg', 185.0000, 45.0000, 10.0000, 1, 'CMYK四色基墨-青', '2025-04-01 08:10:00', '2025-04-01 08:10:00', 2, 0),
('BI-20250512-003', '基础油墨-黄色', '#FFFF00', '黄色', 'UV', 3, '深圳精诚油墨化工', 'UV固化型黄色基墨 固含≥60%', 'kg', 190.0000, 38.0000, 8.0000, 1, 'CMYK四色基墨-黄', '2025-04-02 09:00:00', '2025-04-02 09:00:00', 2, 0),
('BI-20250512-004', '基础油墨-黑色', '#000000', '黑色', 'UV', 3, '深圳精诚油墨化工', 'UV固化型黑色基墨 固含≥65%', 'kg', 175.0000, 60.0000, 15.0000, 1, 'CMYK四色基墨-黑', '2025-04-02 09:10:00', '2025-04-02 09:10:00', 2, 0),
('BI-20250512-005', '基础油墨-白色', '#FFFFFF', '白色', 'UV', 6, '上海紫江特种油墨', 'UV固化型白色基墨 固含≥55%', 'kg', 210.0000, 42.0000, 10.0000, 1, 'UV白墨基墨-遮盖力强', '2025-04-03 08:00:00', '2025-04-03 08:00:00', 3, 0),
('BI-20250512-006', '基础油墨-透明', '#CLEAR', '透明', 'UV', 6, '上海紫江特种油墨', 'UV固化型透明基墨 固含≥50%', 'kg', 165.0000, 35.0000, 8.0000, 1, 'UV透明基墨-冲淡用', '2025-04-03 08:10:00', '2025-04-03 08:10:00', 3, 0),
('BI-20250512-007', '基础油墨-品红', '#FF00FF', '品红', 'solvent', 4, '广州永盛化工', '溶剂型品红基墨 固含≥45%', 'kg', 145.0000, 30.0000, 8.0000, 1, '溶剂品红基墨', '2025-04-04 09:00:00', '2025-04-04 09:00:00', 4, 0),
('BI-20250512-008', '基础油墨-青色', '#00FFFF', '青色', 'solvent', 4, '广州永盛化工', '溶剂型青色基墨 固含≥45%', 'kg', 145.0000, 28.0000, 8.0000, 1, '溶剂青色基墨', '2025-04-04 09:10:00', '2025-04-04 09:10:00', 4, 0),
('BI-20250512-009', '基础油墨-黄色', '#FFFF00', '黄色', 'solvent', 4, '广州永盛化工', '溶剂型黄色基墨 固含≥45%', 'kg', 150.0000, 25.0000, 8.0000, 1, '溶剂黄色基墨', '2025-04-05 08:00:00', '2025-04-05 08:00:00', 4, 0),
('BI-20250512-010', '基础油墨-黑色', '#000000', '黑色', 'solvent', 4, '广州永盛化工', '溶剂型黑色基墨 固含≥50%', 'kg', 135.0000, 40.0000, 10.0000, 1, '溶剂黑色基墨-高浓度', '2025-04-05 08:10:00', '2025-04-05 08:10:00', 4, 0),
('BI-20250512-011', '基础油墨-红色', '#E60012', '红色', 'UV', 10, '深圳特种油墨', 'UV固化型红色基墨 固含≥58%', 'kg', 220.0000, 18.0000, 5.0000, 1, 'UV红色基墨-高饱和度', '2025-04-06 09:00:00', '2025-04-06 09:00:00', 5, 0),
('BI-20250512-012', '基础油墨-蓝色', '#0047AB', '蓝色', 'UV', 10, '深圳特种油墨', 'UV固化型蓝色基墨 固含≥58%', 'kg', 220.0000, 16.0000, 5.0000, 1, 'UV蓝色基墨-深蓝', '2025-04-06 09:10:00', '2025-04-06 09:10:00', 5, 0),
('BI-20250512-013', '基础油墨-橙色', '#FF6600', '橙色', 'UV', 10, '深圳特种油墨', 'UV固化型橙色基墨 固含≥55%', 'kg', 230.0000, 12.0000, 4.0000, 1, 'UV橙色基墨', '2025-04-07 08:00:00', '2025-04-07 08:00:00', 5, 0),
('BI-20250512-014', '基础油墨-绿色', '#00A651', '绿色', 'UV', 3, '深圳精诚油墨化工', 'UV固化型绿色基墨 固含≥55%', 'kg', 215.0000, 14.0000, 4.0000, 1, 'UV绿色基墨', '2025-04-07 08:10:00', '2025-04-07 08:10:00', 2, 0),
('BI-20250512-015', '基础油墨-紫色', '#6B3FA0', '紫色', 'UV', 6, '上海紫江特种油墨', 'UV固化型紫色基墨 固含≥55%', 'kg', 240.0000, 8.0000, 3.0000, 1, 'UV紫色基墨-低库存', '2025-04-08 09:00:00', '2025-04-08 09:00:00', 3, 0),
('BI-20250512-016', '基础油墨-白色', '#FFFFFF', '白色', 'solvent', 4, '广州永盛化工', '溶剂型白色基墨 固含≥40%', 'kg', 175.0000, 22.0000, 6.0000, 1, '溶剂白色基墨', '2025-04-08 09:10:00', '2025-04-08 09:10:00', 4, 0),
('BI-20250512-017', '基础油墨-金色', '#CFB53B', '金色', 'solvent', 10, '深圳特种油墨', '溶剂型金色基墨 固含≥40%', 'kg', 320.0000, 10.0000, 3.0000, 1, '溶剂金色基墨-金属效果', '2025-04-09 08:00:00', '2025-04-09 08:00:00', 5, 0),
('BI-20250512-018', '基础油墨-银色', '#C0C0C0', '银色', 'solvent', 10, '深圳特种油墨', '溶剂型银色基墨 固含≥40%', 'kg', 310.0000, 8.0000, 3.0000, 1, '溶剂银色基墨-金属效果', '2025-04-09 08:10:00', '2025-04-09 08:10:00', 5, 0),
('BI-20250512-019', '基础油墨-棕色', '#6B3A2A', '棕色', 'solvent', 4, '广州永盛化工', '溶剂型棕色基墨 固含≥45%', 'kg', 155.0000, 12.0000, 4.0000, 1, '溶剂棕色基墨', '2025-04-10 09:00:00', '2025-04-10 09:00:00', 4, 0),
('BI-20250512-020', '基础油墨-冲淡剂', '#CLEAR', '透明', 'UV', 3, '深圳精诚油墨化工', 'UV固化型冲淡剂 固含≥30%', 'kg', 120.0000, 55.0000, 10.0000, 1, 'UV冲淡剂-调色专用', '2025-04-10 09:10:00', '2025-04-10 09:10:00', 2, 0);


-- -----------------------------------------------------------
-- 4. ink_formula 油墨配方 (20条)
-- -----------------------------------------------------------
INSERT IGNORE INTO ink_formula
(formula_no, formula_name, pantone_code, color_name, color_code, ink_type, base_ink_type, total_weight, unit, shelf_life_hours, status, remark, deleted, create_time, update_time)
VALUES
('IF-20250512-001', '美的品牌红配方', 'Pantone 185C', '美的红', '#EF3340', 'UV', 'UV', 5.000, 'kg', 168, 1, '美的空调面板标签专用红色', 0, '2025-04-01 08:00:00', '2025-04-01 08:00:00'),
('IF-20250512-002', '华为品牌蓝配方', 'Pantone 2945C', '华为蓝', '#003DA5', 'UV', 'UV', 4.000, 'kg', 168, 1, '华为手机标签专用蓝色', 0, '2025-04-02 09:00:00', '2025-04-02 09:00:00'),
('IF-20250512-003', '格力品牌灰配方', 'Pantone Cool Gray 6C', '格力灰', '#A7A9AC', 'solvent', 'solvent', 3.500, 'kg', 120, 1, '格力洗衣机面板标签灰色', 0, '2025-04-03 08:00:00', '2025-04-03 08:00:00'),
('IF-20250512-004', '比亚迪品牌绿配方', 'Pantone 356C', '比亚迪绿', '#007A33', 'UV', 'UV', 3.000, 'kg', 168, 1, '比亚迪新能源标签绿色', 0, '2025-04-04 09:00:00', '2025-04-04 09:00:00'),
('IF-20250512-005', 'TCL品牌橙配方', 'Pantone 165C', 'TCL橙', '#F37021', 'UV', 'UV', 4.500, 'kg', 168, 1, 'TCL家电标签橙色', 0, '2025-04-05 08:00:00', '2025-04-05 08:00:00'),
('IF-20250512-006', '中兴通讯蓝配方', 'Pantone 3005C', '中兴蓝', '#0072CE', 'UV', 'UV', 3.800, 'kg', 168, 1, '中兴5G设备标签蓝色', 0, '2025-04-06 09:00:00', '2025-04-06 09:00:00'),
('IF-20250512-007', '广汽品牌银配方', 'Pantone 877C', '广汽银', '#8A8D8F', 'solvent', 'solvent', 4.200, 'kg', 120, 1, '广汽汽车内饰标签银色', 0, '2025-04-07 08:00:00', '2025-04-07 08:00:00'),
('IF-20250512-008', '海信品牌金配方', 'Pantone 871C', '海信金', '#9B7E46', 'solvent', 'solvent', 3.200, 'kg', 120, 1, '海信空调标签金色', 0, '2025-04-08 09:00:00', '2025-04-08 09:00:00'),
('IF-20250512-009', '小米品牌橙配方', 'Pantone 151C', '小米橙', '#FF6900', 'UV', 'UV', 5.500, 'kg', 168, 1, '小米手机标签橙色', 0, '2025-04-09 08:00:00', '2025-04-09 08:00:00'),
('IF-20250512-010', 'OPPO品牌绿配方', 'Pantone 375C', 'OPPO绿', '#00A651', 'UV', 'UV', 4.000, 'kg', 168, 1, 'OPPO手机标签绿色', 0, '2025-04-10 09:00:00', '2025-04-10 09:00:00'),
('IF-20250512-011', '深咖啡色配方', 'Pantone 4625C', '咖啡棕', '#5C4033', 'solvent', 'solvent', 2.800, 'kg', 120, 1, '咖啡包装标签棕色', 0, '2025-04-11 08:00:00', '2025-04-11 08:00:00'),
('IF-20250512-012', '浅灰色配方', 'Pantone Cool Gray 3C', '浅灰', '#C8C9C7', 'UV', 'UV', 3.500, 'kg', 168, 1, '电子标签浅灰底色', 0, '2025-04-12 09:00:00', '2025-04-12 09:00:00'),
('IF-20250512-013', '深紫色配方', 'Pantone 2685C', '深紫', '#4A2060', 'UV', 'UV', 2.500, 'kg', 168, 1, '高端化妆品标签紫色', 0, '2025-04-13 08:00:00', '2025-04-13 08:00:00'),
('IF-20250512-014', '草绿色配方', 'Pantone 375C', '草绿', '#7AB648', 'solvent', 'solvent', 3.000, 'kg', 120, 1, '环保标识标签绿色', 0, '2025-04-14 09:00:00', '2025-04-14 09:00:00'),
('IF-20250512-015', '玫红色配方', 'Pantone 219C', '玫红', '#DA1884', 'UV', 'UV', 3.200, 'kg', 168, 1, '化妆品标签玫红色', 0, '2025-04-15 08:00:00', '2025-04-15 08:00:00'),
('IF-20250512-016', '天蓝色配方', 'Pantone 291C', '天蓝', '#7EC8E3', 'UV', 'UV', 4.000, 'kg', 168, 1, '日化标签天蓝色', 0, '2025-04-16 09:00:00', '2025-04-16 09:00:00'),
('IF-20250512-017', '军绿色配方', 'Pantone 5545C', '军绿', '#4B5320', 'solvent', 'solvent', 2.800, 'kg', 120, 1, '工业标签军绿色', 0, '2025-04-17 08:00:00', '2025-04-17 08:00:00'),
('IF-20250512-018', '珊瑚色配方', 'Pantone 16-1546C', '珊瑚', '#F88379', 'UV', 'UV', 3.500, 'kg', 168, 1, '食品标签珊瑚色', 0, '2025-04-18 09:00:00', '2025-04-18 09:00:00'),
('IF-20250512-019', '藏青色配方', 'Pantone 289C', '藏青', '#0C2340', 'solvent', 'solvent', 3.000, 'kg', 120, 1, '物流标签藏青色', 0, '2025-04-19 08:00:00', '2025-04-19 08:00:00'),
('IF-20250512-020', '米黄色配方', 'Pantone 4685C', '米黄', '#D4C5A9', 'UV', 'UV', 4.500, 'kg', 168, 1, '药品标签米黄色', 0, '2025-04-20 09:00:00', '2025-04-20 09:00:00');


-- -----------------------------------------------------------
-- 5. ink_formula_item 油墨配方明细 (40条)
-- 每个配方2条明细
-- -----------------------------------------------------------
INSERT IGNORE INTO ink_formula_item
(formula_id, sort_order, ink_id, ink_code, ink_name, ink_type, brand, ratio_percent, weight, unit, is_base, deleted, create_time)
VALUES
(1, 1, 11, 'BI-20250512-011', '基础油墨-红色', 'UV', '深圳特种油墨', 65.0000, 3.250, 'kg', 1, 0, '2025-04-01 08:05:00'),
(1, 2, 20, 'BI-20250512-020', '基础油墨-冲淡剂', 'UV', '深圳精诚油墨化工', 35.0000, 1.750, 'kg', 0, 0, '2025-04-01 08:05:00'),
(2, 1, 12, 'BI-20250512-012', '基础油墨-蓝色', 'UV', '深圳特种油墨', 70.0000, 2.800, 'kg', 1, 0, '2025-04-02 09:05:00'),
(2, 2, 6, 'BI-20250512-006', '基础油墨-透明', 'UV', '上海紫江特种油墨', 30.0000, 1.200, 'kg', 0, 0, '2025-04-02 09:05:00'),
(3, 1, 10, 'BI-20250512-010', '基础油墨-黑色', 'solvent', '广州永盛化工', 25.0000, 0.875, 'kg', 1, 0, '2025-04-03 08:05:00'),
(3, 2, 16, 'BI-20250512-016', '基础油墨-白色', 'solvent', '广州永盛化工', 75.0000, 2.625, 'kg', 0, 0, '2025-04-03 08:05:00'),
(4, 1, 14, 'BI-20250512-014', '基础油墨-绿色', 'UV', '深圳精诚油墨化工', 60.0000, 1.800, 'kg', 1, 0, '2025-04-04 09:05:00'),
(4, 2, 20, 'BI-20250512-020', '基础油墨-冲淡剂', 'UV', '深圳精诚油墨化工', 40.0000, 1.200, 'kg', 0, 0, '2025-04-04 09:05:00'),
(5, 1, 13, 'BI-20250512-013', '基础油墨-橙色', 'UV', '深圳特种油墨', 55.0000, 2.475, 'kg', 1, 0, '2025-04-05 08:05:00'),
(5, 2, 1, 'BI-20250512-001', '基础油墨-品红', 'UV', '深圳精诚油墨化工', 45.0000, 2.025, 'kg', 0, 0, '2025-04-05 08:05:00'),
(6, 1, 12, 'BI-20250512-012', '基础油墨-蓝色', 'UV', '深圳特种油墨', 65.0000, 2.470, 'kg', 1, 0, '2025-04-06 09:05:00'),
(6, 2, 6, 'BI-20250512-006', '基础油墨-透明', 'UV', '上海紫江特种油墨', 35.0000, 1.330, 'kg', 0, 0, '2025-04-06 09:05:00'),
(7, 1, 18, 'BI-20250512-018', '基础油墨-银色', 'solvent', '深圳特种油墨', 50.0000, 2.100, 'kg', 1, 0, '2025-04-07 08:05:00'),
(7, 2, 16, 'BI-20250512-016', '基础油墨-白色', 'solvent', '广州永盛化工', 50.0000, 2.100, 'kg', 0, 0, '2025-04-07 08:05:00'),
(8, 1, 17, 'BI-20250512-017', '基础油墨-金色', 'solvent', '深圳特种油墨', 45.0000, 1.440, 'kg', 1, 0, '2025-04-08 09:05:00'),
(8, 2, 9, 'BI-20250512-009', '基础油墨-黄色', 'solvent', '广州永盛化工', 55.0000, 1.760, 'kg', 0, 0, '2025-04-08 09:05:00'),
(9, 1, 13, 'BI-20250512-013', '基础油墨-橙色', 'UV', '深圳特种油墨', 70.0000, 3.850, 'kg', 1, 0, '2025-04-09 08:05:00'),
(9, 2, 1, 'BI-20250512-001', '基础油墨-品红', 'UV', '深圳精诚油墨化工', 30.0000, 1.650, 'kg', 0, 0, '2025-04-09 08:05:00'),
(10, 1, 14, 'BI-20250512-014', '基础油墨-绿色', 'UV', '深圳精诚油墨化工', 55.0000, 2.200, 'kg', 1, 0, '2025-04-10 09:05:00'),
(10, 2, 3, 'BI-20250512-003', '基础油墨-黄色', 'UV', '深圳精诚油墨化工', 45.0000, 1.800, 'kg', 0, 0, '2025-04-10 09:05:00'),
(11, 1, 19, 'BI-20250512-019', '基础油墨-棕色', 'solvent', '广州永盛化工', 60.0000, 1.680, 'kg', 1, 0, '2025-04-11 08:05:00'),
(11, 2, 10, 'BI-20250512-010', '基础油墨-黑色', 'solvent', '广州永盛化工', 40.0000, 1.120, 'kg', 0, 0, '2025-04-11 08:05:00'),
(12, 1, 4, 'BI-20250512-004', '基础油墨-黑色', 'UV', '深圳精诚油墨化工', 15.0000, 0.525, 'kg', 1, 0, '2025-04-12 09:05:00'),
(12, 2, 5, 'BI-20250512-005', '基础油墨-白色', 'UV', '上海紫江特种油墨', 85.0000, 2.975, 'kg', 0, 0, '2025-04-12 09:05:00'),
(13, 1, 15, 'BI-20250512-015', '基础油墨-紫色', 'UV', '上海紫江特种油墨', 55.0000, 1.375, 'kg', 1, 0, '2025-04-13 08:05:00'),
(13, 2, 1, 'BI-20250512-001', '基础油墨-品红', 'UV', '深圳精诚油墨化工', 45.0000, 1.125, 'kg', 0, 0, '2025-04-13 08:05:00'),
(14, 1, 14, 'BI-20250512-014', '基础油墨-绿色', 'UV', '深圳精诚油墨化工', 40.0000, 1.200, 'kg', 1, 0, '2025-04-14 09:05:00'),
(14, 2, 3, 'BI-20250512-003', '基础油墨-黄色', 'UV', '深圳精诚油墨化工', 60.0000, 1.800, 'kg', 0, 0, '2025-04-14 09:05:00'),
(15, 1, 1, 'BI-20250512-001', '基础油墨-品红', 'UV', '深圳精诚油墨化工', 50.0000, 1.600, 'kg', 1, 0, '2025-04-15 08:05:00'),
(15, 2, 11, 'BI-20250512-011', '基础油墨-红色', 'UV', '深圳特种油墨', 50.0000, 1.600, 'kg', 0, 0, '2025-04-15 08:05:00'),
(16, 1, 2, 'BI-20250512-002', '基础油墨-青色', 'UV', '深圳精诚油墨化工', 30.0000, 1.200, 'kg', 1, 0, '2025-04-16 09:05:00'),
(16, 2, 5, 'BI-20250512-005', '基础油墨-白色', 'UV', '上海紫江特种油墨', 70.0000, 2.800, 'kg', 0, 0, '2025-04-16 09:05:00'),
(17, 1, 14, 'BI-20250512-014', '基础油墨-绿色', 'UV', '深圳精诚油墨化工', 35.0000, 0.980, 'kg', 1, 0, '2025-04-17 08:05:00'),
(17, 2, 10, 'BI-20250512-010', '基础油墨-黑色', 'solvent', '广州永盛化工', 65.0000, 1.820, 'kg', 0, 0, '2025-04-17 08:05:00'),
(18, 1, 1, 'BI-20250512-001', '基础油墨-品红', 'UV', '深圳精诚油墨化工', 45.0000, 1.575, 'kg', 1, 0, '2025-04-18 09:05:00'),
(18, 2, 13, 'BI-20250512-013', '基础油墨-橙色', 'UV', '深圳特种油墨', 55.0000, 1.925, 'kg', 0, 0, '2025-04-18 09:05:00'),
(19, 1, 10, 'BI-20250512-010', '基础油墨-黑色', 'solvent', '广州永盛化工', 55.0000, 1.650, 'kg', 1, 0, '2025-04-19 08:05:00'),
(19, 2, 8, 'BI-20250512-008', '基础油墨-青色', 'solvent', '广州永盛化工', 45.0000, 1.350, 'kg', 0, 0, '2025-04-19 08:05:00'),
(20, 1, 3, 'BI-20250512-003', '基础油墨-黄色', 'UV', '深圳精诚油墨化工', 25.0000, 1.125, 'kg', 1, 0, '2025-04-20 09:05:00'),
(20, 2, 5, 'BI-20250512-005', '基础油墨-白色', 'UV', '上海紫江特种油墨', 75.0000, 3.375, 'kg', 0, 0, '2025-04-20 09:05:00');


-- -----------------------------------------------------------
-- 6. ink_dispatch 油墨派工 (20条)
-- -----------------------------------------------------------
INSERT IGNORE INTO ink_dispatch
(dispatch_no, batch_no, workorder_id, workorder_no, formula_id, formula_no, color_name, color_code, pantone_code, total_weight, unit, tare_weight, net_weight, gross_weight, operator_id, operator_name, machine_id, machine_name, status, remark, deleted, create_time, update_time)
VALUES
('ID-20250512-001', 'B20250401001', 1, 'WO-20250401-001', 1, 'IF-20250512-001', '美的红', '#EF3340', 'Pantone 185C', 5.000, 'kg', 0.350, 5.000, 5.350, 2, '张伟', 1, '1号柔印机', 1, '美的空调面板标签-红色油墨派工', 0, '2025-04-01 09:00:00', '2025-04-01 09:00:00'),
('ID-20250512-002', 'B20250402001', 2, 'WO-20250402-002', 2, 'IF-20250512-002', '华为蓝', '#003DA5', 'Pantone 2945C', 4.000, 'kg', 0.300, 4.000, 4.300, 3, '李娜', 2, '2号柔印机', 1, '华为手机标签-蓝色油墨派工', 0, '2025-04-02 10:00:00', '2025-04-02 10:00:00'),
('ID-20250512-003', 'B20250403001', 3, 'WO-20250403-003', 3, 'IF-20250512-003', '格力灰', '#A7A9AC', 'Pantone Cool Gray 6C', 3.500, 'kg', 0.280, 3.500, 3.780, 4, '王强', 3, '3号凹印机', 1, '格力洗衣机标签-灰色油墨派工', 0, '2025-04-03 09:00:00', '2025-04-03 09:00:00'),
('ID-20250512-004', 'B20250405001', 4, 'WO-20250405-004', 4, 'IF-20250512-004', '比亚迪绿', '#007A33', 'Pantone 356C', 3.000, 'kg', 0.250, 3.000, 3.250, 5, '刘洋', 1, '1号柔印机', 1, '比亚迪新能源标签-绿色油墨派工', 0, '2025-04-05 08:00:00', '2025-04-05 08:00:00'),
('ID-20250512-005', 'B20250407001', 5, 'WO-20250407-005', 5, 'IF-20250512-005', 'TCL橙', '#F37021', 'Pantone 165C', 4.500, 'kg', 0.320, 4.500, 4.820, 2, '张伟', 4, '4号丝印机', 1, 'TCL家电标签-橙色油墨派工', 0, '2025-04-07 09:00:00', '2025-04-07 09:00:00'),
('ID-20250512-006', 'B20250408001', 6, 'WO-20250408-006', 6, 'IF-20250512-006', '中兴蓝', '#0072CE', 'Pantone 3005C', 3.800, 'kg', 0.300, 3.800, 4.100, 6, '陈明', 2, '2号柔印机', 1, '中兴5G标签-蓝色油墨派工', 0, '2025-04-08 10:00:00', '2025-04-08 10:00:00'),
('ID-20250512-007', 'B20250410001', 7, 'WO-20250410-007', 7, 'IF-20250512-007', '广汽银', '#8A8D8F', 'Pantone 877C', 4.200, 'kg', 0.350, 4.200, 4.550, 7, '赵磊', 3, '3号凹印机', 1, '广汽汽车标签-银色油墨派工', 0, '2025-04-10 08:00:00', '2025-04-10 08:00:00'),
('ID-20250512-008', 'B20250412001', 8, 'WO-20250412-008', 8, 'IF-20250512-008', '海信金', '#9B7E46', 'Pantone 871C', 3.200, 'kg', 0.280, 3.200, 3.480, 4, '王强', 5, '5号凹印机', 1, '海信空调标签-金色油墨派工', 0, '2025-04-12 09:00:00', '2025-04-12 09:00:00'),
('ID-20250512-009', 'B20250415001', 9, 'WO-20250415-009', 9, 'IF-20250512-009', '小米橙', '#FF6900', 'Pantone 151C', 5.500, 'kg', 0.380, 5.500, 5.880, 2, '张伟', 1, '1号柔印机', 1, '小米手机标签-橙色油墨派工', 0, '2025-04-15 08:00:00', '2025-04-15 08:00:00'),
('ID-20250512-010', 'B20250417001', 10, 'WO-20250417-010', 10, 'IF-20250512-010', 'OPPO绿', '#00A651', 'Pantone 375C', 4.000, 'kg', 0.300, 4.000, 4.300, 3, '李娜', 2, '2号柔印机', 1, 'OPPO手机标签-绿色油墨派工', 0, '2025-04-17 10:00:00', '2025-04-17 10:00:00'),
('ID-20250512-011', 'B20250418001', 11, 'WO-20250418-011', 11, 'IF-20250512-011', '咖啡棕', '#5C4033', 'Pantone 4625C', 2.800, 'kg', 0.250, 2.800, 3.050, 5, '刘洋', 3, '3号凹印机', 1, '咖啡包装标签-棕色油墨派工', 0, '2025-04-18 09:00:00', '2025-04-18 09:00:00'),
('ID-20250512-012', 'B20250420001', 12, 'WO-20250420-012', 12, 'IF-20250512-012', '浅灰', '#C8C9C7', 'Pantone Cool Gray 3C', 3.500, 'kg', 0.280, 3.500, 3.780, 6, '陈明', 4, '4号丝印机', 1, '电子标签-浅灰底色油墨派工', 0, '2025-04-20 08:00:00', '2025-04-20 08:00:00'),
('ID-20250512-013', 'B20250422001', 13, 'WO-20250422-013', 13, 'IF-20250512-013', '深紫', '#4A2060', 'Pantone 2685C', 2.500, 'kg', 0.220, 2.500, 2.720, 7, '赵磊', 4, '4号丝印机', 1, '化妆品标签-紫色油墨派工', 0, '2025-04-22 09:00:00', '2025-04-22 09:00:00'),
('ID-20250512-014', 'B20250424001', 14, 'WO-20250424-014', 14, 'IF-20250512-014', '草绿', '#7AB648', 'Pantone 375C', 3.000, 'kg', 0.250, 3.000, 3.250, 2, '张伟', 1, '1号柔印机', 1, '环保标识标签-绿色油墨派工', 0, '2025-04-24 08:00:00', '2025-04-24 08:00:00'),
('ID-20250512-015', 'B20250425001', 15, 'WO-20250425-015', 15, 'IF-20250512-015', '玫红', '#DA1884', 'Pantone 219C', 3.200, 'kg', 0.260, 3.200, 3.460, 3, '李娜', 2, '2号柔印机', 1, '化妆品标签-玫红色油墨派工', 0, '2025-04-25 10:00:00', '2025-04-25 10:00:00'),
('ID-20250512-016', 'B20250427001', 16, 'WO-20250427-016', 16, 'IF-20250512-016', '天蓝', '#7EC8E3', 'Pantone 291C', 4.000, 'kg', 0.300, 4.000, 4.300, 4, '王强', 5, '5号凹印机', 1, '日化标签-天蓝色油墨派工', 0, '2025-04-27 09:00:00', '2025-04-27 09:00:00'),
('ID-20250512-017', 'B20250428001', 17, 'WO-20250428-017', 17, 'IF-20250512-017', '军绿', '#4B5320', 'Pantone 5545C', 2.800, 'kg', 0.250, 2.800, 3.050, 5, '刘洋', 3, '3号凹印机', 1, '工业标签-军绿色油墨派工', 0, '2025-04-28 08:00:00', '2025-04-28 08:00:00'),
('ID-20250512-018', 'B20250501001', 18, 'WO-20250501-018', 18, 'IF-20250512-018', '珊瑚', '#F88379', 'Pantone 16-1546C', 3.500, 'kg', 0.280, 3.500, 3.780, 6, '陈明', 1, '1号柔印机', 1, '食品标签-珊瑚色油墨派工', 0, '2025-05-01 09:00:00', '2025-05-01 09:00:00'),
('ID-20250512-019', 'B20250503001', 19, 'WO-20250503-019', 19, 'IF-20250512-019', '藏青', '#0C2340', 'Pantone 289C', 3.000, 'kg', 0.250, 3.000, 3.250, 7, '赵磊', 3, '3号凹印机', 1, '物流标签-藏青色油墨派工', 0, '2025-05-03 08:00:00', '2025-05-03 08:00:00'),
('ID-20250512-020', 'B20250505001', 20, 'WO-20250505-020', 20, 'IF-20250512-020', '米黄', '#D4C5A9', 'Pantone 4685C', 4.500, 'kg', 0.320, 4.500, 4.820, 2, '张伟', 2, '2号柔印机', 1, '药品标签-米黄色油墨派工', 0, '2025-05-05 10:00:00', '2025-05-05 10:00:00');


-- -----------------------------------------------------------
-- 7. ink_dispatch_item 油墨派工明细 (40条)
-- -----------------------------------------------------------
INSERT IGNORE INTO ink_dispatch_item
(dispatch_id, sort_order, source_type, source_batch_no, source_label_no, ink_id, ink_code, ink_name, ink_type, brand, formula_weight, actual_weight, unit, is_surplus, deleted, create_time)
VALUES
(1, 1, 'fresh', 'B20250401001', 'LBL-001', 11, 'BI-20250512-011', '基础油墨-红色', 'UV', '深圳特种油墨', 3.250, 3.280, 'kg', 0, 0, '2025-04-01 09:05:00'),
(1, 2, 'fresh', 'B20250401001', 'LBL-002', 20, 'BI-20250512-020', '基础油墨-冲淡剂', 'UV', '深圳精诚油墨化工', 1.750, 1.760, 'kg', 0, 0, '2025-04-01 09:05:00'),
(2, 1, 'fresh', 'B20250402001', 'LBL-003', 12, 'BI-20250512-012', '基础油墨-蓝色', 'UV', '深圳特种油墨', 2.800, 2.820, 'kg', 0, 0, '2025-04-02 10:05:00'),
(2, 2, 'fresh', 'B20250402001', 'LBL-004', 6, 'BI-20250512-006', '基础油墨-透明', 'UV', '上海紫江特种油墨', 1.200, 1.210, 'kg', 0, 0, '2025-04-02 10:05:00'),
(3, 1, 'fresh', 'B20250403001', 'LBL-005', 10, 'BI-20250512-010', '基础油墨-黑色', 'solvent', '广州永盛化工', 0.875, 0.880, 'kg', 0, 0, '2025-04-03 09:05:00'),
(3, 2, 'fresh', 'B20250403001', 'LBL-006', 16, 'BI-20250512-016', '基础油墨-白色', 'solvent', '广州永盛化工', 2.625, 2.650, 'kg', 0, 0, '2025-04-03 09:05:00'),
(4, 1, 'fresh', 'B20250405001', 'LBL-007', 14, 'BI-20250512-014', '基础油墨-绿色', 'UV', '深圳精诚油墨化工', 1.800, 1.810, 'kg', 0, 0, '2025-04-05 08:05:00'),
(4, 2, 'return', 'B20250401001', 'LBL-001', 20, 'BI-20250512-020', '基础油墨-冲淡剂', 'UV', '深圳精诚油墨化工', 1.200, 1.190, 'kg', 0, 0, '2025-04-05 08:05:00'),
(5, 1, 'fresh', 'B20250407001', 'LBL-008', 13, 'BI-20250512-013', '基础油墨-橙色', 'UV', '深圳特种油墨', 2.475, 2.500, 'kg', 0, 0, '2025-04-07 09:05:00'),
(5, 2, 'fresh', 'B20250407001', 'LBL-009', 1, 'BI-20250512-001', '基础油墨-品红', 'UV', '深圳精诚油墨化工', 2.025, 2.040, 'kg', 0, 0, '2025-04-07 09:05:00'),
(6, 1, 'fresh', 'B20250408001', 'LBL-010', 12, 'BI-20250512-012', '基础油墨-蓝色', 'UV', '深圳特种油墨', 2.470, 2.490, 'kg', 0, 0, '2025-04-08 10:05:00'),
(6, 2, 'fresh', 'B20250408001', 'LBL-011', 6, 'BI-20250512-006', '基础油墨-透明', 'UV', '上海紫江特种油墨', 1.330, 1.340, 'kg', 0, 0, '2025-04-08 10:05:00'),
(7, 1, 'fresh', 'B20250410001', 'LBL-012', 18, 'BI-20250512-018', '基础油墨-银色', 'solvent', '深圳特种油墨', 2.100, 2.120, 'kg', 0, 0, '2025-04-10 08:05:00'),
(7, 2, 'fresh', 'B20250410001', 'LBL-013', 16, 'BI-20250512-016', '基础油墨-白色', 'solvent', '广州永盛化工', 2.100, 2.130, 'kg', 0, 0, '2025-04-10 08:05:00'),
(8, 1, 'fresh', 'B20250412001', 'LBL-014', 17, 'BI-20250512-017', '基础油墨-金色', 'solvent', '深圳特种油墨', 1.440, 1.450, 'kg', 0, 0, '2025-04-12 09:05:00'),
(8, 2, 'fresh', 'B20250412001', 'LBL-015', 9, 'BI-20250512-009', '基础油墨-黄色', 'solvent', '广州永盛化工', 1.760, 1.780, 'kg', 0, 0, '2025-04-12 09:05:00'),
(9, 1, 'fresh', 'B20250415001', 'LBL-016', 13, 'BI-20250512-013', '基础油墨-橙色', 'UV', '深圳特种油墨', 3.850, 3.880, 'kg', 0, 0, '2025-04-15 08:05:00'),
(9, 2, 'fresh', 'B20250415001', 'LBL-017', 1, 'BI-20250512-001', '基础油墨-品红', 'UV', '深圳精诚油墨化工', 1.650, 1.660, 'kg', 0, 0, '2025-04-15 08:05:00'),
(10, 1, 'fresh', 'B20250417001', 'LBL-018', 14, 'BI-20250512-014', '基础油墨-绿色', 'UV', '深圳精诚油墨化工', 2.200, 2.220, 'kg', 0, 0, '2025-04-17 10:05:00'),
(10, 2, 'fresh', 'B20250417001', 'LBL-019', 3, 'BI-20250512-003', '基础油墨-黄色', 'UV', '深圳精诚油墨化工', 1.800, 1.810, 'kg', 0, 0, '2025-04-17 10:05:00'),
(11, 1, 'fresh', 'B20250418001', 'LBL-020', 19, 'BI-20250512-019', '基础油墨-棕色', 'solvent', '广州永盛化工', 1.680, 1.700, 'kg', 0, 0, '2025-04-18 09:05:00'),
(11, 2, 'fresh', 'B20250418001', 'LBL-021', 10, 'BI-20250512-010', '基础油墨-黑色', 'solvent', '广州永盛化工', 1.120, 1.130, 'kg', 0, 0, '2025-04-18 09:05:00'),
(12, 1, 'fresh', 'B20250420001', 'LBL-022', 4, 'BI-20250512-004', '基础油墨-黑色', 'UV', '深圳精诚油墨化工', 0.525, 0.530, 'kg', 0, 0, '2025-04-20 08:05:00'),
(12, 2, 'fresh', 'B20250420001', 'LBL-023', 5, 'BI-20250512-005', '基础油墨-白色', 'UV', '上海紫江特种油墨', 2.975, 3.000, 'kg', 0, 0, '2025-04-20 08:05:00'),
(13, 1, 'fresh', 'B20250422001', 'LBL-024', 15, 'BI-20250512-015', '基础油墨-紫色', 'UV', '上海紫江特种油墨', 1.375, 1.380, 'kg', 0, 0, '2025-04-22 09:05:00'),
(13, 2, 'fresh', 'B20250422001', 'LBL-025', 1, 'BI-20250512-001', '基础油墨-品红', 'UV', '深圳精诚油墨化工', 1.125, 1.140, 'kg', 0, 0, '2025-04-22 09:05:00'),
(14, 1, 'fresh', 'B20250424001', 'LBL-026', 14, 'BI-20250512-014', '基础油墨-绿色', 'UV', '深圳精诚油墨化工', 1.200, 1.210, 'kg', 0, 0, '2025-04-24 08:05:00'),
(14, 2, 'fresh', 'B20250424001', 'LBL-027', 3, 'BI-20250512-003', '基础油墨-黄色', 'UV', '深圳精诚油墨化工', 1.800, 1.820, 'kg', 0, 0, '2025-04-24 08:05:00'),
(15, 1, 'fresh', 'B20250425001', 'LBL-028', 1, 'BI-20250512-001', '基础油墨-品红', 'UV', '深圳精诚油墨化工', 1.600, 1.620, 'kg', 0, 0, '2025-04-25 10:05:00'),
(15, 2, 'fresh', 'B20250425001', 'LBL-029', 11, 'BI-20250512-011', '基础油墨-红色', 'UV', '深圳特种油墨', 1.600, 1.610, 'kg', 0, 0, '2025-04-25 10:05:00'),
(16, 1, 'fresh', 'B20250427001', 'LBL-030', 2, 'BI-20250512-002', '基础油墨-青色', 'UV', '深圳精诚油墨化工', 1.200, 1.210, 'kg', 0, 0, '2025-04-27 09:05:00'),
(16, 2, 'fresh', 'B20250427001', 'LBL-031', 5, 'BI-20250512-005', '基础油墨-白色', 'UV', '上海紫江特种油墨', 2.800, 2.830, 'kg', 0, 0, '2025-04-27 09:05:00'),
(17, 1, 'fresh', 'B20250428001', 'LBL-032', 14, 'BI-20250512-014', '基础油墨-绿色', 'UV', '深圳精诚油墨化工', 0.980, 0.990, 'kg', 0, 0, '2025-04-28 08:05:00'),
(17, 2, 'return', 'B20250403001', 'LBL-005', 10, 'BI-20250512-010', '基础油墨-黑色', 'solvent', '广州永盛化工', 1.820, 1.800, 'kg', 0, 0, '2025-04-28 08:05:00'),
(18, 1, 'fresh', 'B20250501001', 'LBL-033', 1, 'BI-20250512-001', '基础油墨-品红', 'UV', '深圳精诚油墨化工', 1.575, 1.590, 'kg', 0, 0, '2025-05-01 09:05:00'),
(18, 2, 'fresh', 'B20250501001', 'LBL-034', 13, 'BI-20250512-013', '基础油墨-橙色', 'UV', '深圳特种油墨', 1.925, 1.940, 'kg', 0, 0, '2025-05-01 09:05:00'),
(19, 1, 'fresh', 'B20250503001', 'LBL-035', 10, 'BI-20250512-010', '基础油墨-黑色', 'solvent', '广州永盛化工', 1.650, 1.660, 'kg', 0, 0, '2025-05-03 08:05:00'),
(19, 2, 'fresh', 'B20250503001', 'LBL-036', 8, 'BI-20250512-008', '基础油墨-青色', 'solvent', '广州永盛化工', 1.350, 1.360, 'kg', 0, 0, '2025-05-03 08:05:00'),
(20, 1, 'fresh', 'B20250505001', 'LBL-037', 3, 'BI-20250512-003', '基础油墨-黄色', 'UV', '深圳精诚油墨化工', 1.125, 1.130, 'kg', 0, 0, '2025-05-05 10:05:00'),
(20, 2, 'fresh', 'B20250505001', 'LBL-038', 5, 'BI-20250512-005', '基础油墨-白色', 'UV', '上海紫江特种油墨', 3.375, 3.400, 'kg', 0, 0, '2025-05-05 10:05:00');


-- -----------------------------------------------------------
-- 8. prd_screen_plate 网版 (20条)
-- plate_type: 1=丝网版, 2=圆网版, 3=平网版
-- warehouse_id=7(网版存放仓)
-- -----------------------------------------------------------
INSERT IGNORE INTO prd_screen_plate
(plate_code, plate_name, plate_type, mesh_count, size_spec, customer_id, product_name, max_use_count, used_count, remaining_count, maintenance_days, last_maintenance_date, next_maintenance_date, warehouse_id, location_id, status, remark, create_time, update_time, deleted, mesh_material, size, tension_value, tension_date, life_count, max_life_count, reclaim_count, exposure_date, last_used_date, last_clean_date, last_reclaim_date, scrap_reason, storage_location, frame_type)
VALUES
('SP-20250512-001', '丝网版-空调面板黑', 1, '300T', '600mm×450mm', 1, '空调面板标签', 5000, 1800, 3200, 360, '2025-04-01', '2026-03-26', 7, 1, 1, '美的空调面板黑色印刷网版', '2025-04-01 08:00:00', '2025-04-01 08:00:00', 0, '聚酯', '600mm×450mm', 25.50, '2025-04-01 10:00:00', 1800, 800, 2, '2025-04-01 09:00:00', '2025-05-08', '2025-05-08', '2025-03-15', NULL, 'A区-01架', '铝合金'),
('SP-20250512-002', '丝网版-空调面板白', 1, '300T', '600mm×450mm', 1, '空调面板标签', 5000, 2200, 2800, 360, '2025-04-01', '2026-03-26', 7, 1, 1, '美的空调面板白色底色网版', '2025-04-01 08:10:00', '2025-04-01 08:10:00', 0, '聚酯', '600mm×450mm', 24.80, '2025-04-01 10:30:00', 2200, 800, 3, '2025-04-01 09:30:00', '2025-05-08', '2025-05-08', '2025-02-20', NULL, 'A区-01架', '铝合金'),
('SP-20250512-003', '圆网版-手机后盖', 2, '200T', '800mm×600mm', 3, '手机后盖标签', 8000, 3500, 4500, 360, '2025-03-15', '2026-03-10', 7, 2, 1, '华为手机后盖圆网版', '2025-04-02 09:00:00', '2025-04-02 09:00:00', 0, '不锈钢', '800mm×600mm', 28.00, '2025-03-15 14:00:00', 3500, 800, 1, '2025-03-15 13:00:00', '2025-05-06', '2025-05-06', NULL, NULL, 'B区-02架', '镍环'),
('SP-20250512-004', '丝网版-洗衣机面板', 1, '250T', '550mm×400mm', 2, '洗衣机面板标签', 6000, 1500, 4500, 360, '2025-04-05', '2026-03-30', 7, 2, 1, '格力洗衣机面板网版', '2025-04-03 10:00:00', '2025-04-03 10:00:00', 0, '聚酯', '550mm×400mm', 23.60, '2025-04-05 11:00:00', 1500, 800, 1, '2025-04-05 10:00:00', '2025-05-05', '2025-05-05', NULL, NULL, 'A区-02架', '铝合金'),
('SP-20250512-005', '平网版-汽车内饰', 3, '180T', '700mm×500mm', 4, '汽车内饰标签', 4000, 2000, 2000, 360, '2025-03-20', '2026-03-15', 7, 3, 1, '比亚迪汽车内饰平网版', '2025-04-04 08:30:00', '2025-04-04 08:30:00', 0, '聚酯', '700mm×500mm', 22.10, '2025-03-20 15:00:00', 2000, 800, 2, '2025-03-20 14:00:00', '2025-05-04', '2025-05-04', '2025-01-10', NULL, 'C区-01架', '钢框'),
('SP-20250512-006', '丝网版-电子标签', 1, '350T', '400mm×300mm', 6, '电子标签', 7000, 4200, 2800, 360, '2025-04-08', '2026-04-03', 7, 3, 1, '中兴电子标签高目数网版', '2025-04-05 09:00:00', '2025-04-05 09:00:00', 0, '聚酯', '400mm×300mm', 26.80, '2025-04-08 10:00:00', 4200, 800, 4, '2025-04-08 09:00:00', '2025-05-03', '2025-05-03', '2025-02-28', NULL, 'A区-03架', '铝合金'),
('SP-20250512-007', '圆网版-热收缩膜', 2, '150T', '1000mm×800mm', 8, '热收缩膜', 10000, 6500, 3500, 360, '2025-02-10', '2026-02-05', 7, 4, 1, '海信热收缩膜大尺寸圆网版', '2025-04-06 08:00:00', '2025-04-06 08:00:00', 0, '不锈钢', '1000mm×800mm', 30.20, '2025-02-10 16:00:00', 6500, 800, 3, '2025-02-10 15:00:00', '2025-05-02', '2025-05-02', '2024-12-15', NULL, 'B区-03架', '镍环'),
('SP-20250512-008', '丝网版-物流标签', 1, '300T', '350mm×250mm', 9, '物流标签', 6000, 2800, 3200, 360, '2025-04-12', '2026-04-07', 7, 4, 1, '小米物流标签网版', '2025-04-07 10:00:00', '2025-04-07 10:00:00', 0, '聚酯', '350mm×250mm', 24.50, '2025-04-12 11:00:00', 2800, 800, 2, '2025-04-12 10:00:00', '2025-05-01', '2025-05-01', '2025-03-01', NULL, 'A区-04架', '铝合金'),
('SP-20250512-009', '平网版-药品标签', 3, '200T', '500mm×350mm', 10, '药品标签', 5000, 1200, 3800, 360, '2025-04-15', '2026-04-10', 7, 5, 1, 'OPPO药品标签平网版', '2025-04-08 08:30:00', '2025-04-08 08:30:00', 0, '聚酯', '500mm×350mm', 21.80, '2025-04-15 14:00:00', 1200, 800, 0, '2025-04-15 13:00:00', '2025-04-30', '2025-04-30', NULL, NULL, 'C区-02架', '钢框'),
('SP-20250512-010', '丝网版-烟包', 1, '250T', '650mm×480mm', 11, '烟包标签', 4500, 3100, 1400, 360, '2025-03-25', '2026-03-20', 7, 5, 1, '长虹烟包标签网版-剩余次数偏低', '2025-04-09 09:00:00', '2025-04-09 09:00:00', 0, '聚酯', '650mm×480mm', 23.20, '2025-03-25 10:00:00', 3100, 800, 5, '2025-03-25 09:00:00', '2025-04-29', '2025-04-29', '2025-01-20', NULL, 'A区-05架', '铝合金'),
('SP-20250512-011', '圆网版-日化标签', 2, '200T', '750mm×550mm', 12, '日化标签', 7000, 3800, 3200, 360, '2025-04-18', '2026-04-13', 7, 6, 1, '创维日化标签圆网版', '2025-04-10 08:00:00', '2025-04-10 08:00:00', 0, '不锈钢', '750mm×550mm', 27.50, '2025-04-18 15:00:00', 3800, 800, 2, '2025-04-18 14:00:00', '2025-04-28', '2025-04-28', '2025-02-10', NULL, 'B区-04架', '镍环'),
('SP-20250512-012', '丝网版-不干胶', 1, '300T', '450mm×350mm', 13, '不干胶标签', 5500, 2500, 3000, 360, '2025-04-20', '2026-04-15', 7, 6, 1, '联想不干胶标签网版', '2025-04-11 10:00:00', '2025-04-11 10:00:00', 0, '聚酯', '450mm×350mm', 25.10, '2025-04-20 10:00:00', 2500, 800, 3, '2025-04-20 09:00:00', '2025-04-27', '2025-04-27', '2025-03-05', NULL, 'A区-06架', '铝合金'),
('SP-20250512-013', '平网版-礼品盒', 3, '150T', '800mm×600mm', 14, '礼品包装盒', 3000, 800, 2200, 360, '2025-04-22', '2026-04-17', 7, 7, 1, '海尔礼品盒平网版', '2025-04-12 08:30:00', '2025-04-12 08:30:00', 0, '聚酯', '800mm×600mm', 20.50, '2025-04-22 14:00:00', 800, 800, 0, '2025-04-22 13:00:00', '2025-04-26', '2025-04-26', NULL, NULL, 'C区-03架', '钢框'),
('SP-20250512-014', '丝网版-食品标签', 1, '250T', '500mm×380mm', 15, '食品标签', 6000, 4000, 2000, 360, '2025-03-30', '2026-03-25', 7, 7, 1, '方太食品标签网版-需关注', '2025-04-13 09:00:00', '2025-04-13 09:00:00', 0, '聚酯', '500mm×380mm', 22.80, '2025-03-30 11:00:00', 4000, 800, 4, '2025-03-30 10:00:00', '2025-04-25', '2025-04-25', '2025-01-15', NULL, 'A区-07架', '铝合金'),
('SP-20250512-015', '圆网版-电池标签', 2, '180T', '600mm×450mm', 16, '电池标签', 8000, 5200, 2800, 360, '2025-04-25', '2026-04-20', 7, 8, 1, '志高电池标签圆网版', '2025-04-14 08:00:00', '2025-04-14 08:00:00', 0, '不锈钢', '600mm×450mm', 26.30, '2025-04-25 15:00:00', 5200, 800, 3, '2025-04-25 14:00:00', '2025-04-24', '2025-04-24', '2025-02-25', NULL, 'B区-05架', '镍环'),
('SP-20250512-016', '丝网版-酒标', 1, '300T', '550mm×400mm', 17, '酒类标签', 5000, 1000, 4000, 360, '2025-04-28', '2026-04-23', 7, 8, 1, '奥克斯酒标网版', '2025-04-15 10:00:00', '2025-04-15 10:00:00', 0, '聚酯', '550mm×400mm', 24.60, '2025-04-28 10:00:00', 1000, 800, 0, '2025-04-28 09:00:00', '2025-04-23', '2025-04-23', NULL, NULL, 'A区-08架', '铝合金'),
('SP-20250512-017', '平网版-贺卡', 3, '200T', '450mm×350mm', 18, '贺卡印刷', 3500, 600, 2900, 360, '2025-05-01', '2026-04-26', 7, 9, 1, '康佳贺卡平网版', '2025-04-16 08:30:00', '2025-04-16 08:30:00', 0, '聚酯', '450mm×350mm', 21.30, '2025-05-01 14:00:00', 600, 800, 0, '2025-05-01 13:00:00', '2025-04-22', '2025-04-22', NULL, NULL, 'C区-04架', '钢框'),
('SP-20250512-018', '丝网版-饮料标', 1, '250T', '600mm×450mm', 19, '饮料标签', 5500, 4800, 700, 360, '2025-03-05', '2026-02-28', 7, 9, 1, '熊猫饮料标签网版-即将报废', '2025-04-17 09:00:00', '2025-04-17 09:00:00', 0, '聚酯', '600mm×450mm', 18.50, '2025-03-05 11:00:00', 4800, 800, 6, '2025-03-05 10:00:00', '2025-04-21', '2025-04-21', '2024-12-20', NULL, 'A区-09架', '铝合金'),
('SP-20250512-019', '圆网版-化妆品', 2, '250T', '700mm×500mm', 20, '化妆品标签', 6500, 2000, 4500, 360, '2025-05-03', '2026-04-28', 7, 10, 1, '苏泊尔化妆品标签圆网版', '2025-04-18 08:00:00', '2025-04-18 08:00:00', 0, '不锈钢', '700mm×500mm', 28.80, '2025-05-03 15:00:00', 2000, 800, 1, '2025-05-03 14:00:00', '2025-04-20', '2025-04-20', NULL, NULL, 'B区-06架', '镍环'),
('SP-20250512-020', '丝网版-UV光油', 1, '120T', '900mm×700mm', 1, '通用UV光油', 3000, 1500, 1500, 360, '2025-04-10', '2026-04-05', 7, 10, 1, '通用UV光油满版网版', '2025-04-19 10:00:00', '2025-04-19 10:00:00', 0, '尼龙', '900mm×700mm', 19.80, '2025-04-10 10:00:00', 1500, 800, 3, '2025-04-10 09:00:00', '2025-04-19', '2025-04-19', '2025-02-15', NULL, 'A区-10架', '铝合金');

-- -----------------------------------------------------------
-- 9. ink_opening_record 油墨开罐记录 (20条)
-- -----------------------------------------------------------
INSERT IGNORE INTO ink_opening_record
(record_no, material_id, material_code, material_name, batch_no, label_id, ink_type, open_time, expire_hours, expire_time, remaining_qty, unit, status, operator_id, operator_name, remark, create_time, update_time, deleted)
VALUES
('IOR-20250512-001', 1, 'INK-20250512-001', 'UV油墨-黑色', 'BH202504000101', 1, 'UV', '2025-04-01 08:30:00', 168, DATE_ADD('2025-04-01 08:30:00', INTERVAL 168 HOUR), 5.2000, 'kg', 1, 2, '张伟', 'UV油墨-黑色开罐使用', '2025-04-01 08:30:00', '2025-04-01 08:30:00', 0),
('IOR-20250512-002', 2, 'INK-20250512-002', 'UV油墨-白色', 'BH202504000301', 2, 'UV', '2025-04-03 08:30:00', 168, DATE_ADD('2025-04-03 08:30:00', INTERVAL 168 HOUR), 3.8000, 'kg', 1, 3, '李娜', 'UV油墨-白色开罐使用', '2025-04-03 08:30:00', '2025-04-03 08:30:00', 0),
('IOR-20250512-003', 3, 'INK-20250512-003', 'UV油墨-红色', 'BH202504000501', 3, 'UV', '2025-04-05 08:30:00', 168, DATE_ADD('2025-04-05 08:30:00', INTERVAL 168 HOUR), 2.5000, 'kg', 1, 4, '王强', 'UV油墨-红色开罐使用', '2025-04-05 08:30:00', '2025-04-05 08:30:00', 0),
('IOR-20250512-004', 4, 'INK-20250512-004', 'UV油墨-蓝色', 'BH202504000701', 4, 'UV', '2025-04-07 08:30:00', 168, DATE_ADD('2025-04-07 08:30:00', INTERVAL 168 HOUR), 1.8000, 'kg', 1, 5, '刘洋', 'UV油墨-蓝色开罐使用', '2025-04-07 08:30:00', '2025-04-07 08:30:00', 0),
('IOR-20250512-005', 5, 'INK-20250512-005', 'UV油墨-黄色', 'BH202504000901', 5, 'UV', '2025-04-09 08:30:00', 168, DATE_ADD('2025-04-09 08:30:00', INTERVAL 168 HOUR), 1.5000, 'kg', 1, 6, '陈明', 'UV油墨-黄色开罐使用', '2025-04-09 08:30:00', '2025-04-09 08:30:00', 0),
('IOR-20250512-006', 6, 'INK-20250512-006', '溶剂油墨-黑色', 'BH202504001101', 6, 'solvent', '2025-04-11 08:30:00', 120, DATE_ADD('2025-04-11 08:30:00', INTERVAL 120 HOUR), 4.2000, 'kg', 1, 7, '赵磊', '溶剂油墨-黑色开罐使用', '2025-04-11 08:30:00', '2025-04-11 08:30:00', 0),
('IOR-20250512-007', 7, 'INK-20250512-007', '溶剂油墨-白色', 'BH202504001301', 7, 'solvent', '2025-04-13 08:30:00', 120, DATE_ADD('2025-04-13 08:30:00', INTERVAL 120 HOUR), 3.0000, 'kg', 1, 8, '孙丽', '溶剂油墨-白色开罐使用', '2025-04-13 08:30:00', '2025-04-13 08:30:00', 0),
('IOR-20250512-008', 8, 'INK-20250512-008', '溶剂油墨-金色', 'BH202504001501', 8, 'solvent', '2025-04-15 08:30:00', 120, DATE_ADD('2025-04-15 08:30:00', INTERVAL 120 HOUR), 1.2000, 'kg', 1, 9, '周杰', '溶剂油墨-金色开罐使用', '2025-04-15 08:30:00', '2025-04-15 08:30:00', 0),
('IOR-20250512-009', 9, 'INK-20250512-009', '溶剂油墨-银色', 'BH202504001701', 9, 'solvent', '2025-04-17 08:30:00', 120, DATE_ADD('2025-04-17 08:30:00', INTERVAL 120 HOUR), 0.8000, 'kg', 1, 2, '张伟', '溶剂油墨-银色开罐使用', '2025-04-17 08:30:00', '2025-04-17 08:30:00', 0),
('IOR-20250512-010', 10, 'INK-20250512-010', '水性油墨-黑色', 'BH202504001901', 10, 'water', '2025-04-19 08:30:00', 144, DATE_ADD('2025-04-19 08:30:00', INTERVAL 144 HOUR), 2.0000, 'kg', 1, 3, '李娜', '水性油墨-黑色开罐使用', '2025-04-19 08:30:00', '2025-04-19 08:30:00', 0),
('IOR-20250512-011', 11, 'INK-20250512-011', '水性油墨-红色', 'BH202504002101', 11, 'water', '2025-04-21 08:30:00', 144, DATE_ADD('2025-04-21 08:30:00', INTERVAL 144 HOUR), 1.5000, 'kg', 1, 4, '王强', '水性油墨-红色开罐使用', '2025-04-21 08:30:00', '2025-04-21 08:30:00', 0),
('IOR-20250512-012', 12, 'INK-20250512-012', 'UV油墨-专色红', 'BH202504002301', 12, 'UV', '2025-04-23 08:30:00', 168, DATE_ADD('2025-04-23 08:30:00', INTERVAL 168 HOUR), 0.6000, 'kg', 1, 5, '刘洋', 'UV油墨-专色红开罐使用', '2025-04-23 08:30:00', '2025-04-23 08:30:00', 0),
('IOR-20250512-013', 13, 'INK-20250512-013', 'UV油墨-专色蓝', 'BH202504002501', 13, 'UV', '2025-04-25 08:30:00', 168, DATE_ADD('2025-04-25 08:30:00', INTERVAL 168 HOUR), 0.5000, 'kg', 1, 6, '陈明', 'UV油墨-专色蓝开罐使用', '2025-04-25 08:30:00', '2025-04-25 08:30:00', 0),
('IOR-20250512-014', 14, 'INK-20250512-014', 'UV光油-高光', 'BH202504002701', 14, 'UV', '2025-04-27 08:30:00', 168, DATE_ADD('2025-04-27 08:30:00', INTERVAL 168 HOUR), 3.5000, 'kg', 1, 7, '赵磊', 'UV光油-高光开罐使用', '2025-04-27 08:30:00', '2025-04-27 08:30:00', 0),
('IOR-20250512-015', 15, 'INK-20250512-015', 'UV光油-哑光', 'BH202504002901', 15, 'UV', '2025-04-29 08:30:00', 168, DATE_ADD('2025-04-29 08:30:00', INTERVAL 168 HOUR), 2.8000, 'kg', 1, 8, '孙丽', 'UV光油-哑光开罐使用', '2025-04-29 08:30:00', '2025-04-29 08:30:00', 0),
('IOR-20250512-016', 16, 'INK-20250512-016', '溶剂油墨-绿色', 'BH202504003101', 16, 'solvent', '2025-04-30 08:30:00', 120, DATE_ADD('2025-04-30 08:30:00', INTERVAL 120 HOUR), 1.6000, 'kg', 1, 9, '周杰', '溶剂油墨-绿色开罐使用', '2025-04-30 08:30:00', '2025-04-30 08:30:00', 0),
('IOR-20250512-017', 17, 'INK-20250512-017', 'UV油墨-紫色', 'BH202504003301', 17, 'UV', '2025-04-30 08:30:00', 168, DATE_ADD('2025-04-30 08:30:00', INTERVAL 168 HOUR), 0.4000, 'kg', 1, 2, '张伟', 'UV油墨-紫色开罐使用', '2025-04-30 08:30:00', '2025-04-30 08:30:00', 0),
('IOR-20250512-018', 18, 'INK-20250512-018', '水性油墨-蓝色', 'BH202504003501', 18, 'water', '2025-04-30 08:30:00', 144, DATE_ADD('2025-04-30 08:30:00', INTERVAL 144 HOUR), 1.0000, 'kg', 1, 3, '李娜', '水性油墨-蓝色开罐使用', '2025-04-30 08:30:00', '2025-04-30 08:30:00', 0),
('IOR-20250512-019', 19, 'INK-20250512-019', 'UV油墨-橙色', 'BH202504003701', 19, 'UV', '2025-04-30 08:30:00', 168, DATE_ADD('2025-04-30 08:30:00', INTERVAL 168 HOUR), 0.5000, 'kg', 1, 4, '王强', 'UV油墨-橙色开罐使用', '2025-04-30 08:30:00', '2025-04-30 08:30:00', 0),
('IOR-20250512-020', 20, 'INK-20250512-020', '溶剂油墨-棕色', 'BH202504003901', 20, 'solvent', '2025-04-30 08:30:00', 120, DATE_ADD('2025-04-30 08:30:00', INTERVAL 120 HOUR), 0.8000, 'kg', 1, 5, '刘洋', '溶剂油墨-棕色开罐使用', '2025-04-30 08:30:00', '2025-04-30 08:30:00', 0);


-- -----------------------------------------------------------
-- 10. ink_usage 油墨使用记录 (20条)
-- -----------------------------------------------------------
INSERT IGNORE INTO ink_usage
(work_order_id, screen_plate_id, ink_id, ink_code, ink_name, usage_qty, unit, usage_date, operator_id, operator_name, remark, create_time, update_time, deleted)
VALUES
(1, 1, 1, 'INK-20250512-001', 'UV油墨-黑色', 2.5000, 'kg', '2025-04-01 10:00:00', 2, '张伟', '工单001油墨使用', '2025-04-01 10:00:00', '2025-04-01 10:00:00', 0),
(2, 2, 2, 'INK-20250512-002', 'UV油墨-白色', 1.8000, 'kg', '2025-04-02 10:00:00', 3, '李娜', '工单002油墨使用', '2025-04-02 10:00:00', '2025-04-02 10:00:00', 0),
(3, 3, 3, 'INK-20250512-003', 'UV油墨-红色', 1.2000, 'kg', '2025-04-03 10:00:00', 4, '王强', '工单003油墨使用', '2025-04-03 10:00:00', '2025-04-03 10:00:00', 0),
(4, 4, 4, 'INK-20250512-004', 'UV油墨-蓝色', 0.8000, 'kg', '2025-04-04 10:00:00', 5, '刘洋', '工单004油墨使用', '2025-04-04 10:00:00', '2025-04-04 10:00:00', 0),
(5, 5, 5, 'INK-20250512-005', 'UV油墨-黄色', 0.6000, 'kg', '2025-04-05 10:00:00', 6, '陈明', '工单005油墨使用', '2025-04-05 10:00:00', '2025-04-05 10:00:00', 0),
(6, 6, 6, 'INK-20250512-006', '溶剂油墨-黑色', 2.0000, 'kg', '2025-04-06 10:00:00', 7, '赵磊', '工单006油墨使用', '2025-04-06 10:00:00', '2025-04-06 10:00:00', 0),
(7, 7, 7, 'INK-20250512-007', '溶剂油墨-白色', 1.5000, 'kg', '2025-04-07 10:00:00', 8, '孙丽', '工单007油墨使用', '2025-04-07 10:00:00', '2025-04-07 10:00:00', 0),
(8, 8, 8, 'INK-20250512-008', '溶剂油墨-金色', 0.5000, 'kg', '2025-04-08 10:00:00', 9, '周杰', '工单008油墨使用', '2025-04-08 10:00:00', '2025-04-08 10:00:00', 0),
(9, 9, 9, 'INK-20250512-009', '溶剂油墨-银色', 0.4000, 'kg', '2025-04-09 10:00:00', 2, '张伟', '工单009油墨使用', '2025-04-09 10:00:00', '2025-04-09 10:00:00', 0),
(10, 10, 10, 'INK-20250512-010', '水性油墨-黑色', 1.0000, 'kg', '2025-04-10 10:00:00', 3, '李娜', '工单010油墨使用', '2025-04-10 10:00:00', '2025-04-10 10:00:00', 0),
(11, 11, 11, 'INK-20250512-011', '水性油墨-红色', 0.8000, 'kg', '2025-04-11 10:00:00', 4, '王强', '工单011油墨使用', '2025-04-11 10:00:00', '2025-04-11 10:00:00', 0),
(12, 12, 12, 'INK-20250512-012', 'UV油墨-专色红', 0.3000, 'kg', '2025-04-12 10:00:00', 5, '刘洋', '工单012油墨使用', '2025-04-12 10:00:00', '2025-04-12 10:00:00', 0),
(13, 13, 13, 'INK-20250512-013', 'UV油墨-专色蓝', 0.2500, 'kg', '2025-04-13 10:00:00', 6, '陈明', '工单013油墨使用', '2025-04-13 10:00:00', '2025-04-13 10:00:00', 0),
(14, 14, 14, 'INK-20250512-014', 'UV光油-高光', 1.8000, 'kg', '2025-04-14 10:00:00', 7, '赵磊', '工单014油墨使用', '2025-04-14 10:00:00', '2025-04-14 10:00:00', 0),
(15, 15, 15, 'INK-20250512-015', 'UV光油-哑光', 1.2000, 'kg', '2025-04-15 10:00:00', 8, '孙丽', '工单015油墨使用', '2025-04-15 10:00:00', '2025-04-15 10:00:00', 0),
(16, 16, 16, 'INK-20250512-016', '溶剂油墨-绿色', 0.6000, 'kg', '2025-04-16 10:00:00', 9, '周杰', '工单016油墨使用', '2025-04-16 10:00:00', '2025-04-16 10:00:00', 0),
(17, 17, 17, 'INK-20250512-017', 'UV油墨-紫色', 0.2000, 'kg', '2025-04-17 10:00:00', 2, '张伟', '工单017油墨使用', '2025-04-17 10:00:00', '2025-04-17 10:00:00', 0),
(18, 18, 18, 'INK-20250512-018', '水性油墨-蓝色', 0.5000, 'kg', '2025-04-18 10:00:00', 3, '李娜', '工单018油墨使用', '2025-04-18 10:00:00', '2025-04-18 10:00:00', 0),
(19, 19, 19, 'INK-20250512-019', 'UV油墨-橙色', 0.3000, 'kg', '2025-04-19 10:00:00', 4, '王强', '工单019油墨使用', '2025-04-19 10:00:00', '2025-04-19 10:00:00', 0),
(20, 20, 20, 'INK-20250512-020', '溶剂油墨-棕色', 0.4000, 'kg', '2025-04-20 10:00:00', 5, '刘洋', '工单020油墨使用', '2025-04-20 10:00:00', '2025-04-20 10:00:00', 0);


-- -----------------------------------------------------------
-- 11. ink_mixed_record 油墨调配记录 (20条)
-- -----------------------------------------------------------
INSERT IGNORE INTO ink_mixed_record
(record_no, base_ink_id, base_ink_code, base_ink_name, mix_ratio, color_name, color_code, company_id, company_name, mix_time, operator_id, operator_name, quantity, unit, warehouse_id, location_id, status, expire_time, remark, create_time, update_time, deleted)
VALUES
('IMR-20250512-001', 11, 'BI-20250512-011', '基础油墨-红色', '65:35', '美的红', '#EF3340', 1, '美的集团', '2025-04-01 09:00:00', 2, '张伟', 5.0000, 'kg', 9, 1, 1, DATE_ADD('2025-04-01 09:00:00', INTERVAL 168 HOUR), '美的红调配-美的集团项目', '2025-04-01 09:00:00', '2025-04-01 09:00:00', 0),
('IMR-20250512-002', 12, 'BI-20250512-012', '基础油墨-蓝色', '70:30', '华为蓝', '#003DA5', 3, '华为技术', '2025-04-02 09:00:00', 3, '李娜', 4.0000, 'kg', 10, 2, 1, DATE_ADD('2025-04-02 09:00:00', INTERVAL 168 HOUR), '华为蓝调配-华为技术项目', '2025-04-02 09:00:00', '2025-04-02 09:00:00', 0),
('IMR-20250512-003', 10, 'BI-20250512-010', '基础油墨-黑色', '25:75', '格力灰', '#A7A9AC', 2, '格力电器', '2025-04-03 09:00:00', 4, '王强', 3.5000, 'kg', 9, 3, 1, DATE_ADD('2025-04-03 09:00:00', INTERVAL 168 HOUR), '格力灰调配-格力电器项目', '2025-04-03 09:00:00', '2025-04-03 09:00:00', 0),
('IMR-20250512-004', 14, 'BI-20250512-014', '基础油墨-绿色', '60:40', '比亚迪绿', '#007A33', 4, '比亚迪', '2025-04-04 09:00:00', 5, '刘洋', 3.0000, 'kg', 10, 4, 1, DATE_ADD('2025-04-04 09:00:00', INTERVAL 168 HOUR), '比亚迪绿调配-比亚迪项目', '2025-04-04 09:00:00', '2025-04-04 09:00:00', 0),
('IMR-20250512-005', 13, 'BI-20250512-013', '基础油墨-橙色', '55:45', 'TCL橙', '#F37021', 5, 'TCL科技', '2025-04-05 09:00:00', 6, '陈明', 4.5000, 'kg', 9, 5, 1, DATE_ADD('2025-04-05 09:00:00', INTERVAL 168 HOUR), 'TCL橙调配-TCL科技项目', '2025-04-05 09:00:00', '2025-04-05 09:00:00', 0),
('IMR-20250512-006', 12, 'BI-20250512-012', '基础油墨-蓝色', '65:35', '中兴蓝', '#0072CE', 6, '中兴通讯', '2025-04-06 09:00:00', 7, '赵磊', 3.8000, 'kg', 10, 6, 1, DATE_ADD('2025-04-06 09:00:00', INTERVAL 168 HOUR), '中兴蓝调配-中兴通讯项目', '2025-04-06 09:00:00', '2025-04-06 09:00:00', 0),
('IMR-20250512-007', 18, 'BI-20250512-018', '基础油墨-银色', '50:50', '广汽银', '#8A8D8F', 7, '广汽集团', '2025-04-07 09:00:00', 8, '孙丽', 4.2000, 'kg', 9, 7, 1, DATE_ADD('2025-04-07 09:00:00', INTERVAL 168 HOUR), '广汽银调配-广汽集团项目', '2025-04-07 09:00:00', '2025-04-07 09:00:00', 0),
('IMR-20250512-008', 17, 'BI-20250512-017', '基础油墨-金色', '45:55', '海信金', '#9B7E46', 8, '海信集团', '2025-04-08 09:00:00', 9, '周杰', 3.2000, 'kg', 10, 8, 1, DATE_ADD('2025-04-08 09:00:00', INTERVAL 168 HOUR), '海信金调配-海信集团项目', '2025-04-08 09:00:00', '2025-04-08 09:00:00', 0),
('IMR-20250512-009', 13, 'BI-20250512-013', '基础油墨-橙色', '70:30', '小米橙', '#FF6900', 9, '小米科技', '2025-04-09 09:00:00', 2, '张伟', 5.5000, 'kg', 9, 9, 1, DATE_ADD('2025-04-09 09:00:00', INTERVAL 168 HOUR), '小米橙调配-小米科技项目', '2025-04-09 09:00:00', '2025-04-09 09:00:00', 0),
('IMR-20250512-010', 14, 'BI-20250512-014', '基础油墨-绿色', '55:45', 'OPPO绿', '#00A651', 10, 'OPPO', '2025-04-10 09:00:00', 3, '李娜', 4.0000, 'kg', 10, 10, 1, DATE_ADD('2025-04-10 09:00:00', INTERVAL 168 HOUR), 'OPPO绿调配-OPPO项目', '2025-04-10 09:00:00', '2025-04-10 09:00:00', 0),
('IMR-20250512-011', 19, 'BI-20250512-019', '基础油墨-棕色', '60:40', '咖啡棕', '#5C4033', 11, '长虹', '2025-04-11 09:00:00', 4, '王强', 2.8000, 'kg', 9, 11, 1, DATE_ADD('2025-04-11 09:00:00', INTERVAL 168 HOUR), '咖啡棕调配-长虹项目', '2025-04-11 09:00:00', '2025-04-11 09:00:00', 0),
('IMR-20250512-012', 4, 'BI-20250512-004', '基础油墨-黑色', '15:85', '浅灰', '#C8C9C7', 12, '创维', '2025-04-12 09:00:00', 5, '刘洋', 3.5000, 'kg', 10, 12, 1, DATE_ADD('2025-04-12 09:00:00', INTERVAL 168 HOUR), '浅灰调配-创维项目', '2025-04-12 09:00:00', '2025-04-12 09:00:00', 0),
('IMR-20250512-013', 15, 'BI-20250512-015', '基础油墨-紫色', '55:45', '深紫', '#4A2060', 13, '联想', '2025-04-13 09:00:00', 6, '陈明', 2.5000, 'kg', 9, 13, 1, DATE_ADD('2025-04-13 09:00:00', INTERVAL 168 HOUR), '深紫调配-联想项目', '2025-04-13 09:00:00', '2025-04-13 09:00:00', 0),
('IMR-20250512-014', 14, 'BI-20250512-014', '基础油墨-绿色', '40:60', '草绿', '#7AB648', 14, '海尔', '2025-04-14 09:00:00', 7, '赵磊', 3.0000, 'kg', 10, 14, 1, DATE_ADD('2025-04-14 09:00:00', INTERVAL 168 HOUR), '草绿调配-海尔项目', '2025-04-14 09:00:00', '2025-04-14 09:00:00', 0),
('IMR-20250512-015', 1, 'BI-20250512-001', '基础油墨-品红', '50:50', '玫红', '#DA1884', 15, '方太', '2025-04-15 09:00:00', 8, '孙丽', 3.2000, 'kg', 9, 15, 1, DATE_ADD('2025-04-15 09:00:00', INTERVAL 168 HOUR), '玫红调配-方太项目', '2025-04-15 09:00:00', '2025-04-15 09:00:00', 0),
('IMR-20250512-016', 2, 'BI-20250512-002', '基础油墨-青色', '30:70', '天蓝', '#7EC8E3', 16, '志高', '2025-04-16 09:00:00', 9, '周杰', 4.0000, 'kg', 10, 16, 1, DATE_ADD('2025-04-16 09:00:00', INTERVAL 168 HOUR), '天蓝调配-志高项目', '2025-04-16 09:00:00', '2025-04-16 09:00:00', 0),
('IMR-20250512-017', 14, 'BI-20250512-014', '基础油墨-绿色', '35:65', '军绿', '#4B5320', 17, '奥克斯', '2025-04-17 09:00:00', 2, '张伟', 2.8000, 'kg', 9, 17, 1, DATE_ADD('2025-04-17 09:00:00', INTERVAL 168 HOUR), '军绿调配-奥克斯项目', '2025-04-17 09:00:00', '2025-04-17 09:00:00', 0),
('IMR-20250512-018', 1, 'BI-20250512-001', '基础油墨-品红', '45:55', '珊瑚', '#F88379', 18, '康佳', '2025-04-18 09:00:00', 3, '李娜', 3.5000, 'kg', 10, 18, 1, DATE_ADD('2025-04-18 09:00:00', INTERVAL 168 HOUR), '珊瑚调配-康佳项目', '2025-04-18 09:00:00', '2025-04-18 09:00:00', 0),
('IMR-20250512-019', 10, 'BI-20250512-010', '基础油墨-黑色', '55:45', '藏青', '#0C2340', 19, '熊猫电子', '2025-04-19 09:00:00', 4, '王强', 3.0000, 'kg', 9, 19, 1, DATE_ADD('2025-04-19 09:00:00', INTERVAL 168 HOUR), '藏青调配-熊猫电子项目', '2025-04-19 09:00:00', '2025-04-19 09:00:00', 0),
('IMR-20250512-020', 3, 'BI-20250512-003', '基础油墨-黄色', '25:75', '米黄', '#D4C5A9', 20, '苏泊尔', '2025-04-20 09:00:00', 5, '刘洋', 4.5000, 'kg', 10, 20, 1, DATE_ADD('2025-04-20 09:00:00', INTERVAL 168 HOUR), '米黄调配-苏泊尔项目', '2025-04-20 09:00:00', '2025-04-20 09:00:00', 0);


-- -----------------------------------------------------------
-- 12. prd_die_usage_log 刀模使用日志 (20条)
-- -----------------------------------------------------------
INSERT IGNORE INTO prd_die_usage_log
(die_id, die_code, work_report_id, work_order_id, work_order_no, process_name, impressions, cumulative_after, operator_id, operator_name, equipment_id, usage_date, remark, create_time)
VALUES
(1, 'DIE-20250512-001', 1, 1, 'WO-20250401-001', '模切', 5000, 35000, 2, '张伟', 1, '2025-04-01', 'DIE-20250512-001使用5000次', '2025-04-01 14:00:00'),
(2, 'DIE-20250512-002', 2, 2, 'WO-20250402-002', '模切', 6000, 42000, 3, '李娜', 2, '2025-04-02', 'DIE-20250512-002使用6000次', '2025-04-02 14:00:00'),
(3, 'DIE-20250512-003', 3, 3, 'WO-20250403-003', '精密模切', 8000, 68000, 4, '王强', 3, '2025-04-03', 'DIE-20250512-003使用8000次', '2025-04-03 14:00:00'),
(4, 'DIE-20250512-004', 4, 4, 'WO-20250404-004', '模切', 3000, 25000, 5, '刘洋', 4, '2025-04-04', 'DIE-20250512-004使用3000次', '2025-04-04 14:00:00'),
(5, 'DIE-20250512-005', 5, 5, 'WO-20250405-005', '烫金模切', 2000, 15000, 6, '陈明', 5, '2025-04-05', 'DIE-20250512-005使用2000次', '2025-04-05 14:00:00'),
(6, 'DIE-20250512-006', 6, 6, 'WO-20250406-006', '压纹', 1500, 8000, 7, '赵磊', 6, '2025-04-06', 'DIE-20250512-006使用1500次', '2025-04-06 14:00:00'),
(7, 'DIE-20250512-007', 7, 7, 'WO-20250407-007', '高速模切', 10000, 95000, 8, '孙丽', 7, '2025-04-07', 'DIE-20250512-007使用10000次', '2025-04-07 14:00:00'),
(8, 'DIE-20250512-008', 8, 8, 'WO-20250408-008', '模切', 5000, 38000, 9, '周杰', 8, '2025-04-08', 'DIE-20250512-008使用5000次', '2025-04-08 14:00:00'),
(9, 'DIE-20250512-009', 9, 9, 'WO-20250409-009', '模切', 8000, 55000, 2, '张伟', 9, '2025-04-09', 'DIE-20250512-009使用8000次', '2025-04-09 14:00:00'),
(10, 'DIE-20250512-010', 10, 10, 'WO-20250410-010', '高速模切', 15000, 120000, 3, '李娜', 10, '2025-04-10', 'DIE-20250512-010使用15000次', '2025-04-10 14:00:00'),
(11, 'DIE-20250512-011', 11, 11, 'WO-20250411-011', '模切', 6000, 45000, 4, '王强', 11, '2025-04-11', 'DIE-20250512-011使用6000次', '2025-04-11 14:00:00'),
(12, 'DIE-20250512-012', 12, 12, 'WO-20250412-012', '烫金模切', 3000, 22000, 5, '刘洋', 12, '2025-04-12', 'DIE-20250512-012使用3000次', '2025-04-12 14:00:00'),
(13, 'DIE-20250512-013', 13, 13, 'WO-20250413-013', '模切', 4000, 30000, 6, '陈明', 13, '2025-04-13', 'DIE-20250512-013使用4000次', '2025-04-13 14:00:00'),
(14, 'DIE-20250512-014', 14, 14, 'WO-20250414-014', '模切', 8000, 78000, 7, '赵磊', 14, '2025-04-14', 'DIE-20250512-014使用8000次', '2025-04-14 14:00:00'),
(15, 'DIE-20250512-015', 15, 15, 'WO-20250415-015', '压纹', 1000, 5000, 8, '孙丽', 15, '2025-04-15', 'DIE-20250512-015使用1000次', '2025-04-15 14:00:00'),
(16, 'DIE-20250512-016', 16, 16, 'WO-20250416-016', '模切', 8000, 60000, 9, '周杰', 16, '2025-04-16', 'DIE-20250512-016使用8000次', '2025-04-16 14:00:00'),
(17, 'DIE-20250512-017', 17, 17, 'WO-20250417-017', '高速模切', 12000, 88000, 2, '张伟', 17, '2025-04-17', 'DIE-20250512-017使用12000次', '2025-04-17 14:00:00'),
(18, 'DIE-20250512-018', 18, 18, 'WO-20250418-018', '模切', 2500, 18000, 3, '李娜', 18, '2025-04-18', 'DIE-20250512-018使用2500次', '2025-04-18 14:00:00'),
(19, 'DIE-20250512-019', 19, 19, 'WO-20250419-019', '烫金模切', 1500, 10000, 4, '王强', 19, '2025-04-19', 'DIE-20250512-019使用1500次', '2025-04-19 14:00:00'),
(20, 'DIE-20250512-020', 20, 20, 'WO-20250420-020', '模切', 10000, 72000, 5, '刘洋', 20, '2025-04-20', 'DIE-20250512-020使用10000次', '2025-04-20 14:00:00');


-- -----------------------------------------------------------
-- 13. prd_die_maintenance 刀模维护 (20条)
-- -----------------------------------------------------------
INSERT IGNORE INTO prd_die_maintenance
(maintenance_no, die_id, die_code, maintenance_type, impressions_before, impressions_after, maintenance_date, next_maintenance_date, cost, technician_id, technician_name, status, remark, create_time, update_time, deleted)
VALUES
('DM-20250512-001', 1, 'DIE-20250512-001', 'routine', 30000, 35000, '2025-04-01', '2025-09-01', 800.00, 6, '陈明', 1, 'DIE-20250512-001例行维护', '2025-04-01 16:00:00', '2025-04-01 16:00:00', 0),
('DM-20250512-002', 2, 'DIE-20250512-002', 'routine', 36000, 42000, '2025-04-03', '2025-10-04', 950.00, 7, '赵磊', 1, 'DIE-20250512-002例行维护', '2025-04-03 16:00:00', '2025-04-03 16:00:00', 0),
('DM-20250512-003', 3, 'DIE-20250512-003', 'routine', 60000, 68000, '2025-04-05', '2025-11-07', 1200.00, 8, '孙丽', 1, 'DIE-20250512-003例行维护', '2025-04-05 16:00:00', '2025-04-05 16:00:00', 0),
('DM-20250512-004', 4, 'DIE-20250512-004', 'routine', 20000, 25000, '2025-04-07', '2025-09-10', 750.00, 9, '周杰', 1, 'DIE-20250512-004例行维护', '2025-04-07 16:00:00', '2025-04-07 16:00:00', 0),
('DM-20250512-005', 5, 'DIE-20250512-005', 'repair', 12000, 15000, '2025-04-09', '2025-10-13', 2500.00, 10, '吴芳', 1, 'DIE-20250512-005修复维护', '2025-04-09 16:00:00', '2025-04-09 16:00:00', 0),
('DM-20250512-006', 6, 'DIE-20250512-006', 'routine', 6000, 8000, '2025-04-11', '2025-11-16', 600.00, 6, '陈明', 1, 'DIE-20250512-006例行维护', '2025-04-11 16:00:00', '2025-04-11 16:00:00', 0),
('DM-20250512-007', 7, 'DIE-20250512-007', 'routine', 80000, 95000, '2025-04-13', '2025-09-19', 1500.00, 7, '赵磊', 1, 'DIE-20250512-007例行维护', '2025-04-13 16:00:00', '2025-04-13 16:00:00', 0),
('DM-20250512-008', 8, 'DIE-20250512-008', 'routine', 32000, 38000, '2025-04-15', '2025-10-22', 1100.00, 8, '孙丽', 1, 'DIE-20250512-008例行维护', '2025-04-15 16:00:00', '2025-04-15 16:00:00', 0),
('DM-20250512-009', 9, 'DIE-20250512-009', 'repair', 50000, 55000, '2025-04-17', '2025-11-25', 3200.00, 9, '周杰', 1, 'DIE-20250512-009修复维护', '2025-04-17 16:00:00', '2025-04-17 16:00:00', 0),
('DM-20250512-010', 10, 'DIE-20250512-010', 'routine', 100000, 120000, '2025-04-19', '2025-09-28', 1800.00, 10, '吴芳', 1, 'DIE-20250512-010例行维护', '2025-04-19 16:00:00', '2025-04-19 16:00:00', 0),
('DM-20250512-011', 11, 'DIE-20250512-011', 'routine', 38000, 45000, '2025-04-21', '2025-10-28', 900.00, 6, '陈明', 1, 'DIE-20250512-011例行维护', '2025-04-21 16:00:00', '2025-04-21 16:00:00', 0),
('DM-20250512-012', 12, 'DIE-20250512-012', 'repair', 18000, 22000, '2025-04-23', '2025-11-28', 2800.00, 7, '赵磊', 1, 'DIE-20250512-012修复维护', '2025-04-23 16:00:00', '2025-04-23 16:00:00', 0),
('DM-20250512-013', 13, 'DIE-20250512-013', 'routine', 25000, 30000, '2025-04-25', '2025-09-28', 700.00, 8, '孙丽', 1, 'DIE-20250512-013例行维护', '2025-04-25 16:00:00', '2025-04-25 16:00:00', 0),
('DM-20250512-014', 14, 'DIE-20250512-014', 'routine', 65000, 78000, '2025-04-27', '2025-10-28', 1300.00, 9, '周杰', 1, 'DIE-20250512-014例行维护', '2025-04-27 16:00:00', '2025-04-27 16:00:00', 0),
('DM-20250512-015', 15, 'DIE-20250512-015', 'routine', 3000, 5000, '2025-04-29', '2025-11-28', 500.00, 10, '吴芳', 1, 'DIE-20250512-015例行维护', '2025-04-29 16:00:00', '2025-04-29 16:00:00', 0),
('DM-20250512-016', 16, 'DIE-20250512-016', 'repair', 52000, 60000, '2025-04-30', '2025-09-28', 2600.00, 6, '陈明', 1, 'DIE-20250512-016修复维护', '2025-04-30 16:00:00', '2025-04-30 16:00:00', 0),
('DM-20250512-017', 17, 'DIE-20250512-017', 'routine', 75000, 88000, '2025-04-30', '2025-10-28', 1600.00, 7, '赵磊', 1, 'DIE-20250512-017例行维护', '2025-04-30 16:00:00', '2025-04-30 16:00:00', 0),
('DM-20250512-018', 18, 'DIE-20250512-018', 'routine', 15000, 18000, '2025-04-30', '2025-11-28', 850.00, 8, '孙丽', 1, 'DIE-20250512-018例行维护', '2025-04-30 16:00:00', '2025-04-30 16:00:00', 0),
('DM-20250512-019', 19, 'DIE-20250512-019', 'repair', 8000, 10000, '2025-04-30', '2025-09-28', 2100.00, 9, '周杰', 1, 'DIE-20250512-019修复维护', '2025-04-30 16:00:00', '2025-04-30 16:00:00', 0),
('DM-20250512-020', 20, 'DIE-20250512-020', 'routine', 62000, 72000, '2025-04-30', '2025-10-28', 1400.00, 10, '吴芳', 1, 'DIE-20250512-020例行维护', '2025-04-30 16:00:00', '2025-04-30 16:00:00', 0);


-- -----------------------------------------------------------
-- 14. prd_die_template 刀模模板 (20条)
-- -----------------------------------------------------------
INSERT IGNORE INTO prd_die_template
(template_code, template_name, asset_type, layout_type, pieces_per_impression, cumulative_impressions, max_impressions, maintenance_interval, maintenance_count, last_maintenance_impressions, last_maintenance_date, last_used_date, unit_price, die_status, qr_code, template_type, specification, material, max_usage, current_usage, remaining_usage, status, storage_location, purchase_date, supplier_id, remark, create_time, update_time, create_by, deleted)
VALUES
('DT-20250512-001', '圆刀模模板-电池标贴', 'die', 'single_row', 1, 35000, 100000, 30000, 1, 30000, '2025-04-01', '2025-04-01', 3500.00, 'available', 'QR-DT-001', 1, '300mm×200mm', '高速钢', 100000, 35000, 65000, 1, '刀模仓-A区', '2024-06-01', 14, '圆刀模模板-电池标贴标准模板', '2025-04-01 08:00:00', '2025-04-01 08:00:00', 2, 0),
('DT-20250512-002', '平刀模模板-空调面板', 'die', 'single_row', 1, 42000, 80000, 30000, 1, 30000, '2025-04-02', '2025-04-02', 4200.00, 'available', 'QR-DT-002', 2, '450mm×350mm', '合金钢', 80000, 42000, 38000, 1, '刀模仓-A区', '2024-07-03', 14, '平刀模模板-空调面板标准模板', '2025-04-02 08:00:00', '2025-04-02 08:00:00', 2, 0),
('DT-20250512-003', '模切刀模板-手机后盖', 'die', 'single_row', 1, 68000, 120000, 30000, 2, 60000, '2025-04-03', '2025-04-03', 5800.00, 'available', 'QR-DT-003', 3, '180mm×90mm', '硬质合金', 120000, 68000, 52000, 1, '刀模仓-B区', '2024-08-05', 14, '模切刀模板-手机后盖标准模板', '2025-04-03 08:00:00', '2025-04-03 08:00:00', 2, 0),
('DT-20250512-004', '圆刀模模板-洗衣机面板', 'die', 'single_row', 1, 25000, 90000, 30000, 0, 0, '2025-04-04', '2025-04-04', 3800.00, 'available', 'QR-DT-004', 1, '380mm×280mm', '高速钢', 90000, 25000, 65000, 1, '刀模仓-B区', '2024-09-07', 14, '圆刀模模板-洗衣机面板标准模板', '2025-04-04 08:00:00', '2025-04-04 08:00:00', 2, 0),
('DT-20250512-005', '烫金模模板-高端酒标', 'die', 'single_row', 1, 15000, 60000, 30000, 0, 0, '2025-04-05', '2025-04-05', 6500.00, 'available', 'QR-DT-005', 4, '200mm×150mm', '铜合金', 60000, 15000, 45000, 1, '刀模仓-C区', '2024-10-09', 14, '烫金模模板-高端酒标标准模板', '2025-04-05 08:00:00', '2025-04-05 08:00:00', 2, 0),
('DT-20250512-006', '压纹模模板-化妆品盒', 'die', 'single_row', 1, 8000, 50000, 30000, 0, 0, '2025-04-06', '2025-04-06', 5200.00, 'available', 'QR-DT-006', 5, '250mm×200mm', '合金钢', 50000, 8000, 42000, 1, '刀模仓-C区', '2024-11-11', 14, '压纹模模板-化妆品盒标准模板', '2025-04-06 08:00:00', '2025-04-06 08:00:00', 2, 0),
('DT-20250512-007', '模切刀模板-电子标签', 'die', 'single_row', 1, 95000, 150000, 30000, 3, 90000, '2025-04-07', '2025-04-07', 4500.00, 'available', 'QR-DT-007', 3, '120mm×60mm', '硬质合金', 150000, 95000, 55000, 1, '刀模仓-D区', '2024-06-13', 14, '模切刀模板-电子标签标准模板', '2025-04-07 08:00:00', '2025-04-07 08:00:00', 2, 0),
('DT-20250512-008', '圆刀模模板-汽车内饰', 'die', 'single_row', 1, 38000, 70000, 30000, 1, 30000, '2025-04-08', '2025-04-08', 4800.00, 'available', 'QR-DT-008', 1, '500mm×400mm', '高速钢', 70000, 38000, 32000, 1, '刀模仓-D区', '2024-07-15', 14, '圆刀模模板-汽车内饰标准模板', '2025-04-08 08:00:00', '2025-04-08 08:00:00', 2, 0),
('DT-20250512-009', '平刀模模板-热收缩膜', 'die', 'single_row', 1, 55000, 80000, 30000, 1, 30000, '2025-04-09', '2025-04-09', 5500.00, 'available', 'QR-DT-009', 2, '600mm×500mm', '合金钢', 80000, 55000, 25000, 1, '刀模仓-E区', '2024-08-17', 14, '平刀模模板-热收缩膜标准模板', '2025-04-09 08:00:00', '2025-04-09 08:00:00', 2, 0),
('DT-20250512-010', '模切刀模板-物流标签', 'die', 'single_row', 1, 120000, 200000, 30000, 4, 120000, '2025-04-10', '2025-04-10', 3200.00, 'available', 'QR-DT-010', 3, '100mm×50mm', '硬质合金', 200000, 120000, 80000, 1, '刀模仓-E区', '2024-09-19', 14, '模切刀模板-物流标签标准模板', '2025-04-10 08:00:00', '2025-04-10 08:00:00', 2, 0),
('DT-20250512-011', '圆刀模模板-药品标签', 'die', 'single_row', 1, 45000, 110000, 30000, 1, 30000, '2025-04-11', '2025-04-11', 3600.00, 'available', 'QR-DT-011', 1, '150mm×80mm', '高速钢', 110000, 45000, 65000, 1, '刀模仓-F区', '2024-10-21', 14, '圆刀模模板-药品标签标准模板', '2025-04-11 08:00:00', '2025-04-11 08:00:00', 2, 0),
('DT-20250512-012', '烫金模模板-烟包', 'die', 'single_row', 1, 22000, 50000, 30000, 0, 0, '2025-04-12', '2025-04-12', 7200.00, 'available', 'QR-DT-012', 4, '300mm×250mm', '铜合金', 50000, 22000, 28000, 1, '刀模仓-F区', '2024-11-23', 14, '烫金模模板-烟包标准模板', '2025-04-12 08:00:00', '2025-04-12 08:00:00', 2, 0),
('DT-20250512-013', '平刀模模板-日化标签', 'die', 'single_row', 1, 30000, 85000, 30000, 1, 30000, '2025-04-13', '2025-04-13', 4000.00, 'available', 'QR-DT-013', 2, '280mm×180mm', '合金钢', 85000, 30000, 55000, 1, '刀模仓-G区', '2024-06-25', 14, '平刀模模板-日化标签标准模板', '2025-04-13 08:00:00', '2025-04-13 08:00:00', 2, 0),
('DT-20250512-014', '模切刀模板-不干胶', 'die', 'single_row', 1, 78000, 130000, 30000, 2, 60000, '2025-04-14', '2025-04-14', 4300.00, 'available', 'QR-DT-014', 3, '200mm×120mm', '硬质合金', 130000, 78000, 52000, 1, '刀模仓-G区', '2024-07-27', 14, '模切刀模板-不干胶标准模板', '2025-04-14 08:00:00', '2025-04-14 08:00:00', 2, 0),
('DT-20250512-015', '压纹模模板-礼品盒', 'die', 'single_row', 1, 5000, 40000, 30000, 0, 0, '2025-04-15', '2025-04-15', 5800.00, 'available', 'QR-DT-015', 5, '350mm×300mm', '合金钢', 40000, 5000, 35000, 1, '刀模仓-H区', '2024-08-28', 14, '压纹模模板-礼品盒标准模板', '2025-04-15 08:00:00', '2025-04-15 08:00:00', 2, 0),
('DT-20250512-016', '圆刀模模板-食品标签', 'die', 'single_row', 1, 60000, 95000, 30000, 2, 60000, '2025-04-16', '2025-04-16', 3700.00, 'available', 'QR-DT-016', 1, '220mm×150mm', '高速钢', 95000, 60000, 35000, 1, '刀模仓-H区', '2024-09-28', 14, '圆刀模模板-食品标签标准模板', '2025-04-16 08:00:00', '2025-04-16 08:00:00', 2, 0),
('DT-20250512-017', '模切刀模板-电池标签', 'die', 'single_row', 1, 88000, 140000, 30000, 2, 60000, '2025-04-17', '2025-04-17', 4600.00, 'available', 'QR-DT-017', 3, '160mm×70mm', '硬质合金', 140000, 88000, 52000, 1, '刀模仓-I区', '2024-10-28', 14, '模切刀模板-电池标签标准模板', '2025-04-17 08:00:00', '2025-04-17 08:00:00', 2, 0),
('DT-20250512-018', '平刀模模板-酒标', 'die', 'single_row', 1, 18000, 75000, 30000, 0, 0, '2025-04-18', '2025-04-18', 4100.00, 'available', 'QR-DT-018', 2, '250mm×200mm', '合金钢', 75000, 18000, 57000, 1, '刀模仓-I区', '2024-11-28', 14, '平刀模模板-酒标标准模板', '2025-04-18 08:00:00', '2025-04-18 08:00:00', 2, 0),
('DT-20250512-019', '烫金模模板-贺卡', 'die', 'single_row', 1, 10000, 45000, 30000, 0, 0, '2025-04-19', '2025-04-19', 6800.00, 'available', 'QR-DT-019', 4, '180mm×130mm', '铜合金', 45000, 10000, 35000, 1, '刀模仓-J区', '2024-06-28', 14, '烫金模模板-贺卡标准模板', '2025-04-19 08:00:00', '2025-04-19 08:00:00', 2, 0),
('DT-20250512-020', '圆刀模模板-饮料标', 'die', 'single_row', 1, 72000, 105000, 30000, 2, 60000, '2025-04-20', '2025-04-20', 3900.00, 'available', 'QR-DT-020', 1, '320mm×220mm', '高速钢', 105000, 72000, 33000, 1, '刀模仓-J区', '2024-07-28', 14, '圆刀模模板-饮料标标准模板', '2025-04-20 08:00:00', '2025-04-20 08:00:00', 2, 0);


-- -----------------------------------------------------------
-- 15. screen_plate_history 网版历史 (20条)
-- -----------------------------------------------------------
INSERT IGNORE INTO screen_plate_history
(screen_plate_id, action, tension_value, life_increment, remark, operator_id, operator_name, created_at)
VALUES
(1, 'exposure', 25.50, 0, '网版曝光制版', 2, '张伟', '2025-04-01 08:00:00'),
(2, 'use', 24.80, 500, '网版上机使用', 3, '李娜', '2025-04-02 09:00:00'),
(3, 'clean', 24.20, 0, '网版清洗保养', 4, '王强', '2025-04-03 10:00:00'),
(4, 'reclaim', 0.00, 0, '网版回收翻新', 5, '刘洋', '2025-04-04 11:00:00'),
(5, 'use', 23.50, 800, '网版上机使用', 6, '陈明', '2025-04-05 12:00:00'),
(6, 'exposure', 26.80, 0, '网版曝光制版', 7, '赵磊', '2025-04-06 13:00:00'),
(7, 'use', 26.20, 600, '网版上机使用', 8, '孙丽', '2025-04-07 14:00:00'),
(8, 'clean', 25.50, 0, '网版清洗保养', 9, '周杰', '2025-04-08 15:00:00'),
(9, 'use', 24.80, 700, '网版上机使用', 2, '张伟', '2025-04-09 16:00:00'),
(10, 'exposure', 21.80, 0, '网版曝光制版', 3, '李娜', '2025-04-10 17:00:00'),
(11, 'use', 21.20, 400, '网版上机使用', 4, '王强', '2025-04-11 18:00:00'),
(12, 'reclaim', 0.00, 0, '网版回收翻新', 5, '刘洋', '2025-04-12 19:00:00'),
(13, 'use', 20.50, 500, '网版上机使用', 6, '陈明', '2025-04-13 20:00:00'),
(14, 'clean', 19.80, 0, '网版清洗保养', 7, '赵磊', '2025-04-14 21:00:00'),
(15, 'exposure', 28.80, 0, '网版曝光制版', 8, '孙丽', '2025-04-15 22:00:00'),
(16, 'use', 28.20, 600, '网版上机使用', 9, '周杰', '2025-04-16 23:00:00'),
(17, 'clean', 27.50, 0, '网版清洗保养', 2, '张伟', '2025-04-17 24:00:00'),
(18, 'use', 26.30, 800, '网版上机使用', 3, '李娜', '2025-04-18 25:00:00'),
(19, 'reclaim', 0.00, 0, '网版回收翻新', 4, '王强', '2025-04-19 26:00:00'),
(20, 'use', 25.10, 500, '网版上机使用', 5, '刘洋', '2025-04-20 27:00:00');



-- ============================================================
-- 二、质量管理模块
-- ============================================================

-- -----------------------------------------------------------
-- 16. qc_incoming_inspection 来料检验 (20条)
-- -----------------------------------------------------------
INSERT IGNORE INTO qc_incoming_inspection
(inspection_no, inspection_date, supplier_id, supplier_name, material_id, material_code, material_name, specification, batch_no, quantity, unit, inspection_type, inspection_result, qualified_qty, unqualified_qty, inspector_id, inspector_name, remark, create_time, update_time, create_by, deleted)
VALUES
('QCI-20250512-001', '2025-04-01', 1, '东莞鑫达薄膜材料', 1, 'PET-001', 'PET透明膜0.1mm', '1000mm×500m/卷', 'BH202504000101', 1000.0000, 'kg', 1, 1, 1000.0000, 0.0000, 4, '王强', '来料检验合格', '2025-04-01 14:00:00', '2025-04-01 14:00:00', 4, 0),
('QCI-20250512-002', '2025-04-02', 2, '佛山顺达PVC材料', 3, 'PVC-001', 'PVC透明膜0.15mm', '1000mm×400m/卷', 'BH202504000201', 600.0000, 'kg', 1, 1, 600.0000, 0.0000, 5, '刘洋', '来料检验合格', '2025-04-02 14:00:00', '2025-04-02 14:00:00', 5, 0),
('QCI-20250512-003', '2025-04-03', 3, '深圳精诚油墨化工', 8, 'UV-BK', 'UV油墨-黑色', 'UV固化型 粘度25-30s', 'BH202504000301', 120.0000, 'kg', 1, 1, 120.0000, 0.0000, 6, '陈明', '来料检验合格', '2025-04-03 14:00:00', '2025-04-03 14:00:00', 6, 0),
('QCI-20250512-004', '2025-04-04', 4, '广州永盛化工', 10, 'SOL-BK', '溶剂型油墨-黑色', '溶剂型 粘度30-35s', 'BH202504000401', 80.0000, 'kg', 1, 1, 80.0000, 0.0000, 7, '赵磊', '来料检验合格', '2025-04-04 14:00:00', '2025-04-04 14:00:00', 7, 0),
('QCI-20250512-005', '2025-04-05', 5, '东莞宏达丝网材料', 14, 'SCREEN-300', '丝印网版-300目', '300目 铝合金框架', 'BH202504000501', 15.0000, 'kg', 1, 1, 15.0000, 0.0000, 8, '孙丽', '来料检验合格', '2025-04-05 14:00:00', '2025-04-05 14:00:00', 8, 0),
('QCI-20250512-006', '2025-04-06', 6, '上海紫江特种油墨', 9, 'UV-WH', 'UV油墨-白色', 'UV固化型 粘度20-25s', 'BH202504000601', 100.0000, 'kg', 1, 1, 100.0000, 0.0000, 4, '王强', '来料检验合格', '2025-04-06 14:00:00', '2025-04-06 14:00:00', 4, 0),
('QCI-20250512-007', '2025-04-07', 3, '深圳精诚油墨化工', 16, 'THINNER', '稀释剂-标准型', '标准型 沸点80-120°C', 'BH202504000701', 300.0000, 'kg', 1, 1, 300.0000, 0.0000, 5, '刘洋', '来料检验合格', '2025-04-07 14:00:00', '2025-04-07 14:00:00', 5, 0),
('QCI-20250512-008', '2025-04-08', 4, '广州永盛化工', 17, 'UV-VARNISH', 'UV光油-高光', 'UV光油 固含量≥95%', 'BH202504000801', 50.0000, 'kg', 1, 0, 42.5000, 7.5000, 6, '陈明', '来料检验部分不合格', '2025-04-08 14:00:00', '2025-04-08 14:00:00', 6, 0),
('QCI-20250512-009', '2025-04-09', 7, '苏州雅特不干胶材料', 5, 'BOPP-001', 'BOPP透明膜0.08mm', '800mm×600m/卷', 'BH202504000901', 600.0000, '件', 1, 1, 600.0000, 0.0000, 7, '赵磊', '来料检验合格', '2025-04-09 14:00:00', '2025-04-09 14:00:00', 7, 0),
('QCI-20250512-010', '2025-04-10', 8, '深圳金太阳保护膜', 20, 'FILM-SHRINK', '热收缩膜', '通用型', 'BH202504001001', 200.0000, '件', 1, 1, 200.0000, 0.0000, 8, '孙丽', '来料检验合格', '2025-04-10 14:00:00', '2025-04-10 14:00:00', 8, 0),
('QCI-20250512-011', '2025-04-11', 9, '东莞鑫达薄膜材料', 2, 'PET-002', 'PET白膜0.125mm', '1200mm×500m/卷', 'BH202504001101', 800.0000, '件', 1, 1, 800.0000, 0.0000, 4, '王强', '来料检验合格', '2025-04-11 14:00:00', '2025-04-11 14:00:00', 4, 0),
('QCI-20250512-012', '2025-04-12', 10, '佛山顺达PVC材料', 4, 'PVC-002', 'PVC白膜0.2mm', '1200mm×400m/卷', 'BH202504001201', 750.0000, '件', 1, 1, 750.0000, 0.0000, 5, '刘洋', '来料检验合格', '2025-04-12 14:00:00', '2025-04-12 14:00:00', 5, 0),
('QCI-20250512-013', '2025-04-13', 1, '东莞鑫达薄膜材料', 6, 'PE-001', 'PE膜0.05mm', '600mm×400m/卷', 'BH202504001301', 400.0000, '件', 1, 1, 400.0000, 0.0000, 6, '陈明', '来料检验合格', '2025-04-13 14:00:00', '2025-04-13 14:00:00', 6, 0),
('QCI-20250512-014', '2025-04-14', 2, '佛山顺达PVC材料', 7, 'PAPER-001', '铜版纸80g', '大度889mm×1194mm', 'BH202504001401', 500.0000, '件', 1, 1, 500.0000, 0.0000, 7, '赵磊', '来料检验合格', '2025-04-14 14:00:00', '2025-04-14 14:00:00', 7, 0),
('QCI-20250512-015', '2025-04-15', 3, '深圳精诚油墨化工', 11, 'AG-PASTE', '导电银浆-高导电', '导电型 固含70%', 'BH202504001501', 40.0000, '件', 1, 1, 40.0000, 0.0000, 8, '孙丽', '来料检验合格', '2025-04-15 14:00:00', '2025-04-15 14:00:00', 8, 0),
('QCI-20250512-016', '2025-04-16', 4, '广州永盛化工', 12, 'DIE-001', '模切刀模-平板', '平板式 精度±0.05mm', 'BH202504001601', 10.0000, '件', 1, 0, 8.5000, 1.5000, 4, '王强', '来料检验部分不合格', '2025-04-16 14:00:00', '2025-04-16 14:00:00', 4, 0),
('QCI-20250512-017', '2025-04-17', 5, '东莞宏达丝网材料', 15, 'LABEL-ELEC', '电子标签', '60mm×30mm', 'BH202504001701', 50000.0000, '件', 1, 1, 50000.0000, 0.0000, 5, '刘洋', '来料检验合格', '2025-04-17 14:00:00', '2025-04-17 14:00:00', 5, 0),
('QCI-20250512-018', '2025-04-18', 6, '上海紫江特种油墨', 13, 'LABEL-AC', '空调面板标签', '150mm×80mm', 'BH202504001801', 30000.0000, '件', 1, 1, 30000.0000, 0.0000, 6, '陈明', '来料检验合格', '2025-04-18 14:00:00', '2025-04-18 14:00:00', 6, 0),
('QCI-20250512-019', '2025-04-19', 3, '深圳精诚油墨化工', 18, 'LABEL-WASH', '洗衣机面板标签', '200mm×120mm', 'BH202504001901', 20000.0000, '件', 1, 1, 20000.0000, 0.0000, 7, '赵磊', '来料检验合格', '2025-04-19 14:00:00', '2025-04-19 14:00:00', 7, 0),
('QCI-20250512-020', '2025-04-20', 4, '广州永盛化工', 19, 'LABEL-PHONE', '手机后盖标签', '80mm×45mm', 'BH202504002001', 100000.0000, '件', 1, 1, 100000.0000, 0.0000, 8, '孙丽', '来料检验合格', '2025-04-20 14:00:00', '2025-04-20 14:00:00', 8, 0);


-- -----------------------------------------------------------
-- 17. qc_incoming_inspection_item 来料检验明细 (40条)
-- -----------------------------------------------------------
INSERT IGNORE INTO qc_incoming_inspection_item
(inspection_id, item_name, standard, actual_value, result, remark, create_time, deleted)
VALUES
(1, '外观检查', '无破损、无污染', '合格', 1, '符合标准', '2025-04-01 14:30:00', 0),
(1, '尺寸测量', '公差±0.5mm', '合格', 1, '符合标准', '2025-04-01 14:30:00', 0),
(2, '粘度测试', '25-30s', '27s', 1, '符合标准', '2025-04-02 14:30:00', 0),
(2, '固含量检测', '≥60%', '62%', 1, '符合标准', '2025-04-02 14:30:00', 0),
(3, '色差检测', 'ΔE≤2.0', 'ΔE=1.2', 1, '符合标准', '2025-04-03 14:30:00', 0),
(3, 'pH值检测', '6.0-8.0', '7.2', 1, '符合标准', '2025-04-03 14:30:00', 0),
(4, '包装完整性', '包装完好无破损', '完好', 1, '符合标准', '2025-04-04 14:30:00', 0),
(4, '标签核对', '标签信息完整准确', '完整', 1, '符合标准', '2025-04-04 14:30:00', 0),
(5, '外观检查', '无破损、无污染', '合格', 1, '符合标准', '2025-04-05 14:30:00', 0),
(5, '尺寸测量', '公差±0.5mm', '合格', 1, '符合标准', '2025-04-05 14:30:00', 0),
(6, '粘度测试', '25-30s', '32s', 1, '符合标准', '2025-04-06 14:30:00', 0),
(6, '固含量检测', '≥60%', '58%', 1, '符合标准', '2025-04-06 14:30:00', 0),
(7, '色差检测', 'ΔE≤2.0', 'ΔE=0.8', 1, '符合标准', '2025-04-07 14:30:00', 0),
(7, 'pH值检测', '6.0-8.0', '6.8', 1, '符合标准', '2025-04-07 14:30:00', 0),
(8, '包装完整性', '包装完好无破损', '完好', 0, '不符合标准', '2025-04-08 14:30:00', 0),
(8, '标签核对', '标签信息完整准确', '完整', 0, '不符合标准', '2025-04-08 14:30:00', 0),
(9, '外观检查', '无破损、无污染', '合格', 1, '符合标准', '2025-04-09 14:30:00', 0),
(9, '尺寸测量', '公差±0.5mm', '合格', 1, '符合标准', '2025-04-09 14:30:00', 0),
(10, '粘度测试', '25-30s', '28s', 1, '符合标准', '2025-04-10 14:30:00', 0),
(10, '固含量检测', '≥60%', '61%', 1, '符合标准', '2025-04-10 14:30:00', 0),
(11, '色差检测', 'ΔE≤2.0', 'ΔE=1.5', 1, '符合标准', '2025-04-11 14:30:00', 0),
(11, 'pH值检测', '6.0-8.0', '7.0', 1, '符合标准', '2025-04-11 14:30:00', 0),
(12, '包装完整性', '包装完好无破损', '完好', 1, '符合标准', '2025-04-12 14:30:00', 0),
(12, '标签核对', '标签信息完整准确', '完整', 1, '符合标准', '2025-04-12 14:30:00', 0),
(13, '外观检查', '无破损、无污染', '合格', 1, '符合标准', '2025-04-13 14:30:00', 0),
(13, '尺寸测量', '公差±0.5mm', '合格', 1, '符合标准', '2025-04-13 14:30:00', 0),
(14, '粘度测试', '25-30s', '33s', 1, '符合标准', '2025-04-14 14:30:00', 0),
(14, '固含量检测', '≥60%', '59%', 1, '符合标准', '2025-04-14 14:30:00', 0),
(15, '色差检测', 'ΔE≤2.0', 'ΔE=1.8', 1, '符合标准', '2025-04-15 14:30:00', 0),
(15, 'pH值检测', '6.0-8.0', '7.5', 1, '符合标准', '2025-04-15 14:30:00', 0),
(16, '包装完整性', '包装完好无破损', '完好', 0, '不符合标准', '2025-04-16 14:30:00', 0),
(16, '标签核对', '标签信息完整准确', '完整', 0, '不符合标准', '2025-04-16 14:30:00', 0),
(17, '外观检查', '无破损、无污染', '合格', 1, '符合标准', '2025-04-17 14:30:00', 0),
(17, '尺寸测量', '公差±0.5mm', '合格', 1, '符合标准', '2025-04-17 14:30:00', 0),
(18, '粘度测试', '25-30s', '26s', 1, '符合标准', '2025-04-18 14:30:00', 0),
(18, '固含量检测', '≥60%', '63%', 1, '符合标准', '2025-04-18 14:30:00', 0),
(19, '色差检测', 'ΔE≤2.0', 'ΔE=0.5', 1, '符合标准', '2025-04-19 14:30:00', 0),
(19, 'pH值检测', '6.0-8.0', '6.5', 1, '符合标准', '2025-04-19 14:30:00', 0),
(20, '包装完整性', '包装完好无破损', '完好', 1, '符合标准', '2025-04-20 14:30:00', 0),
(20, '标签核对', '标签信息完整准确', '完整', 1, '符合标准', '2025-04-20 14:30:00', 0);


-- -----------------------------------------------------------
-- 18. qc_process_inspection 过程检验 (20条)
-- -----------------------------------------------------------
INSERT IGNORE INTO qc_process_inspection
(inspection_no, inspection_date, work_order_id, work_order_no, process_name, product_id, product_code, product_name, inspection_qty, qualified_qty, unqualified_qty, inspection_result, inspector_name, remark, create_time, update_time, create_by, deleted)
VALUES
('QPI-20250512-001', '2025-04-01', 1, 'WO-20250401-001', '印刷', 22, 'LABEL-AC', '空调面板标签', 5000.0000, 5000.0000, 0.0000, 1, '王强', '过程检验合格', '2025-04-01 15:00:00', '2025-04-01 15:00:00', 4, 0),
('QPI-20250512-002', '2025-04-02', 2, 'WO-20250402-002', '印刷', 23, 'LABEL-WASH', '洗衣机面板标签', 3000.0000, 3000.0000, 0.0000, 1, '刘洋', '过程检验合格', '2025-04-02 15:00:00', '2025-04-02 15:00:00', 5, 0),
('QPI-20250512-003', '2025-04-03', 3, 'WO-20250403-003', '模切', 24, 'LABEL-PHONE', '手机后盖标签', 8000.0000, 8000.0000, 0.0000, 1, '陈明', '过程检验合格', '2025-04-03 15:00:00', '2025-04-03 15:00:00', 6, 0),
('QPI-20250512-004', '2025-04-04', 4, 'WO-20250404-004', '印刷', 25, 'LABEL-AUTO', '汽车内饰标签', 4000.0000, 4000.0000, 0.0000, 1, '赵磊', '过程检验合格', '2025-04-04 15:00:00', '2025-04-04 15:00:00', 7, 0),
('QPI-20250512-005', '2025-04-05', 5, 'WO-20250405-005', '烫金', 19, 'LABEL-ELEC', '电子标签', 2000.0000, 2000.0000, 0.0000, 1, '孙丽', '过程检验合格', '2025-04-05 15:00:00', '2025-04-05 15:00:00', 8, 0),
('QPI-20250512-006', '2025-04-06', 6, 'WO-20250406-006', '印刷', 20, 'FILM-SHRINK', '热收缩膜', 5000.0000, 4600.0000, 400.0000, 0, '王强', '过程检验发现不良', '2025-04-06 15:00:00', '2025-04-06 15:00:00', 4, 0),
('QPI-20250512-007', '2025-04-07', 7, 'WO-20250407-007', '模切', 22, 'LABEL-AC', '空调面板标签', 6000.0000, 6000.0000, 0.0000, 1, '刘洋', '过程检验合格', '2025-04-07 15:00:00', '2025-04-07 15:00:00', 5, 0),
('QPI-20250512-008', '2025-04-08', 8, 'WO-20250408-008', '印刷', 23, 'LABEL-WASH', '洗衣机面板标签', 2500.0000, 2500.0000, 0.0000, 1, '陈明', '过程检验合格', '2025-04-08 15:00:00', '2025-04-08 15:00:00', 6, 0),
('QPI-20250512-009', '2025-04-09', 9, 'WO-20250409-009', '印刷', 24, 'LABEL-PHONE', '手机后盖标签', 7000.0000, 7000.0000, 0.0000, 1, '赵磊', '过程检验合格', '2025-04-09 15:00:00', '2025-04-09 15:00:00', 7, 0),
('QPI-20250512-010', '2025-04-10', 10, 'WO-20250410-010', '模切', 25, 'LABEL-AUTO', '汽车内饰标签', 3000.0000, 3000.0000, 0.0000, 1, '孙丽', '过程检验合格', '2025-04-10 15:00:00', '2025-04-10 15:00:00', 8, 0),
('QPI-20250512-011', '2025-04-11', 11, 'WO-20250411-011', '印刷', 19, 'LABEL-ELEC', '电子标签', 4000.0000, 4000.0000, 0.0000, 1, '王强', '过程检验合格', '2025-04-11 15:00:00', '2025-04-11 15:00:00', 4, 0),
('QPI-20250512-012', '2025-04-12', 12, 'WO-20250412-012', '烫金', 20, 'FILM-SHRINK', '热收缩膜', 2000.0000, 2000.0000, 0.0000, 1, '刘洋', '过程检验合格', '2025-04-12 15:00:00', '2025-04-12 15:00:00', 5, 0),
('QPI-20250512-013', '2025-04-13', 13, 'WO-20250413-013', '印刷', 22, 'LABEL-AC', '空调面板标签', 5500.0000, 5060.0000, 440.0000, 0, '陈明', '过程检验发现不良', '2025-04-13 15:00:00', '2025-04-13 15:00:00', 6, 0),
('QPI-20250512-014', '2025-04-14', 14, 'WO-20250414-014', '模切', 23, 'LABEL-WASH', '洗衣机面板标签', 3500.0000, 3500.0000, 0.0000, 1, '赵磊', '过程检验合格', '2025-04-14 15:00:00', '2025-04-14 15:00:00', 7, 0),
('QPI-20250512-015', '2025-04-15', 15, 'WO-20250415-015', '压纹', 24, 'LABEL-PHONE', '手机后盖标签', 9000.0000, 9000.0000, 0.0000, 1, '孙丽', '过程检验合格', '2025-04-15 15:00:00', '2025-04-15 15:00:00', 8, 0),
('QPI-20250512-016', '2025-04-16', 16, 'WO-20250416-016', '印刷', 25, 'LABEL-AUTO', '汽车内饰标签', 4500.0000, 4500.0000, 0.0000, 1, '王强', '过程检验合格', '2025-04-16 15:00:00', '2025-04-16 15:00:00', 4, 0),
('QPI-20250512-017', '2025-04-17', 17, 'WO-20250417-017', '模切', 19, 'LABEL-ELEC', '电子标签', 2500.0000, 2500.0000, 0.0000, 1, '刘洋', '过程检验合格', '2025-04-17 15:00:00', '2025-04-17 15:00:00', 5, 0),
('QPI-20250512-018', '2025-04-18', 18, 'WO-20250418-018', '印刷', 20, 'FILM-SHRINK', '热收缩膜', 6000.0000, 6000.0000, 0.0000, 1, '陈明', '过程检验合格', '2025-04-18 15:00:00', '2025-04-18 15:00:00', 6, 0),
('QPI-20250512-019', '2025-04-19', 19, 'WO-20250419-019', '烫金', 22, 'LABEL-AC', '空调面板标签', 5000.0000, 5000.0000, 0.0000, 1, '赵磊', '过程检验合格', '2025-04-19 15:00:00', '2025-04-19 15:00:00', 7, 0),
('QPI-20250512-020', '2025-04-20', 20, 'WO-20250420-020', '模切', 23, 'LABEL-WASH', '洗衣机面板标签', 3000.0000, 3000.0000, 0.0000, 1, '孙丽', '过程检验合格', '2025-04-20 15:00:00', '2025-04-20 15:00:00', 8, 0);


-- -----------------------------------------------------------
-- 19. qc_final_inspection 终检 (20条)
-- -----------------------------------------------------------
INSERT IGNORE INTO qc_final_inspection
(inspection_no, inspection_date, work_order_id, work_order_no, product_id, product_code, product_name, batch_no, inspection_qty, qualified_qty, unqualified_qty, inspection_result, inspector_name, remark, create_time, update_time, create_by, deleted)
VALUES
('QFI-20250512-001', '2025-04-02', 1, 'WO-20250401-001', 22, 'LABEL-AC', '空调面板标签', 'FB202504000101', 5000.0000, 5000.0000, 0.0000, 1, '刘洋', '终检合格放行', '2025-04-02 16:00:00', '2025-04-02 16:00:00', 4, 0),
('QFI-20250512-002', '2025-04-03', 2, 'WO-20250402-002', 23, 'LABEL-WASH', '洗衣机面板标签', 'FB202504000201', 3000.0000, 3000.0000, 0.0000, 1, '陈明', '终检合格放行', '2025-04-03 16:00:00', '2025-04-03 16:00:00', 5, 0),
('QFI-20250512-003', '2025-04-04', 3, 'WO-20250403-003', 24, 'LABEL-PHONE', '手机后盖标签', 'FB202504000301', 8000.0000, 8000.0000, 0.0000, 1, '赵磊', '终检合格放行', '2025-04-04 16:00:00', '2025-04-04 16:00:00', 6, 0),
('QFI-20250512-004', '2025-04-05', 4, 'WO-20250404-004', 25, 'LABEL-AUTO', '汽车内饰标签', 'FB202504000401', 4000.0000, 4000.0000, 0.0000, 1, '孙丽', '终检合格放行', '2025-04-05 16:00:00', '2025-04-05 16:00:00', 7, 0),
('QFI-20250512-005', '2025-04-06', 5, 'WO-20250405-005', 19, 'LABEL-ELEC', '电子标签', 'FB202504000501', 2000.0000, 2000.0000, 0.0000, 1, '周杰', '终检合格放行', '2025-04-06 16:00:00', '2025-04-06 16:00:00', 8, 0),
('QFI-20250512-006', '2025-04-07', 6, 'WO-20250406-006', 20, 'FILM-SHRINK', '热收缩膜', 'FB202504000601', 5000.0000, 5000.0000, 0.0000, 1, '刘洋', '终检合格放行', '2025-04-07 16:00:00', '2025-04-07 16:00:00', 4, 0),
('QFI-20250512-007', '2025-04-08', 7, 'WO-20250407-007', 22, 'LABEL-AC', '空调面板标签', 'FB202504000701', 6000.0000, 6000.0000, 0.0000, 1, '陈明', '终检合格放行', '2025-04-08 16:00:00', '2025-04-08 16:00:00', 5, 0),
('QFI-20250512-008', '2025-04-09', 8, 'WO-20250408-008', 23, 'LABEL-WASH', '洗衣机面板标签', 'FB202504000801', 2500.0000, 2500.0000, 0.0000, 1, '赵磊', '终检合格放行', '2025-04-09 16:00:00', '2025-04-09 16:00:00', 6, 0),
('QFI-20250512-009', '2025-04-10', 9, 'WO-20250409-009', 24, 'LABEL-PHONE', '手机后盖标签', 'FB202504000901', 7000.0000, 6650.0000, 350.0000, 0, '孙丽', '终检部分不合格需返工', '2025-04-10 16:00:00', '2025-04-10 16:00:00', 7, 0),
('QFI-20250512-010', '2025-04-11', 10, 'WO-20250410-010', 25, 'LABEL-AUTO', '汽车内饰标签', 'FB202504001001', 3000.0000, 3000.0000, 0.0000, 1, '周杰', '终检合格放行', '2025-04-11 16:00:00', '2025-04-11 16:00:00', 8, 0),
('QFI-20250512-011', '2025-04-12', 11, 'WO-20250411-011', 19, 'LABEL-ELEC', '电子标签', 'FB202504001101', 4000.0000, 4000.0000, 0.0000, 1, '刘洋', '终检合格放行', '2025-04-12 16:00:00', '2025-04-12 16:00:00', 4, 0),
('QFI-20250512-012', '2025-04-13', 12, 'WO-20250412-012', 20, 'FILM-SHRINK', '热收缩膜', 'FB202504001201', 2000.0000, 2000.0000, 0.0000, 1, '陈明', '终检合格放行', '2025-04-13 16:00:00', '2025-04-13 16:00:00', 5, 0),
('QFI-20250512-013', '2025-04-14', 13, 'WO-20250413-013', 22, 'LABEL-AC', '空调面板标签', 'FB202504001301', 5500.0000, 5500.0000, 0.0000, 1, '赵磊', '终检合格放行', '2025-04-14 16:00:00', '2025-04-14 16:00:00', 6, 0),
('QFI-20250512-014', '2025-04-15', 14, 'WO-20250414-014', 23, 'LABEL-WASH', '洗衣机面板标签', 'FB202504001401', 3500.0000, 3500.0000, 0.0000, 1, '孙丽', '终检合格放行', '2025-04-15 16:00:00', '2025-04-15 16:00:00', 7, 0),
('QFI-20250512-015', '2025-04-16', 15, 'WO-20250415-015', 24, 'LABEL-PHONE', '手机后盖标签', 'FB202504001501', 9000.0000, 9000.0000, 0.0000, 1, '周杰', '终检合格放行', '2025-04-16 16:00:00', '2025-04-16 16:00:00', 8, 0),
('QFI-20250512-016', '2025-04-17', 16, 'WO-20250416-016', 25, 'LABEL-AUTO', '汽车内饰标签', 'FB202504001601', 4500.0000, 4500.0000, 0.0000, 1, '刘洋', '终检合格放行', '2025-04-17 16:00:00', '2025-04-17 16:00:00', 4, 0),
('QFI-20250512-017', '2025-04-18', 17, 'WO-20250417-017', 19, 'LABEL-ELEC', '电子标签', 'FB202504001701', 2500.0000, 2500.0000, 0.0000, 1, '陈明', '终检合格放行', '2025-04-18 16:00:00', '2025-04-18 16:00:00', 5, 0),
('QFI-20250512-018', '2025-04-19', 18, 'WO-20250418-018', 20, 'FILM-SHRINK', '热收缩膜', 'FB202504001801', 6000.0000, 6000.0000, 0.0000, 1, '赵磊', '终检合格放行', '2025-04-19 16:00:00', '2025-04-19 16:00:00', 6, 0),
('QFI-20250512-019', '2025-04-20', 19, 'WO-20250419-019', 22, 'LABEL-AC', '空调面板标签', 'FB202504001901', 5000.0000, 5000.0000, 0.0000, 1, '孙丽', '终检合格放行', '2025-04-20 16:00:00', '2025-04-20 16:00:00', 7, 0),
('QFI-20250512-020', '2025-04-21', 20, 'WO-20250420-020', 23, 'LABEL-WASH', '洗衣机面板标签', 'FB202504002001', 3000.0000, 3000.0000, 0.0000, 1, '周杰', '终检合格放行', '2025-04-21 16:00:00', '2025-04-21 16:00:00', 8, 0);


-- -----------------------------------------------------------
-- 20. qc_inspection 通用检验 (20条)
-- -----------------------------------------------------------
INSERT IGNORE INTO qc_inspection
(inspection_no, inspection_type, source_type, source_no, material_id, batch_no, inspection_qty, qualified_qty, unqualified_qty, inspection_result, inspector, inspection_date, remark, create_time, update_time, deleted)
VALUES
('QI-20250512-001', 1, 'incoming', 'QCI-20250512-001', 1, 'BH202504000101', 1000.0000, 1000.0000, 0.0000, 1, '王强', '2025-04-01', '检验合格', '2025-04-01 14:00:00', '2025-04-01 14:00:00', 0),
('QI-20250512-002', 1, 'incoming', 'QCI-20250512-002', 3, 'BH202504000201', 600.0000, 600.0000, 0.0000, 1, '刘洋', '2025-04-02', '检验合格', '2025-04-02 14:00:00', '2025-04-02 14:00:00', 0),
('QI-20250512-003', 2, 'process', 'QPI-20250512-003', 8, 'BH202504000301', 120.0000, 120.0000, 0.0000, 1, '陈明', '2025-04-03', '检验合格', '2025-04-03 14:00:00', '2025-04-03 14:00:00', 0),
('QI-20250512-004', 1, 'incoming', 'QCI-20250512-004', 10, 'BH202504000401', 80.0000, 80.0000, 0.0000, 1, '赵磊', '2025-04-04', '检验合格', '2025-04-04 14:00:00', '2025-04-04 14:00:00', 0),
('QI-20250512-005', 3, 'final', 'QFI-20250512-005', 14, 'BH202504000501', 15.0000, 15.0000, 0.0000, 1, '孙丽', '2025-04-05', '检验合格', '2025-04-05 14:00:00', '2025-04-05 14:00:00', 0),
('QI-20250512-006', 1, 'incoming', 'QCI-20250512-006', 9, 'BH202504000601', 100.0000, 100.0000, 0.0000, 1, '王强', '2025-04-06', '检验合格', '2025-04-06 14:00:00', '2025-04-06 14:00:00', 0),
('QI-20250512-007', 2, 'process', 'QPI-20250512-007', 16, 'BH202504000701', 300.0000, 300.0000, 0.0000, 1, '刘洋', '2025-04-07', '检验合格', '2025-04-07 14:00:00', '2025-04-07 14:00:00', 0),
('QI-20250512-008', 1, 'incoming', 'QCI-20250512-008', 17, 'BH202504000801', 50.0000, 42.0000, 8.0000, 0, '陈明', '2025-04-08', '检验不合格', '2025-04-08 14:00:00', '2025-04-08 14:00:00', 0),
('QI-20250512-009', 1, 'incoming', 'QCI-20250512-009', 5, 'BH202504000901', 600.0000, 600.0000, 0.0000, 1, '赵磊', '2025-04-09', '检验合格', '2025-04-09 14:00:00', '2025-04-09 14:00:00', 0),
('QI-20250512-010', 3, 'final', 'QFI-20250512-010', 20, 'BH202504001001', 200.0000, 200.0000, 0.0000, 1, '孙丽', '2025-04-10', '检验合格', '2025-04-10 14:00:00', '2025-04-10 14:00:00', 0),
('QI-20250512-011', 1, 'incoming', 'QCI-20250512-011', 2, 'BH202504001101', 800.0000, 800.0000, 0.0000, 1, '王强', '2025-04-11', '检验合格', '2025-04-11 14:00:00', '2025-04-11 14:00:00', 0),
('QI-20250512-012', 2, 'process', 'QPI-20250512-012', 4, 'BH202504001201', 750.0000, 750.0000, 0.0000, 1, '刘洋', '2025-04-12', '检验合格', '2025-04-12 14:00:00', '2025-04-12 14:00:00', 0),
('QI-20250512-013', 1, 'incoming', 'QCI-20250512-013', 6, 'BH202504001301', 400.0000, 400.0000, 0.0000, 1, '陈明', '2025-04-13', '检验合格', '2025-04-13 14:00:00', '2025-04-13 14:00:00', 0),
('QI-20250512-014', 1, 'incoming', 'QCI-20250512-014', 7, 'BH202504001401', 500.0000, 500.0000, 0.0000, 1, '赵磊', '2025-04-14', '检验合格', '2025-04-14 14:00:00', '2025-04-14 14:00:00', 0),
('QI-20250512-015', 3, 'final', 'QFI-20250512-015', 11, 'BH202504001501', 40.0000, 40.0000, 0.0000, 1, '孙丽', '2025-04-15', '检验合格', '2025-04-15 14:00:00', '2025-04-15 14:00:00', 0),
('QI-20250512-016', 2, 'process', 'QPI-20250512-016', 12, 'BH202504001601', 10.0000, 8.0000, 2.0000, 0, '王强', '2025-04-16', '检验不合格', '2025-04-16 14:00:00', '2025-04-16 14:00:00', 0),
('QI-20250512-017', 1, 'incoming', 'QCI-20250512-017', 15, 'BH202504001701', 50000.0000, 50000.0000, 0.0000, 1, '刘洋', '2025-04-17', '检验合格', '2025-04-17 14:00:00', '2025-04-17 14:00:00', 0),
('QI-20250512-018', 1, 'incoming', 'QCI-20250512-018', 13, 'BH202504001801', 30000.0000, 30000.0000, 0.0000, 1, '陈明', '2025-04-18', '检验合格', '2025-04-18 14:00:00', '2025-04-18 14:00:00', 0),
('QI-20250512-019', 2, 'process', 'QPI-20250512-019', 18, 'BH202504001901', 20000.0000, 20000.0000, 0.0000, 1, '赵磊', '2025-04-19', '检验合格', '2025-04-19 14:00:00', '2025-04-19 14:00:00', 0),
('QI-20250512-020', 3, 'final', 'QFI-20250512-020', 19, 'BH202504002001', 100000.0000, 100000.0000, 0.0000, 1, '孙丽', '2025-04-20', '检验合格', '2025-04-20 14:00:00', '2025-04-20 14:00:00', 0);


-- -----------------------------------------------------------
-- 21. qc_unqualified 不合格记录 (20条)
-- -----------------------------------------------------------
INSERT IGNORE INTO qc_unqualified
(unqualified_no, inspection_id, source_type, source_no, material_id, material_name, quantity, defect_type, defect_desc, handle_type, handle_result, handler, handle_date, remark, create_time, update_time, deleted)
VALUES
('UNQ-20250512-001', 1, 'incoming', 'QCI-20250512-008', 8, 'UV油墨-黑色', 18.0000, '外观不良', 'UV油墨-黑色外观不良不合格', 2, 1, '王强', '2025-04-03', '外观不良处理', '2025-04-03 16:00:00', '2025-04-03 16:00:00', 0),
('UNQ-20250512-002', 2, 'incoming', 'QCI-20250512-016', 10, '溶剂型油墨-黑色', 12.0000, '尺寸偏差', '溶剂型油墨-黑色尺寸偏差不合格', 1, 1, '刘洋', '2025-04-04', '尺寸偏差处理', '2025-04-04 16:00:00', '2025-04-04 16:00:00', 0),
('UNQ-20250512-003', 3, 'process', 'QPI-20250512-006', 8, 'UV油墨-黑色', 9.6000, '色差超标', 'UV油墨-黑色色差超标不合格', 3, 2, '陈明', '2025-04-05', '色差超标处理', '2025-04-05 16:00:00', '2025-04-05 16:00:00', 0),
('UNQ-20250512-004', 4, 'incoming', 'QCI-20250512-003', 8, 'UV油墨-黑色', 5.4000, '粘度异常', 'UV油墨-黑色粘度异常不合格', 2, 1, '赵磊', '2025-04-06', '粘度异常处理', '2025-04-06 16:00:00', '2025-04-06 16:00:00', 0),
('UNQ-20250512-005', 5, 'final', 'QFI-20250512-009', 14, '丝印网版-300目', 2.2500, '包装破损', '丝印网版-300目包装破损不合格', 1, 1, '孙丽', '2025-04-07', '包装破损处理', '2025-04-07 16:00:00', '2025-04-07 16:00:00', 0),
('UNQ-20250512-006', 6, 'incoming', 'QCI-20250512-005', 9, 'UV油墨-白色', 15.0000, '性能不达标', 'UV油墨-白色性能不达标不合格', 2, 1, '王强', '2025-04-08', '性能不达标处理', '2025-04-08 16:00:00', '2025-04-08 16:00:00', 0),
('UNQ-20250512-007', 7, 'process', 'QPI-20250512-013', 16, '稀释剂-标准型', 45.0000, '杂质超标', '稀释剂-标准型杂质超标不合格', 1, 1, '刘洋', '2025-04-09', '杂质超标处理', '2025-04-09 16:00:00', '2025-04-09 16:00:00', 0),
('UNQ-20250512-008', 8, 'incoming', 'QCI-20250512-002', 17, 'UV光油-高光', 7.5000, '固含量不足', 'UV光油-高光固含量不足不合格', 2, 2, '陈明', '2025-04-10', '固含量不足处理', '2025-04-10 16:00:00', '2025-04-10 16:00:00', 0),
('UNQ-20250512-009', 9, 'incoming', 'QCI-20250512-007', 5, 'BOPP透明膜0.08mm', 90.0000, '厚度偏差', 'BOPP透明膜0.08mm厚度偏差不合格', 1, 1, '赵磊', '2025-04-11', '厚度偏差处理', '2025-04-11 16:00:00', '2025-04-11 16:00:00', 0),
('UNQ-20250512-010', 10, 'final', 'QFI-20250512-010', 20, '热收缩膜', 30.0000, '收缩率异常', '热收缩膜收缩率异常不合格', 3, 2, '孙丽', '2025-04-12', '收缩率异常处理', '2025-04-12 16:00:00', '2025-04-12 16:00:00', 0),
('UNQ-20250512-011', 11, 'incoming', 'QCI-20250512-001', 1, 'PET透明膜0.1mm', 120.0000, '表面划伤', 'PET透明膜0.1mm表面划伤不合格', 1, 1, '王强', '2025-04-13', '表面划伤处理', '2025-04-13 16:00:00', '2025-04-13 16:00:00', 0),
('UNQ-20250512-012', 12, 'process', 'QPI-20250512-004', 4, 'PVC白膜0.2mm', 112.5000, '厚度不均', 'PVC白膜0.2mm厚度不均不合格', 2, 1, '刘洋', '2025-04-14', '厚度不均处理', '2025-04-14 16:00:00', '2025-04-14 16:00:00', 0),
('UNQ-20250512-013', 13, 'incoming', 'QCI-20250512-011', 6, 'PE膜0.05mm', 60.0000, '密封不良', 'PE膜0.05mm密封不良不合格', 1, 1, '陈明', '2025-04-15', '密封不良处理', '2025-04-15 16:00:00', '2025-04-15 16:00:00', 0),
('UNQ-20250512-014', 14, 'incoming', 'QCI-20250512-014', 7, '铜版纸80g', 75.0000, '克重偏差', '铜版纸80g克重偏差不合格', 2, 1, '赵磊', '2025-04-16', '克重偏差处理', '2025-04-16 16:00:00', '2025-04-16 16:00:00', 0),
('UNQ-20250512-015', 15, 'final', 'QFI-20250512-015', 11, '导电银浆-高导电', 6.0000, '导电率偏低', '导电银浆-高导电导电率偏低不合格', 3, 2, '孙丽', '2025-04-17', '导电率偏低处理', '2025-04-17 16:00:00', '2025-04-17 16:00:00', 0),
('UNQ-20250512-016', 16, 'process', 'QPI-20250512-017', 12, '模切刀模-平板', 1.5000, '精度不足', '模切刀模-平板精度不足不合格', 1, 1, '王强', '2025-04-18', '精度不足处理', '2025-04-18 16:00:00', '2025-04-18 16:00:00', 0),
('UNQ-20250512-017', 17, 'incoming', 'QCI-20250512-019', 15, '电子标签', 4000.0000, '印刷偏位', '电子标签印刷偏位不合格', 2, 1, '刘洋', '2025-04-19', '印刷偏位处理', '2025-04-19 16:00:00', '2025-04-19 16:00:00', 0),
('UNQ-20250512-018', 18, 'incoming', 'QCI-20250512-020', 13, '空调面板标签', 4500.0000, '色差超标', '空调面板标签色差超标不合格', 1, 1, '陈明', '2025-04-20', '色差超标处理', '2025-04-20 16:00:00', '2025-04-20 16:00:00', 0),
('UNQ-20250512-019', 19, 'process', 'QPI-20250512-018', 18, '洗衣机面板标签', 1600.0000, '套印不准', '洗衣机面板标签套印不准不合格', 3, 2, '赵磊', '2025-04-21', '套印不准处理', '2025-04-21 16:00:00', '2025-04-21 16:00:00', 0),
('UNQ-20250512-020', 20, 'final', 'QFI-20250512-012', 19, '手机后盖标签', 5000.0000, '模切偏差', '手机后盖标签模切偏差不合格', 2, 1, '孙丽', '2025-04-22', '模切偏差处理', '2025-04-22 16:00:00', '2025-04-22 16:00:00', 0);


-- -----------------------------------------------------------
-- 22. qc_unqualified_handle 不合格处理 (20条)
-- -----------------------------------------------------------
INSERT IGNORE INTO qc_unqualified_handle
(handle_no, inspection_id, material_id, material_code, material_name, unqualified_qty, handle_type, handle_status, responsible_dept, responsible_person, handle_result, cost_amount, remark, create_time, update_time, create_by, deleted)
VALUES
('UH-20250512-001', 1, 8, 'UV-BK', 'UV油墨-黑色', 18.0000, 2, 1, '采购部', '张伟', '退货处理-供应商承担', 2520.0000, 'UV油墨-黑色不合格处理完成', '2025-04-04 17:00:00', '2025-04-04 17:00:00', 4, 0),
('UH-20250512-002', 2, 10, 'SOL-BK', '溶剂型油墨-黑色', 12.0000, 1, 1, '品质部', '李娜', '让步接收-降级使用', 1440.0000, '溶剂型油墨-黑色不合格处理完成', '2025-04-05 17:00:00', '2025-04-05 17:00:00', 5, 0),
('UH-20250512-003', 3, 8, 'UV-BK', 'UV油墨-黑色', 9.6000, 3, 1, '生产部', '王强', '返工处理-重新印刷', 1344.0000, 'UV油墨-黑色不合格处理完成', '2025-04-06 17:00:00', '2025-04-06 17:00:00', 6, 0),
('UH-20250512-004', 4, 8, 'UV-BK', 'UV油墨-黑色', 5.4000, 2, 1, '采购部', '刘洋', '退货处理-供应商承担', 648.0000, 'UV油墨-黑色不合格处理完成', '2025-04-07 17:00:00', '2025-04-07 17:00:00', 7, 0),
('UH-20250512-005', 5, 14, 'SCREEN-300', '丝印网版-300目', 2.2500, 1, 1, '品质部', '陈明', '让步接收-降级使用', 1012.5000, '丝印网版-300目不合格处理完成', '2025-04-08 17:00:00', '2025-04-08 17:00:00', 8, 0),
('UH-20250512-006', 6, 9, 'UV-WH', 'UV油墨-白色', 15.0000, 2, 1, '采购部', '赵磊', '退货处理-供应商承担', 2025.0000, 'UV油墨-白色不合格处理完成', '2025-04-09 17:00:00', '2025-04-09 17:00:00', 4, 0),
('UH-20250512-007', 7, 16, 'THINNER', '稀释剂-标准型', 45.0000, 1, 1, '品质部', '孙丽', '让步接收-降级使用', 1350.0000, '稀释剂-标准型不合格处理完成', '2025-04-10 17:00:00', '2025-04-10 17:00:00', 5, 0),
('UH-20250512-008', 8, 17, 'UV-VARNISH', 'UV光油-高光', 7.5000, 2, 1, '采购部', '周杰', '退货处理-供应商承担', 975.0000, 'UV光油-高光不合格处理完成', '2025-04-11 17:00:00', '2025-04-11 17:00:00', 6, 0),
('UH-20250512-009', 9, 5, 'BOPP-001', 'BOPP透明膜0.08mm', 90.0000, 1, 1, '品质部', '吴芳', '让步接收-降级使用', 1800.0000, 'BOPP透明膜0.08mm不合格处理完成', '2025-04-12 17:00:00', '2025-04-12 17:00:00', 7, 0),
('UH-20250512-010', 10, 20, 'FILM-SHRINK', '热收缩膜', 30.0000, 3, 1, '生产部', '张伟', '返工处理-重新加工', 690.0000, '热收缩膜不合格处理完成', '2025-04-13 17:00:00', '2025-04-13 17:00:00', 8, 0),
('UH-20250512-011', 11, 1, 'PET-001', 'PET透明膜0.1mm', 120.0000, 1, 1, '采购部', '李娜', '让步接收-降级使用', 3000.0000, 'PET透明膜0.1mm不合格处理完成', '2025-04-14 17:00:00', '2025-04-14 17:00:00', 4, 0),
('UH-20250512-012', 12, 4, 'PVC-002', 'PVC白膜0.2mm', 112.5000, 2, 1, '品质部', '王强', '退货处理-供应商承担', 2531.2500, 'PVC白膜0.2mm不合格处理完成', '2025-04-15 17:00:00', '2025-04-15 17:00:00', 5, 0),
('UH-20250512-013', 13, 6, 'PE-001', 'PE膜0.05mm', 60.0000, 1, 1, '采购部', '刘洋', '让步接收-降级使用', 1200.0000, 'PE膜0.05mm不合格处理完成', '2025-04-16 17:00:00', '2025-04-16 17:00:00', 6, 0),
('UH-20250512-014', 14, 7, 'PAPER-001', '铜版纸80g', 75.0000, 2, 1, '品质部', '陈明', '退货处理-供应商承担', 1500.0000, '铜版纸80g不合格处理完成', '2025-04-17 17:00:00', '2025-04-17 17:00:00', 7, 0),
('UH-20250512-015', 15, 11, 'AG-PASTE', '导电银浆-高导电', 6.0000, 3, 1, '生产部', '赵磊', '返工处理-重新加工', 4200.0000, '导电银浆-高导电不合格处理完成', '2025-04-18 17:00:00', '2025-04-18 17:00:00', 8, 0),
('UH-20250512-016', 16, 12, 'DIE-001', '模切刀模-平板', 1.5000, 1, 1, '品质部', '孙丽', '让步接收-降级使用', 750.0000, '模切刀模-平板不合格处理完成', '2025-04-19 17:00:00', '2025-04-19 17:00:00', 4, 0),
('UH-20250512-017', 17, 15, 'LABEL-ELEC', '电子标签', 4000.0000, 2, 1, '生产部', '周杰', '退货处理-供应商承担', 6000.0000, '电子标签不合格处理完成', '2025-04-20 17:00:00', '2025-04-20 17:00:00', 5, 0),
('UH-20250512-018', 18, 13, 'LABEL-AC', '空调面板标签', 4500.0000, 1, 1, '品质部', '吴芳', '让步接收-降级使用', 5850.0000, '空调面板标签不合格处理完成', '2025-04-21 17:00:00', '2025-04-21 17:00:00', 6, 0),
('UH-20250512-019', 19, 18, 'LABEL-WASH', '洗衣机面板标签', 1600.0000, 3, 1, '生产部', '张伟', '返工处理-重新加工', 1920.0000, '洗衣机面板标签不合格处理完成', '2025-04-22 17:00:00', '2025-04-22 17:00:00', 7, 0),
('UH-20250512-020', 20, 19, 'LABEL-PHONE', '手机后盖标签', 5000.0000, 2, 1, '品质部', '李娜', '退货处理-供应商承担', 3250.0000, '手机后盖标签不合格处理完成', '2025-04-23 17:00:00', '2025-04-23 17:00:00', 8, 0);


-- -----------------------------------------------------------
-- 23. qms_complaint 客户投诉 (20条)
-- -----------------------------------------------------------
INSERT IGNORE INTO qms_complaint
(complaint_no, customer_id, customer_name, order_no, product_code, product_name, complaint_type, complaint_level, defect_desc, defect_qty, total_qty, defect_rate, reporter, report_time, handler, contain_action, root_cause, corrective_action, preventive_action, verify_result, verifier, verify_time, status, close_time, remark, create_time, update_time, create_by, deleted)
VALUES
('CMP-20250512-001', 1, '美的集团', 'SO-20250401-001', 'LABEL-AC', '空调面板标签', 'quality', 'B', '色差偏大', 200, 50000, 0.40, '王强', '2025-04-05 09:00:00', '陈明', '隔离库存+暂停发货', '油墨配比偏差/设备参数漂移', '调整油墨配方+校准设备', '增加首件确认频次+加强巡检', '通过', '赵磊', '2025-04-05 16:00:00', 3, '2025-04-05 17:00:00', '美的集团色差偏大投诉', '2025-04-05 09:00:00', '2025-04-05 09:00:00', 4, 0),
('CMP-20250512-002', 2, '格力电器', 'SO-20250402-002', 'LABEL-WASH', '洗衣机面板标签', 'quality', 'B', '套印不准', 150, 30000, 0.50, '刘洋', '2025-04-06 09:00:00', '赵磊', '隔离库存+暂停发货', '油墨配比偏差/设备参数漂移', '调整油墨配方+校准设备', '增加首件确认频次+加强巡检', '通过', '孙丽', '2025-04-06 16:00:00', 3, '2025-04-06 17:00:00', '格力电器套印不准投诉', '2025-04-06 09:00:00', '2025-04-06 09:00:00', 5, 0),
('CMP-20250512-003', 3, '华为技术', 'SO-20250403-003', 'LABEL-PHONE', '手机后盖标签', 'quality', 'A', '模切偏位', 500, 100000, 0.50, '陈明', '2025-04-07 09:00:00', '孙丽', '隔离库存+暂停发货', '油墨配比偏差/设备参数漂移', '调整油墨配方+校准设备', '增加首件确认频次+加强巡检', '通过', '王强', '2025-04-07 16:00:00', 3, '2025-04-07 17:00:00', '华为技术模切偏位投诉', '2025-04-07 09:00:00', '2025-04-07 09:00:00', 6, 0),
('CMP-20250512-004', 4, '比亚迪', 'SO-20250405-004', 'LABEL-AUTO', '汽车内饰标签', 'delivery', 'C', '交期延迟1天', 0, 0, 0, '赵磊', '2025-04-08 09:00:00', '王强', '隔离库存+暂停发货', '油墨配比偏差/设备参数漂移', '调整油墨配方+校准设备', '增加首件确认频次+加强巡检', '通过', '刘洋', '2025-04-08 16:00:00', 3, '2025-04-08 17:00:00', '比亚迪交期延迟1天投诉', '2025-04-08 09:00:00', '2025-04-08 09:00:00', 7, 0),
('CMP-20250512-005', 5, 'TCL科技', 'SO-20250407-005', 'LABEL-ELEC', '电子标签', 'quality', 'B', '印刷模糊', 100, 15000, 0.67, '孙丽', '2025-04-09 09:00:00', '刘洋', '隔离库存+暂停发货', '油墨配比偏差/设备参数漂移', '调整油墨配方+校准设备', '增加首件确认频次+加强巡检', '通过', '陈明', '2025-04-09 16:00:00', 3, '2025-04-09 17:00:00', 'TCL科技印刷模糊投诉', '2025-04-09 09:00:00', '2025-04-09 09:00:00', 8, 0),
('CMP-20250512-006', 6, '中兴通讯', 'SO-20250408-006', 'LABEL-ELEC', '电子标签', 'quality', 'B', '色差超标', 80, 20000, 0.40, '王强', '2025-04-10 09:00:00', '陈明', '隔离库存+暂停发货', '油墨配比偏差/设备参数漂移', '调整油墨配方+校准设备', '增加首件确认频次+加强巡检', '通过', '赵磊', '2025-04-10 16:00:00', 3, '2025-04-10 17:00:00', '中兴通讯色差超标投诉', '2025-04-10 09:00:00', '2025-04-10 09:00:00', 4, 0),
('CMP-20250512-007', 7, '广汽集团', 'SO-20250410-007', 'LABEL-AUTO', '汽车内饰标签', 'quality', 'C', '烫金脱落', 50, 45000, 0.11, '刘洋', '2025-04-11 09:00:00', '赵磊', '隔离库存+暂停发货', '油墨配比偏差/设备参数漂移', '调整油墨配方+校准设备', '增加首件确认频次+加强巡检', '通过', '孙丽', '2025-04-11 16:00:00', 3, '2025-04-11 17:00:00', '广汽集团烫金脱落投诉', '2025-04-11 09:00:00', '2025-04-11 09:00:00', 5, 0),
('CMP-20250512-008', 8, '海信集团', 'SO-20250411-008', 'LABEL-AC', '空调面板标签', 'quality', 'B', 'UV光油不均匀', 120, 55000, 0.22, '陈明', '2025-04-12 09:00:00', '孙丽', '隔离库存+暂停发货', '油墨配比偏差/设备参数漂移', '调整油墨配方+校准设备', '增加首件确认频次+加强巡检', '通过', '王强', '2025-04-12 16:00:00', 3, '2025-04-12 17:00:00', '海信集团UV光油不均匀投诉', '2025-04-12 09:00:00', '2025-04-12 09:00:00', 6, 0),
('CMP-20250512-009', 9, '小米科技', 'SO-20250414-009', 'LABEL-PHONE', '手机后盖标签', 'quality', 'A', '印刷偏位', 300, 120000, 0.25, '赵磊', '2025-04-13 09:00:00', '王强', '隔离库存+暂停发货', '油墨配比偏差/设备参数漂移', '调整油墨配方+校准设备', '增加首件确认频次+加强巡检', '通过', '刘洋', '2025-04-13 16:00:00', 3, '2025-04-13 17:00:00', '小米科技印刷偏位投诉', '2025-04-13 09:00:00', '2025-04-13 09:00:00', 7, 0),
('CMP-20250512-010', 10, 'OPPO', 'SO-20250415-010', 'LABEL-PHONE', '手机后盖标签', 'quality', 'B', '色差偏大', 100, 90000, 0.11, '孙丽', '2025-04-14 09:00:00', '刘洋', '隔离库存+暂停发货', '油墨配比偏差/设备参数漂移', '调整油墨配方+校准设备', '增加首件确认频次+加强巡检', '通过', '陈明', '2025-04-14 16:00:00', 3, '2025-04-14 17:00:00', 'OPPO色差偏大投诉', '2025-04-14 09:00:00', '2025-04-14 09:00:00', 8, 0),
('CMP-20250512-011', 11, '长虹', 'SO-20250417-011', 'LABEL-ELEC', '电子标签', 'quality', 'C', '套印不准', 60, 18000, 0.33, '王强', '2025-04-15 09:00:00', '陈明', '隔离库存+暂停发货', '油墨配比偏差/设备参数漂移', '调整油墨配方+校准设备', '增加首件确认频次+加强巡检', '通过', '赵磊', '2025-04-15 16:00:00', 3, '2025-04-15 17:00:00', '长虹套印不准投诉', '2025-04-15 09:00:00', '2025-04-15 09:00:00', 4, 0),
('CMP-20250512-012', 12, '创维', 'SO-20250418-012', 'LABEL-WASH', '洗衣机面板标签', 'quality', 'B', '模切毛边', 80, 25000, 0.32, '刘洋', '2025-04-16 09:00:00', '赵磊', '隔离库存+暂停发货', '油墨配比偏差/设备参数漂移', '调整油墨配方+校准设备', '增加首件确认频次+加强巡检', '通过', '孙丽', '2025-04-16 16:00:00', 3, '2025-04-16 17:00:00', '创维模切毛边投诉', '2025-04-16 09:00:00', '2025-04-16 09:00:00', 5, 0),
('CMP-20250512-013', 13, '联想', 'SO-20250421-013', 'LABEL-ELEC', '电子标签', 'quality', 'C', '印刷模糊', 40, 5000, 0.80, '陈明', '2025-04-17 09:00:00', '孙丽', '隔离库存+暂停发货', '油墨配比偏差/设备参数漂移', '调整油墨配方+校准设备', '增加首件确认频次+加强巡检', '通过', '王强', '2025-04-17 16:00:00', 3, '2025-04-17 17:00:00', '联想印刷模糊投诉', '2025-04-17 09:00:00', '2025-04-17 09:00:00', 6, 0),
('CMP-20250512-014', 14, '海尔', 'SO-20250422-014', 'LABEL-AC', '空调面板标签', 'quality', 'B', '色差偏大', 100, 40000, 0.25, '赵磊', '2025-04-18 09:00:00', '王强', '隔离库存+暂停发货', '油墨配比偏差/设备参数漂移', '调整油墨配方+校准设备', '增加首件确认频次+加强巡检', '通过', '刘洋', '2025-04-18 16:00:00', 3, '2025-04-18 17:00:00', '海尔色差偏大投诉', '2025-04-18 09:00:00', '2025-04-18 09:00:00', 7, 0),
('CMP-20250512-015', 15, '方太', 'SO-20250424-015', 'LABEL-ELEC', '电子标签', 'quality', 'B', '粘性不足', 50, 5000, 1.00, '孙丽', '2025-04-19 09:00:00', '刘洋', '隔离库存+暂停发货', '油墨配比偏差/设备参数漂移', '调整油墨配方+校准设备', '增加首件确认频次+加强巡检', '通过', '陈明', '2025-04-19 16:00:00', 3, '2025-04-19 17:00:00', '方太粘性不足投诉', '2025-04-19 09:00:00', '2025-04-19 09:00:00', 8, 0),
('CMP-20250512-016', 16, '志高', 'SO-20250425-016', 'LABEL-PHONE', '手机后盖标签', 'quality', 'A', '模切偏位', 200, 80000, 0.25, '王强', '2025-04-20 09:00:00', '陈明', '隔离库存+暂停发货', '油墨配比偏差/设备参数漂移', '调整油墨配方+校准设备', '增加首件确认频次+加强巡检', '待验证', '赵磊', NULL, 2, NULL, '志高模切偏位投诉', '2025-04-20 09:00:00', '2025-04-20 09:00:00', 4, 0),
('CMP-20250512-017', 17, '奥克斯', 'SO-20250428-017', 'LABEL-WASH', '洗衣机面板标签', 'quality', 'B', '套印不准', 80, 20000, 0.40, '刘洋', '2025-04-21 09:00:00', '赵磊', '隔离库存+暂停发货', '油墨配比偏差/设备参数漂移', '调整油墨配方+校准设备', '增加首件确认频次+加强巡检', '待验证', '孙丽', NULL, 2, NULL, '奥克斯套印不准投诉', '2025-04-21 09:00:00', '2025-04-21 09:00:00', 5, 0),
('CMP-20250512-018', 18, '康佳', 'SO-20250502-018', 'LABEL-AC', '空调面板标签', 'quality', 'C', 'UV光油脱落', 60, 60000, 0.10, '陈明', '2025-04-22 09:00:00', '孙丽', '隔离库存+暂停发货', '油墨配比偏差/设备参数漂移', '调整油墨配方+校准设备', '增加首件确认频次+加强巡检', '待验证', '王强', NULL, 2, NULL, '康佳UV光油脱落投诉', '2025-04-22 09:00:00', '2025-04-22 09:00:00', 6, 0),
('CMP-20250512-019', 19, '熊猫电子', 'SO-20250505-019', 'LABEL-AUTO', '汽车内饰标签', 'quality', 'B', '色差偏大', 100, 45000, 0.22, '赵磊', '2025-04-23 09:00:00', '王强', '隔离库存+暂停发货', '油墨配比偏差/设备参数漂移', '调整油墨配方+校准设备', '增加首件确认频次+加强巡检', '待验证', '刘洋', NULL, 1, NULL, '熊猫电子色差偏大投诉', '2025-04-23 09:00:00', '2025-04-23 09:00:00', 7, 0),
('CMP-20250512-020', 20, '苏泊尔', 'SO-20250508-020', 'LABEL-WASH', '洗衣机面板标签', 'quality', 'B', '模切毛边', 80, 25000, 0.32, '孙丽', '2025-04-24 09:00:00', '刘洋', '隔离库存+暂停发货', '油墨配比偏差/设备参数漂移', '调整油墨配方+校准设备', '增加首件确认频次+加强巡检', '待验证', '陈明', NULL, 1, NULL, '苏泊尔模切毛边投诉', '2025-04-24 09:00:00', '2025-04-24 09:00:00', 8, 0);


-- -----------------------------------------------------------
-- 24. qms_lab_test 实验室测试 (20条)
-- -----------------------------------------------------------
INSERT IGNORE INTO qms_lab_test
(test_no, test_type, product_id, product_code, product_name, batch_no, sample_source, test_items, test_result, overall_result, tester, test_time, reviewer, review_time, equipment_used, test_env, remark, create_time, update_time, create_by, deleted)
VALUES
('LT-20250512-001', 'adhesion', 22, 'LABEL-AC', '空调面板标签', 'FB202504000101', 'production', '附着力测试(百格法),耐候性测试', '附着力4B,耐候500h合格', 'pass', '王强', '2025-04-01 10:00:00', '刘洋', '2025-04-01 15:00:00', '百格刀,Taber磨耗仪,分光仪,X荧光仪', '温度23±2°C,湿度50±5%RH', '空调面板标签adhesion测试合格', '2025-04-01 10:00:00', '2025-04-01 15:00:00', 4, 0),
('LT-20250512-002', 'abrasion', 23, 'LABEL-WASH', '洗衣机面板标签', 'FB202504000201', 'production', '耐磨测试(Taber),耐刮擦测试', '耐磨500次合格,耐刮擦4级', 'pass', '刘洋', '2025-04-02 10:00:00', '陈明', '2025-04-02 15:00:00', '百格刀,Taber磨耗仪,分光仪,X荧光仪', '温度23±2°C,湿度50±5%RH', '洗衣机面板标签abrasion测试合格', '2025-04-02 10:00:00', '2025-04-02 15:00:00', 5, 0),
('LT-20250512-003', 'color', 24, 'LABEL-PHONE', '手机后盖标签', 'FB202504000301', 'production', '色差检测(分光仪),光泽度测试', 'ΔE=0.8,光泽85°', 'pass', '陈明', '2025-04-03 10:00:00', '赵磊', '2025-04-03 15:00:00', '百格刀,Taber磨耗仪,分光仪,X荧光仪', '温度23±2°C,湿度50±5%RH', '手机后盖标签color测试合格', '2025-04-03 10:00:00', '2025-04-03 15:00:00', 6, 0),
('LT-20250512-004', 'environmental', 25, 'LABEL-AUTO', '汽车内饰标签', 'FB202504000401', 'supplier', 'RoHS检测,REACH检测', 'RoHS合格,REACH合格', 'pass', '赵磊', '2025-04-04 10:00:00', '孙丽', '2025-04-04 15:00:00', '百格刀,Taber磨耗仪,分光仪,X荧光仪', '温度23±2°C,湿度50±5%RH', '汽车内饰标签environmental测试合格', '2025-04-04 10:00:00', '2025-04-04 15:00:00', 7, 0),
('LT-20250512-005', 'adhesion', 19, 'LABEL-ELEC', '电子标签', 'FB202504000501', 'production', '附着力测试(百格法),耐高温测试', '附着力5B,耐高温120°C合格', 'pass', '孙丽', '2025-04-05 10:00:00', '王强', '2025-04-05 15:00:00', '百格刀,Taber磨耗仪,分光仪,X荧光仪', '温度23±2°C,湿度50±5%RH', '电子标签adhesion测试合格', '2025-04-05 10:00:00', '2025-04-05 15:00:00', 8, 0),
('LT-20250512-006', 'abrasion', 20, 'FILM-SHRINK', '热收缩膜', 'FB202504000601', 'production', '收缩率测试,热封强度测试', '收缩率65%,热封强度2.5N', 'pass', '王强', '2025-04-06 10:00:00', '刘洋', '2025-04-06 15:00:00', '百格刀,Taber磨耗仪,分光仪,X荧光仪', '温度23±2°C,湿度50±5%RH', '热收缩膜abrasion测试合格', '2025-04-06 10:00:00', '2025-04-06 15:00:00', 4, 0),
('LT-20250512-007', 'color', 22, 'LABEL-AC', '空调面板标签', 'FB202504000701', 'production', '附着力测试(百格法),耐候性测试', '附着力4B,耐候500h合格', 'pass', '刘洋', '2025-04-07 10:00:00', '陈明', '2025-04-07 15:00:00', '百格刀,Taber磨耗仪,分光仪,X荧光仪', '温度23±2°C,湿度50±5%RH', '空调面板标签color测试合格', '2025-04-07 10:00:00', '2025-04-07 15:00:00', 5, 0),
('LT-20250512-008', 'environmental', 23, 'LABEL-WASH', '洗衣机面板标签', 'FB202504000801', 'supplier', '耐磨测试(Taber),耐刮擦测试', '耐磨500次合格,耐刮擦4级', 'pass', '陈明', '2025-04-08 10:00:00', '赵磊', '2025-04-08 15:00:00', '百格刀,Taber磨耗仪,分光仪,X荧光仪', '温度23±2°C,湿度50±5%RH', '洗衣机面板标签environmental测试合格', '2025-04-08 10:00:00', '2025-04-08 15:00:00', 6, 0),
('LT-20250512-009', 'adhesion', 24, 'LABEL-PHONE', '手机后盖标签', 'FB202504000901', 'production', '色差检测(分光仪),光泽度测试', 'ΔE=1.2,光泽82°', 'conditional', '赵磊', '2025-04-09 10:00:00', '孙丽', '2025-04-09 15:00:00', '百格刀,Taber磨耗仪,分光仪,X荧光仪', '温度23±2°C,湿度50±5%RH', '手机后盖标签adhesion测试有条件合格', '2025-04-09 10:00:00', '2025-04-09 15:00:00', 7, 0),
('LT-20250512-010', 'abrasion', 25, 'LABEL-AUTO', '汽车内饰标签', 'FB202504001001', 'production', 'RoHS检测,REACH检测', 'RoHS合格,REACH合格', 'pass', '孙丽', '2025-04-10 10:00:00', '王强', '2025-04-10 15:00:00', '百格刀,Taber磨耗仪,分光仪,X荧光仪', '温度23±2°C,湿度50±5%RH', '汽车内饰标签abrasion测试合格', '2025-04-10 10:00:00', '2025-04-10 15:00:00', 8, 0),
('LT-20250512-011', 'color', 19, 'LABEL-ELEC', '电子标签', 'FB202504001101', 'production', '附着力测试(百格法),耐高温测试', '附着力5B,耐高温120°C合格', 'pass', '王强', '2025-04-11 10:00:00', '刘洋', '2025-04-11 15:00:00', '百格刀,Taber磨耗仪,分光仪,X荧光仪', '温度23±2°C,湿度50±5%RH', '电子标签color测试合格', '2025-04-11 10:00:00', '2025-04-11 15:00:00', 4, 0),
('LT-20250512-012', 'environmental', 20, 'FILM-SHRINK', '热收缩膜', 'FB202504001201', 'supplier', '收缩率测试,热封强度测试', '收缩率68%,热封强度2.8N', 'pass', '刘洋', '2025-04-12 10:00:00', '陈明', '2025-04-12 15:00:00', '百格刀,Taber磨耗仪,分光仪,X荧光仪', '温度23±2°C,湿度50±5%RH', '热收缩膜environmental测试合格', '2025-04-12 10:00:00', '2025-04-12 15:00:00', 5, 0),
('LT-20250512-013', 'adhesion', 22, 'LABEL-AC', '空调面板标签', 'FB202504001301', 'production', '附着力测试(百格法),耐候性测试', '附着力4B,耐候500h合格', 'pass', '陈明', '2025-04-13 10:00:00', '赵磊', '2025-04-13 15:00:00', '百格刀,Taber磨耗仪,分光仪,X荧光仪', '温度23±2°C,湿度50±5%RH', '空调面板标签adhesion测试合格', '2025-04-13 10:00:00', '2025-04-13 15:00:00', 6, 0),
('LT-20250512-014', 'abrasion', 23, 'LABEL-WASH', '洗衣机面板标签', 'FB202504001401', 'production', '耐磨测试(Taber),耐刮擦测试', '耐磨500次合格,耐刮擦4级', 'pass', '赵磊', '2025-04-14 10:00:00', '孙丽', '2025-04-14 15:00:00', '百格刀,Taber磨耗仪,分光仪,X荧光仪', '温度23±2°C,湿度50±5%RH', '洗衣机面板标签abrasion测试合格', '2025-04-14 10:00:00', '2025-04-14 15:00:00', 7, 0),
('LT-20250512-015', 'color', 24, 'LABEL-PHONE', '手机后盖标签', 'FB202504001501', 'production', '色差检测(分光仪),光泽度测试', 'ΔE=0.5,光泽88°', 'pass', '孙丽', '2025-04-15 10:00:00', '王强', '2025-04-15 15:00:00', '百格刀,Taber磨耗仪,分光仪,X荧光仪', '温度23±2°C,湿度50±5%RH', '手机后盖标签color测试合格', '2025-04-15 10:00:00', '2025-04-15 15:00:00', 8, 0),
('LT-20250512-016', 'environmental', 25, 'LABEL-AUTO', '汽车内饰标签', 'FB202504001601', 'supplier', 'RoHS检测,REACH检测', 'RoHS合格,REACH合格', 'pass', '王强', '2025-04-16 10:00:00', '刘洋', '2025-04-16 15:00:00', '百格刀,Taber磨耗仪,分光仪,X荧光仪', '温度23±2°C,湿度50±5%RH', '汽车内饰标签environmental测试合格', '2025-04-16 10:00:00', '2025-04-16 15:00:00', 4, 0),
('LT-20250512-017', 'adhesion', 19, 'LABEL-ELEC', '电子标签', 'FB202504001701', 'production', '附着力测试(百格法),耐高温测试', '附着力5B,耐高温120°C合格', 'pass', '刘洋', '2025-04-17 10:00:00', '陈明', '2025-04-17 15:00:00', '百格刀,Taber磨耗仪,分光仪,X荧光仪', '温度23±2°C,湿度50±5%RH', '电子标签adhesion测试合格', '2025-04-17 10:00:00', '2025-04-17 15:00:00', 5, 0),
('LT-20250512-018', 'abrasion', 20, 'FILM-SHRINK', '热收缩膜', 'FB202504001801', 'production', '收缩率测试,热封强度测试', '收缩率70%,热封强度3.0N', 'pass', '陈明', '2025-04-18 10:00:00', '赵磊', '2025-04-18 15:00:00', '百格刀,Taber磨耗仪,分光仪,X荧光仪', '温度23±2°C,湿度50±5%RH', '热收缩膜abrasion测试合格', '2025-04-18 10:00:00', '2025-04-18 15:00:00', 6, 0),
('LT-20250512-019', 'color', 22, 'LABEL-AC', '空调面板标签', 'FB202504001901', 'production', '附着力测试(百格法),耐候性测试', '附着力4B,耐候500h合格', 'pass', '赵磊', '2025-04-19 10:00:00', '孙丽', '2025-04-19 15:00:00', '百格刀,Taber磨耗仪,分光仪,X荧光仪', '温度23±2°C,湿度50±5%RH', '空调面板标签color测试合格', '2025-04-19 10:00:00', '2025-04-19 15:00:00', 7, 0),
('LT-20250512-020', 'environmental', 23, 'LABEL-WASH', '洗衣机面板标签', 'FB202504002001', 'supplier', '耐磨测试(Taber),耐刮擦测试', '耐磨500次合格,耐刮擦4级', 'pass', '孙丽', '2025-04-20 10:00:00', '王强', '2025-04-20 15:00:00', '百格刀,Taber磨耗仪,分光仪,X荧光仪', '温度23±2°C,湿度50±5%RH', '洗衣机面板标签environmental测试合格', '2025-04-20 10:00:00', '2025-04-20 15:00:00', 8, 0);


-- -----------------------------------------------------------
-- 25. qms_sgs_cert SGS认证 (20条)
-- -----------------------------------------------------------
INSERT IGNORE INTO qms_sgs_cert
(cert_no, material_id, material_code, material_name, supplier_id, supplier_name, cert_type, test_items, test_result, test_report_no, test_org, issue_date, expire_date, status, file_url, remark, create_time, update_time, create_by, deleted)
VALUES
('SGS-20250512-001', 1, 'PET-001', 'PET透明膜0.1mm', 1, '东莞鑫达薄膜材料', 'RoHS', '铅,汞,镉,六价铬,多溴联苯,多溴二苯醚', 'pass', 'SGS-RPT-2025-0001', 'SGS通标标准技术服务有限公司', '2025-04-01', '2026-01-01', 1, '/files/SGS-001.pdf', 'PET透明膜0.1mmRoHS认证合格', '2025-04-01 10:00:00', '2025-04-01 10:00:00', 2, 0),
('SGS-20250512-002', 3, 'PVC-001', 'PVC透明膜0.15mm', 2, '佛山顺达PVC材料', 'RoHS', '铅,汞,镉,六价铬,多溴联苯,多溴二苯醚', 'pass', 'SGS-RPT-2025-0002', 'SGS通标标准技术服务有限公司', '2025-04-02', '2026-02-02', 1, '/files/SGS-002.pdf', 'PVC透明膜0.15mmRoHS认证合格', '2025-04-02 10:00:00', '2025-04-02 10:00:00', 2, 0),
('SGS-20250512-003', 5, 'BOPP-001', 'BOPP透明膜0.08mm', 5, '东莞宏达丝网材料', 'RoHS', '铅,汞,镉,六价铬,多溴联苯,多溴二苯醚', 'pass', 'SGS-RPT-2025-0003', 'SGS通标标准技术服务有限公司', '2025-04-03', '2026-03-03', 1, '/files/SGS-003.pdf', 'BOPP透明膜0.08mmRoHS认证合格', '2025-04-03 10:00:00', '2025-04-03 10:00:00', 2, 0),
('SGS-20250512-004', 8, 'UV-BK', 'UV油墨-黑色', 3, '深圳精诚油墨化工', 'RoHS', '铅,汞,镉,六价铬,多溴联苯,多溴二苯醚,VOC含量', 'pass', 'SGS-RPT-2025-0004', 'SGS通标标准技术服务有限公司', '2025-04-04', '2026-04-04', 1, '/files/SGS-004.pdf', 'UV油墨-黑色RoHS认证合格', '2025-04-04 10:00:00', '2025-04-04 10:00:00', 2, 0),
('SGS-20250512-005', 10, 'SOL-BK', '溶剂型油墨-黑色', 4, '广州永盛化工', 'RoHS', '铅,汞,镉,六价铬,多溴联苯,多溴二苯醚,VOC含量', 'pass', 'SGS-RPT-2025-0005', 'SGS通标标准技术服务有限公司', '2025-04-05', '2026-05-05', 1, '/files/SGS-005.pdf', '溶剂型油墨-黑色RoHS认证合格', '2025-04-05 10:00:00', '2025-04-05 10:00:00', 2, 0),
('SGS-20250512-006', 14, 'SCREEN-300', '丝印网版-300目', 5, '上海紫江特种油墨', 'RoHS', '铅,汞,镉,六价铬', 'pass', 'SGS-RPT-2025-0006', 'SGS通标标准技术服务有限公司', '2025-04-06', '2026-06-06', 1, '/files/SGS-006.pdf', '丝印网版-300目RoHS认证合格', '2025-04-06 10:00:00', '2025-04-06 10:00:00', 2, 0),
('SGS-20250512-007', 16, 'THINNER', '稀释剂-标准型', 4, '苏州雅特不干胶材料', 'MSDS', '闪点,燃点,爆炸极限,VOC含量', 'pass', 'SGS-RPT-2025-0007', 'SGS通标标准技术服务有限公司', '2025-04-07', '2026-07-07', 1, '/files/SGS-007.pdf', '稀释剂-标准型MSDS认证合格', '2025-04-07 10:00:00', '2025-04-07 10:00:00', 2, 0),
('SGS-20250512-008', 17, 'UV-VARNISH', 'UV光油-高光', 3, '深圳金太阳保护膜', 'RoHS', '铅,汞,镉,六价铬,多溴联苯,多溴二苯醚', 'pass', 'SGS-RPT-2025-0008', 'SGS通标标准技术服务有限公司', '2025-04-08', '2026-08-08', 1, '/files/SGS-008.pdf', 'UV光油-高光RoHS认证合格', '2025-04-08 10:00:00', '2025-04-08 10:00:00', 2, 0),
('SGS-20250512-009', 2, 'PET-002', 'PET白膜0.125mm', 1, '东莞鑫达薄膜材料', 'REACH', 'SVHC 211项筛查', 'pass', 'SGS-RPT-2025-0009', 'SGS通标标准技术服务有限公司', '2025-04-09', '2026-09-09', 1, '/files/SGS-009.pdf', 'PET白膜0.125mmREACH认证合格', '2025-04-09 10:00:00', '2025-04-09 10:00:00', 2, 0),
('SGS-20250512-010', 4, 'PVC-002', 'PVC白膜0.2mm', 2, '东莞鑫达薄膜材料', 'REACH', 'SVHC 211项筛查', 'pass', 'SGS-RPT-2025-0010', 'SGS通标标准技术服务有限公司', '2025-04-10', '2026-10-10', 1, '/files/SGS-010.pdf', 'PVC白膜0.2mmREACH认证合格', '2025-04-10 10:00:00', '2025-04-10 10:00:00', 2, 0),
('SGS-20250512-011', 6, 'PE-001', 'PE膜0.05mm', 6, '东莞鑫达薄膜材料', 'RoHS', '铅,汞,镉,六价铬', 'pass', 'SGS-RPT-2025-0011', 'SGS通标标准技术服务有限公司', '2025-04-11', '2026-11-11', 1, '/files/SGS-011.pdf', 'PE膜0.05mmRoHS认证合格', '2025-04-11 10:00:00', '2025-04-11 10:00:00', 2, 0),
('SGS-20250512-012', 9, 'UV-WH', 'UV油墨-白色', 6, '东莞鑫达薄膜材料', 'RoHS', '铅,汞,镉,六价铬,多溴联苯,多溴二苯醚', 'pass', 'SGS-RPT-2025-0012', 'SGS通标标准技术服务有限公司', '2025-04-12', '2026-12-12', 1, '/files/SGS-012.pdf', 'UV油墨-白色RoHS认证合格', '2025-04-12 10:00:00', '2025-04-12 10:00:00', 2, 0),
('SGS-20250512-013', 11, 'AG-PASTE', '导电银浆-高导电', 7, '东莞鑫达薄膜材料', 'RoHS', '铅,汞,镉,六价铬,导电率', 'pass', 'SGS-RPT-2025-0013', 'SGS通标标准技术服务有限公司', '2025-04-13', '2026-12-13', 1, '/files/SGS-013.pdf', '导电银浆-高导电RoHS认证合格', '2025-04-13 10:00:00', '2025-04-13 10:00:00', 2, 0),
('SGS-20250512-014', 12, 'DIE-001', '模切刀模-平板', 5, '东莞鑫达薄膜材料', 'RoHS', '铅,汞,镉,六价铬', 'pass', 'SGS-RPT-2025-0014', 'SGS通标标准技术服务有限公司', '2025-04-14', '2026-12-14', 1, '/files/SGS-014.pdf', '模切刀模-平板RoHS认证合格', '2025-04-14 10:00:00', '2025-04-14 10:00:00', 2, 0),
('SGS-20250512-015', 13, 'LABEL-ELEC', '电子标签', 8, '东莞鑫达薄膜材料', 'REACH', 'SVHC 211项筛查', 'pass', 'SGS-RPT-2025-0015', 'SGS通标标准技术服务有限公司', '2025-04-15', '2026-12-15', 1, '/files/SGS-015.pdf', '电子标签REACH认证合格', '2025-04-15 10:00:00', '2025-04-15 10:00:00', 2, 0),
('SGS-20250512-016', 15, 'LABEL-AC', '空调面板标签', 1, '东莞鑫达薄膜材料', 'REACH', 'SVHC 211项筛查', 'pass', 'SGS-RPT-2025-0016', 'SGS通标标准技术服务有限公司', '2025-04-16', '2026-12-16', 1, '/files/SGS-016.pdf', '空调面板标签REACH认证合格', '2025-04-16 10:00:00', '2025-04-16 10:00:00', 2, 0),
('SGS-20250512-017', 18, 'LABEL-WASH', '洗衣机面板标签', 2, '东莞鑫达薄膜材料', 'REACH', 'SVHC 211项筛查', 'pass', 'SGS-RPT-2025-0017', 'SGS通标标准技术服务有限公司', '2025-04-17', '2026-12-17', 1, '/files/SGS-017.pdf', '洗衣机面板标签REACH认证合格', '2025-04-17 10:00:00', '2025-04-17 10:00:00', 2, 0),
('SGS-20250512-018', 19, 'LABEL-PHONE', '手机后盖标签', 3, '东莞鑫达薄膜材料', 'REACH', 'SVHC 211项筛查', 'pass', 'SGS-RPT-2025-0018', 'SGS通标标准技术服务有限公司', '2025-04-18', '2026-12-18', 1, '/files/SGS-018.pdf', '手机后盖标签REACH认证合格', '2025-04-18 10:00:00', '2025-04-18 10:00:00', 2, 0),
('SGS-20250512-019', 20, 'FILM-SHRINK', '热收缩膜', 4, '东莞鑫达薄膜材料', 'RoHS', '铅,汞,镉,六价铬', 'pass', 'SGS-RPT-2025-0019', 'SGS通标标准技术服务有限公司', '2025-04-19', '2026-12-19', 1, '/files/SGS-019.pdf', '热收缩膜RoHS认证合格', '2025-04-19 10:00:00', '2025-04-19 10:00:00', 2, 0),
('SGS-20250512-020', 7, 'PAPER-001', '铜版纸80g', 9, '东莞鑫达薄膜材料', 'FSC', '可持续性认证', 'pass', 'SGS-RPT-2025-0020', 'SGS通标标准技术服务有限公司', '2025-04-20', '2026-12-20', 1, '/files/SGS-020.pdf', '铜版纸80gFSC认证合格', '2025-04-20 10:00:00', '2025-04-20 10:00:00', 2, 0);


-- -----------------------------------------------------------
-- 26. qms_sgs_cert_item SGS认证明细 (40条)
-- -----------------------------------------------------------
INSERT IGNORE INTO qms_sgs_cert_item
(cert_id, test_item_name, test_standard, limit_value, test_value, unit, result, sort_order, create_time)
VALUES
(1, '铅(Pb)', 'RoHS 2.0', '1000', 'ND', 'mg/kg', 'pass', 1, '2025-04-01 10:00:00'),
(1, '镉(Cd)', 'RoHS 2.0', '100', 'ND', 'mg/kg', 'pass', 2, '2025-04-01 10:00:00'),
(2, '汞(Hg)', 'RoHS 2.0', '1000', 'ND', 'mg/kg', 'pass', 3, '2025-04-02 10:00:00'),
(2, '六价铬(Cr6+)', 'RoHS 2.0', '1000', 'ND', 'mg/kg', 'pass', 4, '2025-04-02 10:00:00'),
(3, '多溴联苯(PBB)', 'RoHS 2.0', '1000', 'ND', 'mg/kg', 'pass', 5, '2025-04-03 10:00:00'),
(3, '多溴二苯醚(PBDE)', 'RoHS 2.0', '1000', 'ND', 'mg/kg', 'pass', 6, '2025-04-03 10:00:00'),
(4, '铅(Pb)', 'RoHS 2.0', '1000', 'ND', 'mg/kg', 'pass', 1, '2025-04-04 10:00:00'),
(4, '镉(Cd)', 'RoHS 2.0', '100', 'ND', 'mg/kg', 'pass', 2, '2025-04-04 10:00:00'),
(5, '汞(Hg)', 'RoHS 2.0', '1000', 'ND', 'mg/kg', 'pass', 3, '2025-04-05 10:00:00'),
(5, '六价铬(Cr6+)', 'RoHS 2.0', '1000', 'ND', 'mg/kg', 'pass', 4, '2025-04-05 10:00:00'),
(6, '多溴联苯(PBB)', 'RoHS 2.0', '1000', 'ND', 'mg/kg', 'pass', 5, '2025-04-06 10:00:00'),
(6, '多溴二苯醚(PBDE)', 'RoHS 2.0', '1000', 'ND', 'mg/kg', 'pass', 6, '2025-04-06 10:00:00'),
(7, '铅(Pb)', 'RoHS 2.0', '1000', 'ND', 'mg/kg', 'pass', 1, '2025-04-07 10:00:00'),
(7, '镉(Cd)', 'RoHS 2.0', '100', 'ND', 'mg/kg', 'pass', 2, '2025-04-07 10:00:00'),
(8, '汞(Hg)', 'RoHS 2.0', '1000', 'ND', 'mg/kg', 'pass', 3, '2025-04-08 10:00:00'),
(8, '六价铬(Cr6+)', 'RoHS 2.0', '1000', 'ND', 'mg/kg', 'pass', 4, '2025-04-08 10:00:00'),
(9, '多溴联苯(PBB)', 'RoHS 2.0', '1000', 'ND', 'mg/kg', 'pass', 5, '2025-04-09 10:00:00'),
(9, '多溴二苯醚(PBDE)', 'RoHS 2.0', '1000', 'ND', 'mg/kg', 'pass', 6, '2025-04-09 10:00:00'),
(10, '铅(Pb)', 'RoHS 2.0', '1000', 'ND', 'mg/kg', 'pass', 1, '2025-04-10 10:00:00'),
(10, '镉(Cd)', 'RoHS 2.0', '100', 'ND', 'mg/kg', 'pass', 2, '2025-04-10 10:00:00'),
(11, '汞(Hg)', 'RoHS 2.0', '1000', 'ND', 'mg/kg', 'pass', 3, '2025-04-11 10:00:00'),
(11, '六价铬(Cr6+)', 'RoHS 2.0', '1000', 'ND', 'mg/kg', 'pass', 4, '2025-04-11 10:00:00'),
(12, '多溴联苯(PBB)', 'RoHS 2.0', '1000', 'ND', 'mg/kg', 'pass', 5, '2025-04-12 10:00:00'),
(12, '多溴二苯醚(PBDE)', 'RoHS 2.0', '1000', 'ND', 'mg/kg', 'pass', 6, '2025-04-12 10:00:00'),
(13, '铅(Pb)', 'RoHS 2.0', '1000', 'ND', 'mg/kg', 'pass', 1, '2025-04-13 10:00:00'),
(13, '镉(Cd)', 'RoHS 2.0', '100', 'ND', 'mg/kg', 'pass', 2, '2025-04-13 10:00:00'),
(14, '汞(Hg)', 'RoHS 2.0', '1000', 'ND', 'mg/kg', 'pass', 3, '2025-04-14 10:00:00'),
(14, '六价铬(Cr6+)', 'RoHS 2.0', '1000', 'ND', 'mg/kg', 'pass', 4, '2025-04-14 10:00:00'),
(15, '多溴联苯(PBB)', 'RoHS 2.0', '1000', 'ND', 'mg/kg', 'pass', 5, '2025-04-15 10:00:00'),
(15, '多溴二苯醚(PBDE)', 'RoHS 2.0', '1000', 'ND', 'mg/kg', 'pass', 6, '2025-04-15 10:00:00'),
(16, '铅(Pb)', 'RoHS 2.0', '1000', 'ND', 'mg/kg', 'pass', 1, '2025-04-16 10:00:00'),
(16, '镉(Cd)', 'RoHS 2.0', '100', 'ND', 'mg/kg', 'pass', 2, '2025-04-16 10:00:00'),
(17, '汞(Hg)', 'RoHS 2.0', '1000', 'ND', 'mg/kg', 'pass', 3, '2025-04-17 10:00:00'),
(17, '六价铬(Cr6+)', 'RoHS 2.0', '1000', 'ND', 'mg/kg', 'pass', 4, '2025-04-17 10:00:00'),
(18, '多溴联苯(PBB)', 'RoHS 2.0', '1000', 'ND', 'mg/kg', 'pass', 5, '2025-04-18 10:00:00'),
(18, '多溴二苯醚(PBDE)', 'RoHS 2.0', '1000', 'ND', 'mg/kg', 'pass', 6, '2025-04-18 10:00:00'),
(19, '铅(Pb)', 'RoHS 2.0', '1000', 'ND', 'mg/kg', 'pass', 1, '2025-04-19 10:00:00'),
(19, '镉(Cd)', 'RoHS 2.0', '100', 'ND', 'mg/kg', 'pass', 2, '2025-04-19 10:00:00'),
(20, '汞(Hg)', 'RoHS 2.0', '1000', 'ND', 'mg/kg', 'pass', 3, '2025-04-20 10:00:00'),
(20, '六价铬(Cr6+)', 'RoHS 2.0', '1000', 'ND', 'mg/kg', 'pass', 4, '2025-04-20 10:00:00');


-- -----------------------------------------------------------
-- 27. qms_supplier_audit 供应商审核 (20条)
-- -----------------------------------------------------------
INSERT IGNORE INTO qms_supplier_audit
(audit_no, supplier_id, supplier_name, audit_type, audit_scope, audit_date, auditor, audit_items, audit_scores, total_score, conclusion, nonconformities, corrective_request, deadline, status, remark, create_time, update_time, create_by, deleted)
VALUES
('SA-20250512-001', 1, '东莞鑫达薄膜材料', 'annual', '质量管理体系审核', '2025-04-01', '王强', '质量体系,生产过程,来料控制,出货检验,人员培训', '体系:88,过程:86,来料:89,出货:87,培训:90', 88.5, 'qualified', NULL, NULL, NULL, 1, '东莞鑫达薄膜材料annual审核合格', '2025-04-01 10:00:00', '2025-04-01 10:00:00', 4, 0),
('SA-20250512-002', 2, '佛山顺达PVC材料', 'annual', '质量管理体系审核', '2025-04-02', '刘洋', '质量体系,生产过程,来料控制,出货检验,人员培训', '体系:85,过程:83,来料:86,出货:84,培训:87', 85.2, 'qualified', NULL, NULL, NULL, 1, '佛山顺达PVC材料annual审核合格', '2025-04-02 10:00:00', '2025-04-02 10:00:00', 5, 0),
('SA-20250512-003', 3, '深圳精诚油墨化工', 'follow', '不合格品跟踪审核', '2025-04-03', '陈明', '质量体系,生产过程,来料控制,出货检验,人员培训', '体系:82,过程:80,来料:83,出货:81,培训:84', 82.0, 'conditional', '文件管控不完善,记录追溯性不足', '完善文件管控体系,加强记录追溯管理', '2025-05-17', 2, '深圳精诚油墨化工follow审核有条件合格', '2025-04-03 10:00:00', '2025-04-03 10:00:00', 6, 0),
('SA-20250512-004', 4, '广州永盛化工', 'annual', '质量管理体系审核', '2025-04-04', '赵磊', '质量体系,生产过程,来料控制,出货检验,人员培训', '体系:90,过程:88,来料:91,出货:89,培训:92', 90.1, 'qualified', NULL, NULL, NULL, 1, '广州永盛化工annual审核合格', '2025-04-04 10:00:00', '2025-04-04 10:00:00', 7, 0),
('SA-20250512-005', 5, '东莞宏达丝网材料', 'annual', '质量管理体系审核', '2025-04-05', '孙丽', '质量体系,生产过程,来料控制,出货检验,人员培训', '体系:78,过程:76,来料:79,出货:77,培训:80', 78.5, 'conditional', '文件管控不完善,记录追溯性不足', '完善文件管控体系,加强记录追溯管理', '2025-05-19', 2, '东莞宏达丝网材料annual审核有条件合格', '2025-04-05 10:00:00', '2025-04-05 10:00:00', 8, 0),
('SA-20250512-006', 6, '上海紫江特种油墨', 'follow', '不合格品跟踪审核', '2025-04-06', '王强', '质量体系,生产过程,来料控制,出货检验,人员培训', '体系:80,过程:78,来料:81,出货:79,培训:82', 80.5, 'conditional', '文件管控不完善,记录追溯性不足', '完善文件管控体系,加强记录追溯管理', '2025-05-20', 2, '上海紫江特种油墨follow审核有条件合格', '2025-04-06 10:00:00', '2025-04-06 10:00:00', 4, 0),
('SA-20250512-007', 7, '苏州雅特不干胶材料', 'annual', '质量管理体系审核', '2025-04-07', '刘洋', '质量体系,生产过程,来料控制,出货检验,人员培训', '体系:86,过程:84,来料:87,出货:85,培训:88', 86.3, 'qualified', NULL, NULL, NULL, 1, '苏州雅特不干胶材料annual审核合格', '2025-04-07 10:00:00', '2025-04-07 10:00:00', 5, 0),
('SA-20250512-008', 8, '深圳金太阳保护膜', 'annual', '质量管理体系审核', '2025-04-08', '陈明', '质量体系,生产过程,来料控制,出货检验,人员培训', '体系:83,过程:81,来料:84,出货:82,培训:85', 83.7, 'conditional', '文件管控不完善,记录追溯性不足', '完善文件管控体系,加强记录追溯管理', '2025-05-22', 2, '深圳金太阳保护膜annual审核有条件合格', '2025-04-08 10:00:00', '2025-04-08 10:00:00', 6, 0),
('SA-20250512-009', 9, '东莞鑫达薄膜材料', 'follow', '不合格品跟踪审核', '2025-04-09', '赵磊', '质量体系,生产过程,来料控制,出货检验,人员培训', '体系:79,过程:77,来料:80,出货:78,培训:81', 79.5, 'conditional', '文件管控不完善,记录追溯性不足', '完善文件管控体系,加强记录追溯管理', '2025-05-23', 2, '东莞鑫达薄膜材料follow审核有条件合格', '2025-04-09 10:00:00', '2025-04-09 10:00:00', 7, 0),
('SA-20250512-010', 10, '佛山顺达PVC材料', 'annual', '质量管理体系审核', '2025-04-10', '孙丽', '质量体系,生产过程,来料控制,出货检验,人员培训', '体系:87,过程:85,来料:88,出货:86,培训:89', 87.2, 'qualified', NULL, NULL, NULL, 1, '佛山顺达PVC材料annual审核合格', '2025-04-10 10:00:00', '2025-04-10 10:00:00', 8, 0),
('SA-20250512-011', 11, '深圳精诚油墨化工', 'annual', '质量管理体系审核', '2025-04-11', '王强', '质量体系,生产过程,来料控制,出货检验,人员培训', '体系:84,过程:82,来料:85,出货:83,培训:86', 84.8, 'conditional', '文件管控不完善,记录追溯性不足', '完善文件管控体系,加强记录追溯管理', '2025-05-25', 2, '深圳精诚油墨化工annual审核有条件合格', '2025-04-11 10:00:00', '2025-04-11 10:00:00', 4, 0),
('SA-20250512-012', 12, '广州永盛化工', 'follow', '不合格品跟踪审核', '2025-04-12', '刘洋', '质量体系,生产过程,来料控制,出货检验,人员培训', '体系:81,过程:79,来料:82,出货:80,培训:83', 81.3, 'conditional', '文件管控不完善,记录追溯性不足', '完善文件管控体系,加强记录追溯管理', '2025-05-26', 2, '广州永盛化工follow审核有条件合格', '2025-04-12 10:00:00', '2025-04-12 10:00:00', 5, 0),
('SA-20250512-013', 13, '东莞宏达丝网材料', 'annual', '质量管理体系审核', '2025-04-13', '陈明', '质量体系,生产过程,来料控制,出货检验,人员培训', '体系:89,过程:87,来料:90,出货:88,培训:91', 89.6, 'qualified', NULL, NULL, NULL, 1, '东莞宏达丝网材料annual审核合格', '2025-04-13 10:00:00', '2025-04-13 10:00:00', 6, 0),
('SA-20250512-014', 14, '上海紫江特种油墨', 'annual', '质量管理体系审核', '2025-04-14', '赵磊', '质量体系,生产过程,来料控制,出货检验,人员培训', '体系:82,过程:80,来料:83,出货:81,培训:84', 82.1, 'conditional', '文件管控不完善,记录追溯性不足', '完善文件管控体系,加强记录追溯管理', '2025-05-28', 2, '上海紫江特种油墨annual审核有条件合格', '2025-04-14 10:00:00', '2025-04-14 10:00:00', 7, 0),
('SA-20250512-015', 15, '苏州雅特不干胶材料', 'follow', '不合格品跟踪审核', '2025-04-15', '孙丽', '质量体系,生产过程,来料控制,出货检验,人员培训', '体系:77,过程:75,来料:78,出货:76,培训:79', 77.8, 'conditional', '文件管控不完善,记录追溯性不足', '完善文件管控体系,加强记录追溯管理', '2025-05-29', 2, '苏州雅特不干胶材料follow审核有条件合格', '2025-04-15 10:00:00', '2025-04-15 10:00:00', 8, 0),
('SA-20250512-016', 16, '深圳金太阳保护膜', 'annual', '质量管理体系审核', '2025-04-16', '王强', '质量体系,生产过程,来料控制,出货检验,人员培训', '体系:85,过程:83,来料:86,出货:84,培训:87', 85.9, 'qualified', NULL, NULL, NULL, 1, '深圳金太阳保护膜annual审核合格', '2025-04-16 10:00:00', '2025-04-16 10:00:00', 4, 0),
('SA-20250512-017', 17, '东莞鑫达薄膜材料', 'annual', '质量管理体系审核', '2025-04-17', '刘洋', '质量体系,生产过程,来料控制,出货检验,人员培训', '体系:88,过程:86,来料:89,出货:87,培训:90', 88.0, 'qualified', NULL, NULL, NULL, 1, '东莞鑫达薄膜材料annual审核合格', '2025-04-17 10:00:00', '2025-04-17 10:00:00', 5, 0),
('SA-20250512-018', 18, '佛山顺达PVC材料', 'follow', '不合格品跟踪审核', '2025-04-18', '陈明', '质量体系,生产过程,来料控制,出货检验,人员培训', '体系:83,过程:81,来料:84,出货:82,培训:85', 83.5, 'conditional', '文件管控不完善,记录追溯性不足', '完善文件管控体系,加强记录追溯管理', '2025-05-30', 2, '佛山顺达PVC材料follow审核有条件合格', '2025-04-18 10:00:00', '2025-04-18 10:00:00', 6, 0),
('SA-20250512-019', 19, '深圳精诚油墨化工', 'annual', '质量管理体系审核', '2025-04-19', '赵磊', '质量体系,生产过程,来料控制,出货检验,人员培训', '体系:86,过程:84,来料:87,出货:85,培训:88', 86.7, 'qualified', NULL, NULL, NULL, 1, '深圳精诚油墨化工annual审核合格', '2025-04-19 10:00:00', '2025-04-19 10:00:00', 7, 0),
('SA-20250512-020', 20, '广州永盛化工', 'annual', '质量管理体系审核', '2025-04-20', '孙丽', '质量体系,生产过程,来料控制,出货检验,人员培训', '体系:84,过程:82,来料:85,出货:83,培训:86', 84.2, 'conditional', '文件管控不完善,记录追溯性不足', '完善文件管控体系,加强记录追溯管理', '2025-05-30', 2, '广州永盛化工annual审核有条件合格', '2025-04-20 10:00:00', '2025-04-20 10:00:00', 8, 0);



-- ============================================================
-- 三、设备管理模块
-- ============================================================

-- -----------------------------------------------------------
-- 28. eqp_equipment 设备 (20条)
-- -----------------------------------------------------------
INSERT IGNORE INTO eqp_equipment
(equipment_code, equipment_name, equipment_type, brand, model, serial_no, workshop_id, location, purchase_date, manufacturer, supplier_id, warranty_expire, rated_capacity, current_status, oee, availability, performance, quality_rate, total_run_hours, last_maintenance_date, next_maintenance_date, status, remark, create_time, update_time, create_by, deleted)
VALUES
('EQP-20250512-001', '1号柔印机', 1, '博斯特', 'L-350', 'SN-2023-001', 1, 'A栋1楼', '2023-03-15', '瑞士博斯特', 15, '2025-03-15', 150.0000, 1, 85.50, 92.30, 93.50, 98.80, 8500.00, '2025-04-01', '2025-07-01', 1, '1号柔印机正常运行', '2025-04-01 08:00:00', '2025-04-01 08:00:00', 2, 0),
('EQP-20250512-002', '2号柔印机', 1, '博斯特', 'L-350', 'SN-2023-002', 1, 'A栋1楼', '2023-06-20', '瑞士博斯特', 15, '2025-06-20', 150.0000, 1, 83.20, 90.50, 92.80, 99.10, 7200.00, '2025-04-02', '2025-07-02', 1, '2号柔印机正常运行', '2025-04-02 08:00:00', '2025-04-02 08:00:00', 2, 0),
('EQP-20250512-003', '3号凹印机', 2, '西江', 'R-850', 'SN-2022-003', 2, 'A栋2楼', '2022-09-10', '日本西江', 15, '2024-09-10', 200.0000, 2, 0.00, 0.00, 0.00, 0.00, 0.00, '2025-04-03', '2025-07-03', 1, '3号凹印机维修中', '2025-04-03 08:00:00', '2025-04-03 08:00:00', 2, 0),
('EQP-20250512-004', '4号丝印机', 3, '湄洲', 'S-600', 'SN-2024-004', 3, 'B栋1楼', '2024-01-15', '中国湄洲', 14, '2026-01-15', 80.0000, 1, 78.60, 85.20, 91.20, 99.50, 3200.00, '2025-04-04', '2025-07-04', 1, '4号丝印机正常运行', '2025-04-04 08:00:00', '2025-04-04 08:00:00', 2, 0),
('EQP-20250512-005', '5号凹印机', 2, '西江', 'R-1200', 'SN-2022-005', 2, 'A栋2楼', '2022-11-20', '日本西江', 15, '2024-11-20', 250.0000, 1, 88.10, 94.10, 94.80, 98.50, 9800.00, '2025-04-05', '2025-07-05', 1, '5号凹印机正常运行', '2025-04-05 08:00:00', '2025-04-05 08:00:00', 2, 0),
('EQP-20250512-006', '1号模切机', 4, '博远', 'D-500', 'SN-2023-006', 4, 'B栋2楼', '2023-08-05', '深圳博远', 14, '2025-08-05', 120.0000, 1, 82.30, 88.60, 93.50, 98.20, 6500.00, '2025-04-06', '2025-07-06', 1, '1号模切机正常运行', '2025-04-06 08:00:00', '2025-04-06 08:00:00', 2, 0),
('EQP-20250512-007', '2号模切机', 4, '博远', 'D-500', 'SN-2023-007', 4, 'B栋2楼', '2023-09-12', '深圳博远', 14, '2025-09-12', 120.0000, 1, 80.50, 87.30, 92.10, 99.00, 5800.00, '2025-04-07', '2025-07-07', 1, '2号模切机正常运行', '2025-04-07 08:00:00', '2025-04-07 08:00:00', 2, 0),
('EQP-20250512-008', '1号复卷机', 5, '德信', 'W-800', 'SN-2024-008', 5, 'C栋1楼', '2024-02-28', '珠海德信', 14, '2026-02-28', 180.0000, 1, 86.70, 93.50, 93.80, 98.60, 4100.00, '2025-04-08', '2025-07-08', 1, '1号复卷机正常运行', '2025-04-08 08:00:00', '2025-04-08 08:00:00', 2, 0),
('EQP-20250512-009', '2号复卷机', 5, '德信', 'W-800', 'SN-2024-009', 5, 'C栋1楼', '2024-03-15', '珠海德信', 14, '2026-03-15', 180.0000, 1, 84.90, 91.80, 92.60, 99.20, 3800.00, '2025-04-09', '2025-07-09', 1, '2号复卷机正常运行', '2025-04-09 08:00:00', '2025-04-09 08:00:00', 2, 0),
('EQP-20250512-010', '1号分条机', 6, '博远', 'S-300', 'SN-2023-010', 6, 'C栋2楼', '2023-04-20', '深圳博远', 15, '2025-04-20', 100.0000, 1, 79.80, 86.40, 91.50, 99.30, 5600.00, '2025-04-10', '2025-07-10', 1, '1号分条机正常运行', '2025-04-10 08:00:00', '2025-04-10 08:00:00', 2, 0),
('EQP-20250512-011', '2号分条机', 6, '博远', 'S-300', 'SN-2023-011', 6, 'C栋2楼', '2023-07-10', '深圳博远', 15, '2025-07-10', 100.0000, 1, 81.20, 88.10, 92.30, 98.90, 4900.00, '2025-04-11', '2025-07-11', 1, '2号分条机正常运行', '2025-04-11 08:00:00', '2025-04-11 08:00:00', 2, 0),
('EQP-20250512-012', '1号检品机', 7, '德信', 'I-600', 'SN-2024-012', 7, 'D栋1楼', '2024-04-01', '珠海德信', 14, '2026-04-01', 160.0000, 1, 90.10, 95.20, 95.30, 99.10, 2800.00, '2025-04-12', '2025-07-12', 1, '1号检品机正常运行', '2025-04-12 08:00:00', '2025-04-12 08:00:00', 2, 0),
('EQP-20250512-013', '2号检品机', 7, '德信', 'I-600', 'SN-2024-013', 7, 'D栋1楼', '2024-05-15', '珠海德信', 14, '2026-05-15', 160.0000, 1, 88.50, 93.80, 94.60, 99.00, 2200.00, '2025-04-13', '2025-07-13', 1, '2号检品机正常运行', '2025-04-13 08:00:00', '2025-04-13 08:00:00', 2, 0),
('EQP-20250512-014', '1号涂布机', 8, '博斯特', 'C-1000', 'SN-2022-014', 8, 'A栋3楼', '2022-06-10', '瑞士博斯特', 15, '2024-06-10', 120.0000, 3, 0.00, 0.00, 0.00, 0.00, 0.00, '2025-04-14', '2025-07-14', 1, '1号涂布机保养中', '2025-04-14 08:00:00', '2025-04-14 08:00:00', 2, 0),
('EQP-20250512-015', '2号涂布机', 8, '博斯特', 'C-1000', 'SN-2022-015', 8, 'A栋3楼', '2022-08-25', '瑞士博斯特', 15, '2024-08-25', 120.0000, 1, 76.30, 83.50, 90.80, 99.40, 12000.00, '2025-04-15', '2025-07-15', 1, '2号涂布机正常运行', '2025-04-15 08:00:00', '2025-04-15 08:00:00', 2, 0),
('EQP-20250512-016', '1号复合机', 9, '西江', 'L-800', 'SN-2023-016', 9, 'B栋3楼', '2023-05-15', '日本西江', 15, '2025-05-15', 140.0000, 1, 84.60, 91.20, 93.20, 99.00, 7200.00, '2025-04-16', '2025-07-16', 1, '1号复合机正常运行', '2025-04-16 08:00:00', '2025-04-16 08:00:00', 2, 0),
('EQP-20250512-017', '2号复合机', 9, '西江', 'L-800', 'SN-2023-017', 9, 'B栋3楼', '2023-10-20', '日本西江', 15, '2025-10-20', 140.0000, 1, 82.80, 89.60, 92.50, 99.20, 6800.00, '2025-04-17', '2025-07-17', 1, '2号复合机正常运行', '2025-04-17 08:00:00', '2025-04-17 08:00:00', 2, 0),
('EQP-20250512-018', '1号烫金机', 10, '博远', 'H-400', 'SN-2024-018', 10, 'D栋2楼', '2024-06-01', '深圳博远', 14, '2026-06-01', 90.0000, 1, 87.20, 94.10, 93.80, 98.50, 3500.00, '2025-04-18', '2025-07-18', 1, '1号烫金机正常运行', '2025-04-18 08:00:00', '2025-04-18 08:00:00', 2, 0),
('EQP-20250512-019', '2号烫金机', 10, '博远', 'H-400', 'SN-2024-019', 10, 'D栋2楼', '2024-07-15', '深圳博远', 14, '2026-07-15', 90.0000, 1, 85.40, 92.30, 92.90, 99.10, 3100.00, '2025-04-19', '2025-07-19', 1, '2号烫金机正常运行', '2025-04-19 08:00:00', '2025-04-19 08:00:00', 2, 0),
('EQP-20250512-020', '1号数字印刷机', 11, '惠普', 'HP-Indigo', 'SN-2025-020', 3, 'B栋1楼', '2025-01-10', '美国惠普', 15, '2027-01-10', 60.0000, 1, 75.60, 82.40, 91.20, 99.50, 1500.00, '2025-04-20', '2025-07-20', 1, '1号数字印刷机正常运行', '2025-04-20 08:00:00', '2025-04-20 08:00:00', 2, 0);


-- -----------------------------------------------------------
-- 29. eqp_calibration 设备校准 (20条)
-- -----------------------------------------------------------
INSERT IGNORE INTO eqp_calibration
(calibration_no, equipment_id, equipment_code, equipment_name, calibration_date, next_calibration_date, calibration_org, calibration_result, certificate_no, calibration_cost, status, remark, create_time, update_time, create_by, deleted)
VALUES
('CAL-20250512-001', 1, 'EQP-20250512-001', '1号柔印机', '2025-04-01', '2025-10-01', '广东省计量科学研究院', 1, 'CAL-CERT-001', 3500.0000, 1, '1号柔印机年度校准合格', '2025-04-01 09:00:00', '2025-04-01 09:00:00', 2, 0),
('CAL-20250512-002', 2, 'EQP-20250512-002', '2号柔印机', '2025-04-02', '2025-10-02', '深圳市计量质量检测研究院', 1, 'CAL-CERT-002', 3500.0000, 1, '2号柔印机年度校准合格', '2025-04-02 09:00:00', '2025-04-02 09:00:00', 2, 0),
('CAL-20250512-003', 3, 'EQP-20250512-003', '3号凹印机', '2025-04-03', '2025-10-03', '广东省计量科学研究院', 1, 'CAL-CERT-003', 4200.0000, 1, '3号凹印机年度校准合格', '2025-04-03 09:00:00', '2025-04-03 09:00:00', 2, 0),
('CAL-20250512-004', 4, 'EQP-20250512-004', '4号丝印机', '2025-04-04', '2025-10-04', '深圳市计量质量检测研究院', 1, 'CAL-CERT-004', 2800.0000, 1, '4号丝印机年度校准合格', '2025-04-04 09:00:00', '2025-04-04 09:00:00', 2, 0),
('CAL-20250512-005', 5, 'EQP-20250512-005', '5号凹印机', '2025-04-05', '2025-10-05', '广东省计量科学研究院', 1, 'CAL-CERT-005', 4200.0000, 1, '5号凹印机年度校准合格', '2025-04-05 09:00:00', '2025-04-05 09:00:00', 2, 0),
('CAL-20250512-006', 6, 'EQP-20250512-006', '1号模切机', '2025-04-06', '2025-10-06', '深圳市计量质量检测研究院', 1, 'CAL-CERT-006', 3000.0000, 1, '1号模切机年度校准合格', '2025-04-06 09:00:00', '2025-04-06 09:00:00', 2, 0),
('CAL-20250512-007', 7, 'EQP-20250512-007', '2号模切机', '2025-04-07', '2025-10-07', '广东省计量科学研究院', 1, 'CAL-CERT-007', 3000.0000, 1, '2号模切机年度校准合格', '2025-04-07 09:00:00', '2025-04-07 09:00:00', 2, 0),
('CAL-20250512-008', 8, 'EQP-20250512-008', '1号复卷机', '2025-04-08', '2025-10-08', '深圳市计量质量检测研究院', 1, 'CAL-CERT-008', 2500.0000, 1, '1号复卷机年度校准合格', '2025-04-08 09:00:00', '2025-04-08 09:00:00', 2, 0),
('CAL-20250512-009', 9, 'EQP-20250512-009', '2号复卷机', '2025-04-09', '2025-10-09', '广东省计量科学研究院', 1, 'CAL-CERT-009', 2500.0000, 1, '2号复卷机年度校准合格', '2025-04-09 09:00:00', '2025-04-09 09:00:00', 2, 0),
('CAL-20250512-010', 10, 'EQP-20250512-010', '1号分条机', '2025-04-10', '2025-10-10', '深圳市计量质量检测研究院', 1, 'CAL-CERT-010', 2200.0000, 1, '1号分条机年度校准合格', '2025-04-10 09:00:00', '2025-04-10 09:00:00', 2, 0),
('CAL-20250512-011', 11, 'EQP-20250512-011', '2号分条机', '2025-04-11', '2025-10-11', '广东省计量科学研究院', 1, 'CAL-CERT-011', 2200.0000, 1, '2号分条机年度校准合格', '2025-04-11 09:00:00', '2025-04-11 09:00:00', 2, 0),
('CAL-20250512-012', 12, 'EQP-20250512-012', '1号检品机', '2025-04-12', '2025-10-12', '深圳市计量质量检测研究院', 1, 'CAL-CERT-012', 2800.0000, 1, '1号检品机年度校准合格', '2025-04-12 09:00:00', '2025-04-12 09:00:00', 2, 0),
('CAL-20250512-013', 13, 'EQP-20250512-013', '2号检品机', '2025-04-13', '2025-10-13', '广东省计量科学研究院', 1, 'CAL-CERT-013', 2800.0000, 1, '2号检品机年度校准合格', '2025-04-13 09:00:00', '2025-04-13 09:00:00', 2, 0),
('CAL-20250512-014', 14, 'EQP-20250512-014', '1号涂布机', '2025-04-14', '2025-10-14', '深圳市计量质量检测研究院', 1, 'CAL-CERT-014', 3800.0000, 1, '1号涂布机年度校准合格', '2025-04-14 09:00:00', '2025-04-14 09:00:00', 2, 0),
('CAL-20250512-015', 15, 'EQP-20250512-015', '2号涂布机', '2025-04-15', '2025-10-15', '广东省计量科学研究院', 1, 'CAL-CERT-015', 3800.0000, 1, '2号涂布机年度校准合格', '2025-04-15 09:00:00', '2025-04-15 09:00:00', 2, 0),
('CAL-20250512-016', 16, 'EQP-20250512-016', '1号复合机', '2025-04-16', '2025-10-16', '深圳市计量质量检测研究院', 1, 'CAL-CERT-016', 3200.0000, 1, '1号复合机年度校准合格', '2025-04-16 09:00:00', '2025-04-16 09:00:00', 2, 0),
('CAL-20250512-017', 17, 'EQP-20250512-017', '2号复合机', '2025-04-17', '2025-10-17', '广东省计量科学研究院', 1, 'CAL-CERT-017', 3200.0000, 1, '2号复合机年度校准合格', '2025-04-17 09:00:00', '2025-04-17 09:00:00', 2, 0),
('CAL-20250512-018', 18, 'EQP-20250512-018', '1号烫金机', '2025-04-18', '2025-10-18', '深圳市计量质量检测研究院', 1, 'CAL-CERT-018', 2600.0000, 1, '1号烫金机年度校准合格', '2025-04-18 09:00:00', '2025-04-18 09:00:00', 2, 0),
('CAL-20250512-019', 19, 'EQP-20250512-019', '2号烫金机', '2025-04-19', '2025-10-19', '广东省计量科学研究院', 1, 'CAL-CERT-019', 2600.0000, 1, '2号烫金机年度校准合格', '2025-04-19 09:00:00', '2025-04-19 09:00:00', 2, 0),
('CAL-20250512-020', 20, 'EQP-20250512-020', '1号数字印刷机', '2025-04-20', '2025-10-20', '深圳市计量质量检测研究院', 1, 'CAL-CERT-020', 4500.0000, 1, '1号数字印刷机年度校准合格', '2025-04-20 09:00:00', '2025-04-20 09:00:00', 2, 0);


-- -----------------------------------------------------------
-- 30. eqp_maintenance_plan 维护计划 (20条)
-- -----------------------------------------------------------
INSERT IGNORE INTO eqp_maintenance_plan
(plan_no, equipment_id, maintenance_type, cycle_type, cycle_value, plan_date, responsible_id, content, status, complete_date, remark, create_time, update_time, deleted)
VALUES
('MP-20250512-001', 1, 1, 2, 30, '2025-04-01', 6, '日常保养:清洁润滑检查', 2, '2025-04-01', '日常保养:清洁润滑检查已完成', '2025-04-01 08:00:00', '2025-04-01 08:00:00', 0),
('MP-20250512-002', 2, 1, 2, 30, '2025-04-02', 7, '日常保养:清洁润滑检查', 2, '2025-04-02', '日常保养:清洁润滑检查已完成', '2025-04-02 08:00:00', '2025-04-02 08:00:00', 0),
('MP-20250512-003', 3, 2, 1, 90, '2025-04-03', 8, '深度保养:更换易损件校准', 2, '2025-04-03', '深度保养:更换易损件校准已完成', '2025-04-03 08:00:00', '2025-04-03 08:00:00', 0),
('MP-20250512-004', 4, 1, 2, 30, '2025-04-04', 9, '日常保养:清洁润滑检查', 2, '2025-04-04', '日常保养:清洁润滑检查已完成', '2025-04-04 08:00:00', '2025-04-04 08:00:00', 0),
('MP-20250512-005', 5, 1, 2, 30, '2025-04-05', 10, '日常保养:清洁润滑检查', 2, '2025-04-05', '日常保养:清洁润滑检查已完成', '2025-04-05 08:00:00', '2025-04-05 08:00:00', 0),
('MP-20250512-006', 6, 1, 2, 30, '2025-04-06', 6, '日常保养:清洁润滑检查', 2, '2025-04-06', '日常保养:清洁润滑检查已完成', '2025-04-06 08:00:00', '2025-04-06 08:00:00', 0),
('MP-20250512-007', 7, 2, 1, 90, '2025-04-07', 7, '深度保养:更换刀片校准', 2, '2025-04-07', '深度保养:更换刀片校准已完成', '2025-04-07 08:00:00', '2025-04-07 08:00:00', 0),
('MP-20250512-008', 8, 1, 2, 30, '2025-04-08', 8, '日常保养:清洁润滑检查', 2, '2025-04-08', '日常保养:清洁润滑检查已完成', '2025-04-08 08:00:00', '2025-04-08 08:00:00', 0),
('MP-20250512-009', 9, 1, 2, 30, '2025-04-09', 9, '日常保养:清洁润滑检查', 2, '2025-04-09', '日常保养:清洁润滑检查已完成', '2025-04-09 08:00:00', '2025-04-09 08:00:00', 0),
('MP-20250512-010', 10, 1, 3, 15, '2025-04-10', 10, '日常保养:清洁检查张力', 2, '2025-04-10', '日常保养:清洁检查张力已完成', '2025-04-10 08:00:00', '2025-04-10 08:00:00', 0),
('MP-20250512-011', 11, 1, 2, 30, '2025-04-11', 6, '日常保养:清洁润滑检查', 1, NULL, '日常保养:清洁润滑检查待执行', '2025-04-11 08:00:00', '2025-04-11 08:00:00', 0),
('MP-20250512-012', 12, 2, 1, 90, '2025-04-12', 7, '深度保养:更换光源校准', 1, NULL, '深度保养:更换光源校准待执行', '2025-04-12 08:00:00', '2025-04-12 08:00:00', 0),
('MP-20250512-013', 13, 1, 2, 30, '2025-04-13', 8, '日常保养:清洁润滑检查', 1, NULL, '日常保养:清洁润滑检查待执行', '2025-04-13 08:00:00', '2025-04-13 08:00:00', 0),
('MP-20250512-014', 14, 1, 2, 30, '2025-04-14', 9, '日常保养:清洁润滑检查', 1, NULL, '日常保养:清洁润滑检查待执行', '2025-04-14 08:00:00', '2025-04-14 08:00:00', 0),
('MP-20250512-015', 15, 2, 1, 90, '2025-04-15', 10, '深度保养:更换涂布头', 1, NULL, '深度保养:更换涂布头待执行', '2025-04-15 08:00:00', '2025-04-15 08:00:00', 0),
('MP-20250512-016', 16, 1, 3, 15, '2025-04-16', 6, '日常保养:清洁检查张力', 1, NULL, '日常保养:清洁检查张力待执行', '2025-04-16 08:00:00', '2025-04-16 08:00:00', 0),
('MP-20250512-017', 17, 1, 2, 30, '2025-04-17', 7, '日常保养:清洁润滑检查', 1, NULL, '日常保养:清洁润滑检查待执行', '2025-04-17 08:00:00', '2025-04-17 08:00:00', 0),
('MP-20250512-018', 18, 1, 2, 30, '2025-04-18', 8, '日常保养:清洁润滑检查', 1, NULL, '日常保养:清洁润滑检查待执行', '2025-04-18 08:00:00', '2025-04-18 08:00:00', 0),
('MP-20250512-019', 19, 2, 1, 90, '2025-04-19', 9, '深度保养:更换烫金版', 1, NULL, '深度保养:更换烫金版待执行', '2025-04-19 08:00:00', '2025-04-19 08:00:00', 0),
('MP-20250512-020', 20, 1, 2, 30, '2025-04-20', 10, '日常保养:清洁校准喷头', 1, NULL, '日常保养:清洁校准喷头待执行', '2025-04-20 08:00:00', '2025-04-20 08:00:00', 0);


-- -----------------------------------------------------------
-- 31. eqp_maintenance_record 维护记录 (20条)
-- -----------------------------------------------------------
INSERT IGNORE INTO eqp_maintenance_record
(record_no, plan_id, equipment_id, maintenance_type, fault_desc, maintenance_content, start_time, end_time, downtime_hours, cost, responsible_id, result, remark, create_time, update_time, deleted)
VALUES
('MR-20250512-001', 1, 1, 1, '无故障-例行保养', '清洁润滑更换耗材', '2025-04-01 08:00:00', '2025-04-01 10:00:00', 2.00, 500.0000, 6, 1, '清洁润滑更换耗材完成', '2025-04-01 16:00:00', '2025-04-01 16:00:00', 0),
('MR-20250512-002', 2, 2, 1, '无故障-例行保养', '清洁润滑更换耗材', '2025-04-02 08:00:00', '2025-04-02 11:00:00', 2.50, 600.0000, 7, 1, '清洁润滑更换耗材完成', '2025-04-02 16:00:00', '2025-04-02 16:00:00', 0),
('MR-20250512-003', 3, 3, 2, '印刷套准偏移', '更换轴承校准套准系统', '2025-04-03 08:00:00', '2025-04-03 16:00:00', 8.00, 3500.0000, 8, 1, '更换轴承校准套准系统完成', '2025-04-03 16:00:00', '2025-04-03 16:00:00', 0),
('MR-20250512-004', 4, 4, 1, '无故障-例行保养', '清洁润滑更换耗材', '2025-04-04 08:00:00', '2025-04-04 10:00:00', 1.50, 450.0000, 9, 1, '清洁润滑更换耗材完成', '2025-04-04 16:00:00', '2025-04-04 16:00:00', 0),
('MR-20250512-005', 5, 5, 1, '无故障-例行保养', '清洁润滑更换耗材', '2025-04-05 08:00:00', '2025-04-05 10:00:00', 2.00, 550.0000, 10, 1, '清洁润滑更换耗材完成', '2025-04-05 16:00:00', '2025-04-05 16:00:00', 0),
('MR-20250512-006', 6, 6, 1, '无故障-例行保养', '清洁润滑更换耗材', '2025-04-06 08:00:00', '2025-04-06 11:00:00', 2.50, 600.0000, 6, 1, '清洁润滑更换耗材完成', '2025-04-06 16:00:00', '2025-04-06 16:00:00', 0),
('MR-20250512-007', 7, 7, 2, '模切精度下降', '更换刀片校准模切精度', '2025-04-07 08:00:00', '2025-04-07 14:00:00', 6.00, 2800.0000, 7, 1, '更换刀片校准模切精度完成', '2025-04-07 16:00:00', '2025-04-07 16:00:00', 0),
('MR-20250512-008', 8, 8, 1, '无故障-例行保养', '清洁润滑更换耗材', '2025-04-08 08:00:00', '2025-04-08 10:00:00', 1.50, 450.0000, 8, 1, '清洁润滑更换耗材完成', '2025-04-08 16:00:00', '2025-04-08 16:00:00', 0),
('MR-20250512-009', 9, 9, 1, '无故障-例行保养', '清洁润滑更换耗材', '2025-04-09 08:00:00', '2025-04-09 10:00:00', 2.00, 500.0000, 9, 1, '清洁润滑更换耗材完成', '2025-04-09 16:00:00', '2025-04-09 16:00:00', 0),
('MR-20250512-010', 10, 10, 1, '无故障-例行保养', '清洁检查更换张力弹簧', '2025-04-10 08:00:00', '2025-04-10 09:00:00', 1.00, 300.0000, 10, 1, '清洁检查更换张力弹簧完成', '2025-04-10 16:00:00', '2025-04-10 16:00:00', 0),
('MR-20250512-011', 11, 11, 1, '无故障-例行保养', '清洁润滑更换耗材', '2025-04-11 08:00:00', '2025-04-11 11:00:00', 2.50, 550.0000, 6, 1, '清洁润滑更换耗材完成', '2025-04-11 16:00:00', '2025-04-11 16:00:00', 0),
('MR-20250512-012', 12, 12, 2, '检测光源衰减', '更换UV光源校准检测参数', '2025-04-12 08:00:00', '2025-04-12 13:00:00', 5.00, 2200.0000, 7, 1, '更换UV光源校准检测参数完成', '2025-04-12 16:00:00', '2025-04-12 16:00:00', 0),
('MR-20250512-013', 13, 13, 1, '无故障-例行保养', '清洁润滑更换耗材', '2025-04-13 08:00:00', '2025-04-13 10:00:00', 1.50, 450.0000, 8, 1, '清洁润滑更换耗材完成', '2025-04-13 16:00:00', '2025-04-13 16:00:00', 0),
('MR-20250512-014', 14, 14, 1, '无故障-例行保养', '清洁润滑更换耗材', '2025-04-14 08:00:00', '2025-04-14 10:00:00', 2.00, 500.0000, 9, 1, '清洁润滑更换耗材完成', '2025-04-14 16:00:00', '2025-04-14 16:00:00', 0),
('MR-20250512-015', 15, 15, 2, '涂布均匀度偏差', '更换涂布头校准涂布参数', '2025-04-15 08:00:00', '2025-04-15 15:00:00', 7.00, 3200.0000, 10, 1, '更换涂布头校准涂布参数完成', '2025-04-15 16:00:00', '2025-04-15 16:00:00', 0),
('MR-20250512-016', 16, 16, 1, '无故障-例行保养', '清洁检查更换张力辊', '2025-04-16 08:00:00', '2025-04-16 09:00:00', 1.00, 350.0000, 6, 1, '清洁检查更换张力辊完成', '2025-04-16 16:00:00', '2025-04-16 16:00:00', 0),
('MR-20250512-017', 17, 17, 1, '无故障-例行保养', '清洁润滑更换耗材', '2025-04-17 08:00:00', '2025-04-17 11:00:00', 2.50, 600.0000, 7, 1, '清洁润滑更换耗材完成', '2025-04-17 16:00:00', '2025-04-17 16:00:00', 0),
('MR-20250512-018', 18, 18, 1, '无故障-例行保养', '清洁润滑更换耗材', '2025-04-18 08:00:00', '2025-04-18 10:00:00', 2.00, 500.0000, 8, 1, '清洁润滑更换耗材完成', '2025-04-18 16:00:00', '2025-04-18 16:00:00', 0),
('MR-20250512-019', 19, 19, 2, '烫金压力不均', '更换烫金版调整压力', '2025-04-19 08:00:00', '2025-04-19 15:00:00', 6.50, 2500.0000, 9, 1, '更换烫金版调整压力完成', '2025-04-19 16:00:00', '2025-04-19 16:00:00', 0),
('MR-20250512-020', 20, 20, 1, '无故障-例行保养', '清洁校准喷头更换墨盒', '2025-04-20 08:00:00', '2025-04-20 11:00:00', 3.00, 1800.0000, 10, 1, '清洁校准喷头更换墨盒完成', '2025-04-20 16:00:00', '2025-04-20 16:00:00', 0);


-- -----------------------------------------------------------
-- 32. eqp_repair 设备维修 (20条)
-- -----------------------------------------------------------
INSERT IGNORE INTO eqp_repair
(repair_no, equipment_id, equipment_code, equipment_name, fault_date, fault_desc, repair_type, repair_person, repair_start_time, repair_end_time, repair_cost, repair_result, status, remark, create_time, update_time, create_by, deleted)
VALUES
('REP-20250512-001', 1, 'EQP-20250512-001', '1号柔印机', '2025-04-01', '套准系统异常', 1, '李师傅', '2025-04-01 09:00:00', '2025-04-02 17:00:00', 2500.0000, '套准系统异常已修复设备恢复正常', 2, '1号柔印机套准系统异常维修已完成', '2025-04-01 09:00:00', '2025-04-01 17:00:00', 2, 0),
('REP-20250512-002', 2, 'EQP-20250512-002', '2号柔印机', '2025-04-03', '墨泵压力不稳', 2, '王师傅', '2025-04-03 09:00:00', '2025-04-04 17:00:00', 800.0000, '墨泵压力不稳已修复设备恢复正常', 2, '2号柔印机墨泵压力不稳维修已完成', '2025-04-03 09:00:00', '2025-04-03 17:00:00', 2, 0),
('REP-20250512-003', 3, 'EQP-20250512-003', '3号凹印机', '2025-04-05', '主电机异响', 1, '张师傅', '2025-04-05 09:00:00', '2025-04-06 17:00:00', 5500.0000, '主电机异响已修复设备恢复正常', 2, '3号凹印机主电机异响维修已完成', '2025-04-05 09:00:00', '2025-04-05 17:00:00', 2, 0),
('REP-20250512-004', 4, 'EQP-20250512-004', '4号丝印机', '2025-04-07', '刮刀磨损过快', 2, '赵师傅', '2025-04-07 09:00:00', '2025-04-08 17:00:00', 600.0000, '刮刀磨损过快已修复设备恢复正常', 2, '4号丝印机刮刀磨损过快维修已完成', '2025-04-07 09:00:00', '2025-04-07 17:00:00', 2, 0),
('REP-20250512-005', 5, 'EQP-20250512-005', '5号凹印机', '2025-04-09', '张力控制器失灵', 1, '刘师傅', '2025-04-09 09:00:00', '2025-04-10 17:00:00', 3200.0000, '张力控制器失灵已修复设备恢复正常', 2, '5号凹印机张力控制器失灵维修已完成', '2025-04-09 09:00:00', '2025-04-09 17:00:00', 2, 0),
('REP-20250512-006', 6, 'EQP-20250512-006', '1号模切机', '2025-04-11', '模切刀片断裂', 1, '李师傅', '2025-04-11 09:00:00', '2025-04-12 17:00:00', 1800.0000, '模切刀片断裂已修复设备恢复正常', 2, '1号模切机模切刀片断裂维修已完成', '2025-04-11 09:00:00', '2025-04-11 17:00:00', 2, 0),
('REP-20250512-007', 7, 'EQP-20250512-007', '2号模切机', '2025-04-13', '气压系统漏气', 2, '王师傅', '2025-04-13 09:00:00', '2025-04-14 17:00:00', 500.0000, '气压系统漏气已修复设备恢复正常', 2, '2号模切机气压系统漏气维修已完成', '2025-04-13 09:00:00', '2025-04-13 17:00:00', 2, 0),
('REP-20250512-008', 8, 'EQP-20250512-008', '1号复卷机', '2025-04-15', '收卷张力不均', 2, '张师傅', '2025-04-15 09:00:00', '2025-04-16 17:00:00', 700.0000, '收卷张力不均已修复设备恢复正常', 2, '1号复卷机收卷张力不均维修已完成', '2025-04-15 09:00:00', '2025-04-15 17:00:00', 2, 0),
('REP-20250512-009', 9, 'EQP-20250512-009', '2号复卷机', '2025-04-17', '导辊轴承磨损', 1, '赵师傅', '2025-04-17 09:00:00', '2025-04-18 17:00:00', 1200.0000, '导辊轴承磨损已修复设备恢复正常', 2, '2号复卷机导辊轴承磨损维修已完成', '2025-04-17 09:00:00', '2025-04-17 17:00:00', 2, 0),
('REP-20250512-010', 10, 'EQP-20250512-010', '1号分条机', '2025-04-19', '分切刀口毛刺', 2, '刘师傅', '2025-04-19 09:00:00', '2025-04-20 17:00:00', 400.0000, '分切刀口毛刺已修复设备恢复正常', 2, '1号分条机分切刀口毛刺维修已完成', '2025-04-19 09:00:00', '2025-04-19 17:00:00', 2, 0),
('REP-20250512-011', 11, 'EQP-20250512-011', '2号分条机', '2025-04-21', '纠偏系统偏差', 1, '李师傅', '2025-04-21 09:00:00', '2025-04-22 17:00:00', 2000.0000, '纠偏系统偏差已修复设备恢复正常', 2, '2号分条机纠偏系统偏差维修已完成', '2025-04-21 09:00:00', '2025-04-21 17:00:00', 2, 0),
('REP-20250512-012', 12, 'EQP-20250512-012', '1号检品机', '2025-04-23', 'CCD相机故障', 1, '王师傅', '2025-04-23 09:00:00', '2025-04-24 17:00:00', 3500.0000, 'CCD相机故障已修复设备恢复正常', 2, '1号检品机CCD相机故障维修已完成', '2025-04-23 09:00:00', '2025-04-23 17:00:00', 2, 0),
('REP-20250512-013', 13, 'EQP-20250512-013', '2号检品机', '2025-04-25', '传送带打滑', 2, '张师傅', '2025-04-25 09:00:00', '2025-04-26 17:00:00', 300.0000, '传送带打滑已修复设备恢复正常', 2, '2号检品机传送带打滑维修已完成', '2025-04-25 09:00:00', '2025-04-25 17:00:00', 2, 0),
('REP-20250512-014', 14, 'EQP-20250512-014', '1号涂布机', '2025-04-27', '涂布头堵塞', 1, '赵师傅', '2025-04-27 09:00:00', '2025-04-28 17:00:00', 2800.0000, '涂布头堵塞已修复设备恢复正常', 2, '1号涂布机涂布头堵塞维修已完成', '2025-04-27 09:00:00', '2025-04-27 17:00:00', 2, 0),
('REP-20250512-015', 15, 'EQP-20250512-015', '2号涂布机', '2025-04-29', '烘箱温控异常', 1, '刘师傅', '2025-04-29 09:00:00', '2025-04-30 17:00:00', 1500.0000, '烘箱温控异常已修复设备恢复正常', 2, '2号涂布机烘箱温控异常维修已完成', '2025-04-29 09:00:00', '2025-04-29 17:00:00', 2, 0),
('REP-20250512-016', 16, 'EQP-20250512-016', '1号复合机', '2025-04-30', '复合辊压力不均', 2, '李师傅', '2025-04-30 09:00:00', '2025-04-30 17:00:00', 600.0000, '复合辊压力不均已修复设备恢复正常', 2, '1号复合机复合辊压力不均维修已完成', '2025-04-30 09:00:00', '2025-04-30 17:00:00', 2, 0),
('REP-20250512-017', 17, 'EQP-20250512-017', '2号复合机', '2025-04-30', '胶水供给系统故障', 1, '王师傅', '2025-04-30 09:00:00', '2025-04-30 17:00:00', 2200.0000, '胶水供给系统故障已修复设备恢复正常', 1, '2号复合机胶水供给系统故障维修进行中', '2025-04-30 09:00:00', '2025-04-30 17:00:00', 2, 0),
('REP-20250512-018', 18, 'EQP-20250512-018', '1号烫金机', '2025-04-30', '烫金版磨损', 2, '张师傅', '2025-04-30 09:00:00', '2025-04-30 17:00:00', 900.0000, '烫金版磨损已修复设备恢复正常', 1, '1号烫金机烫金版磨损维修进行中', '2025-04-30 09:00:00', '2025-04-30 17:00:00', 2, 0),
('REP-20250512-019', 19, 'EQP-20250512-019', '2号烫金机', '2025-04-30', '温控系统报警', 1, '赵师傅', '2025-04-30 09:00:00', '2025-04-30 17:00:00', 1800.0000, '温控系统报警已修复设备恢复正常', 1, '2号烫金机温控系统报警维修进行中', '2025-04-30 09:00:00', '2025-04-30 17:00:00', 2, 0),
('REP-20250512-020', 20, 'EQP-20250512-020', '1号数字印刷机', '2025-04-30', '喷头堵塞', 2, '刘师傅', '2025-04-30 09:00:00', '2025-04-30 17:00:00', 1200.0000, '喷头堵塞已修复设备恢复正常', 1, '1号数字印刷机喷头堵塞维修进行中', '2025-04-30 09:00:00', '2025-04-30 17:00:00', 2, 0);


-- -----------------------------------------------------------
-- 33. eqp_scrap 设备报废 (20条)
-- -----------------------------------------------------------
INSERT IGNORE INTO eqp_scrap
(scrap_no, equipment_id, equipment_code, equipment_name, scrap_date, scrap_reason, original_value, net_value, approval_person, status, remark, create_time, update_time, create_by, deleted)
VALUES
('SCR-20250512-001', 1, 'EQP-20250512-001', '1号柔印机', '2025-04-05', '使用年限到期-已超10年', 850000.0000, 50000.0000, '总经理-张总', 2, '1号柔印机报废已审批', '2025-04-05 10:00:00', '2025-04-05 10:00:00', 2, 0),
('SCR-20250512-002', 2, 'EQP-20250512-002', '2号柔印机', '2025-04-06', '使用年限到期-已超10年', 850000.0000, 45000.0000, '总经理-张总', 2, '2号柔印机报废已审批', '2025-04-06 10:00:00', '2025-04-06 10:00:00', 2, 0),
('SCR-20250512-003', 3, 'EQP-20250512-003', '3号凹印机', '2025-04-07', '核心部件损坏-维修成本过高', 1200000.0000, 80000.0000, '总经理-张总', 2, '3号凹印机报废已审批', '2025-04-07 10:00:00', '2025-04-07 10:00:00', 2, 0),
('SCR-20250512-004', 4, 'EQP-20250512-004', '4号丝印机', '2025-04-08', '技术淘汰-产能不足', 350000.0000, 20000.0000, '总经理-张总', 2, '4号丝印机报废已审批', '2025-04-08 10:00:00', '2025-04-08 10:00:00', 2, 0),
('SCR-20250512-005', 5, 'EQP-20250512-005', '5号凹印机', '2025-04-09', '使用年限到期-已超10年', 1500000.0000, 100000.0000, '总经理-张总', 2, '5号凹印机报废已审批', '2025-04-09 10:00:00', '2025-04-09 10:00:00', 2, 0),
('SCR-20250512-006', 6, 'EQP-20250512-006', '1号模切机', '2025-04-10', '多次维修仍存在精度问题', 450000.0000, 30000.0000, '总经理-张总', 2, '1号模切机报废已审批', '2025-04-10 10:00:00', '2025-04-10 10:00:00', 2, 0),
('SCR-20250512-007', 7, 'EQP-20250512-007', '2号模切机', '2025-04-11', '使用年限到期-已超8年', 450000.0000, 25000.0000, '总经理-张总', 2, '2号模切机报废已审批', '2025-04-11 10:00:00', '2025-04-11 10:00:00', 2, 0),
('SCR-20250512-008', 8, 'EQP-20250512-008', '1号复卷机', '2025-04-12', '技术升级-新设备替代', 380000.0000, 22000.0000, '总经理-张总', 2, '1号复卷机报废已审批', '2025-04-12 10:00:00', '2025-04-12 10:00:00', 2, 0),
('SCR-20250512-009', 9, 'EQP-20250512-009', '2号复卷机', '2025-04-13', '使用年限到期-已超8年', 380000.0000, 20000.0000, '总经理-张总', 2, '2号复卷机报废已审批', '2025-04-13 10:00:00', '2025-04-13 10:00:00', 2, 0),
('SCR-20250512-010', 10, 'EQP-20250512-010', '1号分条机', '2025-04-14', '技术淘汰-精度不达标', 280000.0000, 15000.0000, '总经理-张总', 2, '1号分条机报废已审批', '2025-04-14 10:00:00', '2025-04-14 10:00:00', 2, 0),
('SCR-20250512-011', 11, 'EQP-20250512-011', '2号分条机', '2025-04-15', '多次维修仍存在故障', 280000.0000, 18000.0000, '总经理-张总', 2, '2号分条机报废已审批', '2025-04-15 10:00:00', '2025-04-15 10:00:00', 2, 0),
('SCR-20250512-012', 12, 'EQP-20250512-012', '1号检品机', '2025-04-16', '使用年限到期-已超8年', 520000.0000, 35000.0000, '总经理-张总', 2, '1号检品机报废已审批', '2025-04-16 10:00:00', '2025-04-16 10:00:00', 2, 0),
('SCR-20250512-013', 13, 'EQP-20250512-013', '2号检品机', '2025-04-17', '技术升级-新设备替代', 520000.0000, 30000.0000, '总经理-张总', 2, '2号检品机报废已审批', '2025-04-17 10:00:00', '2025-04-17 10:00:00', 2, 0),
('SCR-20250512-014', 14, 'EQP-20250512-014', '1号涂布机', '2025-04-18', '核心部件损坏-维修成本过高', 980000.0000, 65000.0000, '总经理-张总', 2, '1号涂布机报废已审批', '2025-04-18 10:00:00', '2025-04-18 10:00:00', 2, 0),
('SCR-20250512-015', 15, 'EQP-20250512-015', '2号涂布机', '2025-04-19', '使用年限到期-已超10年', 980000.0000, 60000.0000, '总经理-张总', 2, '2号涂布机报废已审批', '2025-04-19 10:00:00', '2025-04-19 10:00:00', 2, 0),
('SCR-20250512-016', 16, 'EQP-20250512-016', '1号复合机', '2025-04-20', '技术淘汰-速度不达标', 650000.0000, 40000.0000, '总经理-张总', 1, '1号复合机报废待审批', '2025-04-20 10:00:00', '2025-04-20 10:00:00', 2, 0),
('SCR-20250512-017', 17, 'EQP-20250512-017', '2号复合机', '2025-04-21', '使用年限到期-已超8年', 650000.0000, 35000.0000, '总经理-张总', 1, '2号复合机报废待审批', '2025-04-21 10:00:00', '2025-04-21 10:00:00', 2, 0),
('SCR-20250512-018', 18, 'EQP-20250512-018', '1号烫金机', '2025-04-22', '多次维修仍存在压力问题', 420000.0000, 25000.0000, '总经理-张总', 1, '1号烫金机报废待审批', '2025-04-22 10:00:00', '2025-04-22 10:00:00', 2, 0),
('SCR-20250512-019', 19, 'EQP-20250512-019', '2号烫金机', '2025-04-23', '技术升级-新设备替代', 420000.0000, 22000.0000, '总经理-张总', 1, '2号烫金机报废待审批', '2025-04-23 10:00:00', '2025-04-23 10:00:00', 2, 0),
('SCR-20250512-020', 20, 'EQP-20250512-020', '1号数字印刷机', '2025-04-24', '喷头老化-更换成本过高', 1800000.0000, 120000.0000, '总经理-张总', 1, '1号数字印刷机报废待审批', '2025-04-24 10:00:00', '2025-04-24 10:00:00', 2, 0);



-- -----------------------------------------------------------
-- 9. prd_standard_card 标准卡 (20条)
-- -----------------------------------------------------------
INSERT IGNORE INTO prd_standard_card
(card_no, customer_name, customer_code, product_name, version, date, document_code, finished_size, tolerance, material_name, material_type, layout_type, spacing, spacing_value, sheet_width, sheet_length, core_type, paper_direction, roll_width, paper_edge, standard_usage, jump_distance, process_flow1, process_flow2, print_type, first_jump_distance, sequences, film_manufacturer, film_code, film_size, process_method, stamping_method, mold_code, layout_method, layout_way, jump_distance2, mylar_material, mylar_specs, mylar_layout, mylar_jump, adhesive_type, adhesive_manufacturer, adhesive_code, adhesive_size, dashed_knife, slice_per_row, slice_per_roll, slice_per_bundle, slice_per_bag, slice_per_box, back_knife_mold, back_mylar_mold, release_paper_code, release_paper_type, release_paper_specs, padding_material, packing_material, glue_type, packing_type, special_color, color_formula, file_path, sample_info, notes, creator, reviewer, factory_manager, quality_manager, sales, approver, status, creator_id, reviewer_id, create_time, update_time, deleted)
VALUES
('SC-20250512-001', '美的集团', 'CUST-001', '空调面板标签', 'V1.0', '2025-04-01', 'DOC-MD-001', '150mm×80mm', '±0.3mm', 'PET白膜0.125mm', 'PET', '单排', '3mm', '3mm', '300mm', '500mm', '3寸', '纵向', '310mm', '5mm', '1.2m²/千张', '5mm', '印刷→模切→品检→包装', 'UV印刷→模切', 'UV柔印', '5mm', '["C","M","Y","K"]', '东莞宏达', 'FM-MD-001', '300mm×500mm', 'UV固化', '冷烫', 'DIE-20250512-002', '单排居中', '左进右出', '5mm', 'PET离型膜', '300mm×0.075mm', '满版', '3mm', '水性胶', '3M', 'ADH-001', '300mm×500m', 0, '10', '5000', '500', '100', '50', 'DK-001', 'BM-001', 'RP-001', '格拉辛', '300mm×500m', '珍珠棉', '瓦楞纸箱', '水性胶', '箱装', 'Pantone 185C', 'C:0 M:100 Y:85 K:0', '/files/SC-001.pdf', '已确认样品', '美的空调面板标签标准工艺卡', '张伟', '王强', '刘洋', '陈明', '赵磊', '孙丽', 1, 2, 4, '2025-04-01 08:00:00', '2025-04-01 08:00:00', 0),
('SC-20250512-002', '格力电器', 'CUST-002', '洗衣机面板标签', 'V1.0', '2025-04-02', 'DOC-GL-001', '200mm×120mm', '±0.3mm', 'PVC白膜0.2mm', 'PVC', '双排', '4mm', '4mm', '450mm', '600mm', '3寸', '纵向', '460mm', '5mm', '1.5m²/千张', '6mm', '印刷→模切→品检→包装', '溶剂印刷→模切', '溶剂柔印', '6mm', '["K","专色灰"]', '东莞宏达', 'FM-GL-001', '450mm×600mm', '溶剂固化', '无', 'DIE-20250512-004', '双排对称', '左进右出', '6mm', 'PET离型膜', '450mm×0.075mm', '双排', '4mm', '溶剂胶', '汉高', 'ADH-002', '450mm×500m', 0, '8', '4000', '400', '80', '40', 'DK-002', 'BM-002', 'RP-002', '格拉辛', '450mm×500m', '珍珠棉', '瓦楞纸箱', '溶剂胶', '箱装', 'Pantone Cool Gray 6C', 'K:50 专色灰', '/files/SC-002.pdf', '已确认样品', '格力洗衣机面板标签标准工艺卡', '李娜', '王强', '刘洋', '陈明', '赵磊', '孙丽', 1, 3, 4, '2025-04-02 09:00:00', '2025-04-02 09:00:00', 0),
('SC-20250512-003', '华为技术', 'CUST-003', '手机后盖标签', 'V2.0', '2025-04-03', 'DOC-HW-001', '80mm×45mm', '±0.2mm', 'PET透明膜0.1mm', 'PET', '四排', '2mm', '2mm', '350mm', '400mm', '3寸', '纵向', '360mm', '3mm', '0.8m²/千张', '3mm', '印刷→模切→品检→包装', 'UV印刷→模切→UV光油', 'UV柔印', '3mm', '["C","M","Y","K","专色蓝"]', '东莞宏达', 'FM-HW-001', '350mm×400mm', 'UV固化', '无', 'DIE-20250512-003', '四排矩阵', '左进右出', '3mm', 'PET离型膜', '350mm×0.05mm', '四排', '2mm', 'UV胶', '3M', 'ADH-003', '350mm×500m', 0, '20', '10000', '1000', '200', '100', 'DK-003', 'BM-003', 'RP-003', 'PET离型', '350mm×500m', '防静电袋', '瓦楞纸箱', 'UV胶', '箱装', 'Pantone 2945C', 'C:100 M:56 Y:0 K:18', '/files/SC-003.pdf', '已确认样品', '华为手机后盖标签高精度工艺卡', '张伟', '刘洋', '陈明', '赵磊', '孙丽', '周杰', 1, 2, 5, '2025-04-03 08:00:00', '2025-04-03 08:00:00', 0),
('SC-20250512-004', '比亚迪', 'CUST-004', '汽车内饰标签', 'V1.0', '2025-04-05', 'DOC-BYD-001', '250mm×180mm', '±0.5mm', 'PVC透明膜0.15mm', 'PVC', '单排', '5mm', '5mm', '500mm', '400mm', '6寸', '横向', '510mm', '8mm', '2.0m²/千张', '8mm', '印刷→模切→品检→包装', '溶剂印刷→模切', '溶剂凹印', '8mm', '["K","专色绿"]', '东莞宏达', 'FM-BYD-001', '500mm×400mm', '溶剂固化', '无', 'DIE-20250512-008', '单排居中', '左进右出', '8mm', 'PET离型膜', '500mm×0.1mm', '满版', '5mm', '耐高温胶', '德莎', 'ADH-004', '500mm×300m', 0, '5', '2500', '250', '50', '25', 'DK-004', 'BM-004', 'RP-004', '格拉辛', '500mm×300m', '泡沫板', '木箱', '耐高温胶', '木箱装', 'Pantone 356C', 'C:100 Y:100 K:50', '/files/SC-004.pdf', '已确认样品', '比亚迪汽车内饰标签耐高温工艺卡', '李娜', '刘洋', '陈明', '赵磊', '孙丽', '周杰', 1, 3, 5, '2025-04-05 09:00:00', '2025-04-05 09:00:00', 0),
('SC-20250512-005', 'TCL科技', 'CUST-005', '家电面板标签', 'V1.0', '2025-04-07', 'DOC-TCL-001', '180mm×100mm', '±0.3mm', 'PET白膜0.125mm', 'PET', '双排', '3mm', '3mm', '400mm', '500mm', '3寸', '纵向', '410mm', '5mm', '1.3m²/千张', '5mm', '印刷→模切→品检→包装', 'UV印刷→模切', 'UV柔印', '5mm', '["C","M","Y","K","专色橙"]', '东莞宏达', 'FM-TCL-001', '400mm×500mm', 'UV固化', '冷烫', 'DIE-20250512-006', '双排对称', '左进右出', '5mm', 'PET离型膜', '400mm×0.075mm', '双排', '3mm', '水性胶', '3M', 'ADH-005', '400mm×500m', 0, '12', '6000', '600', '120', '60', 'DK-005', 'BM-005', 'RP-005', '格拉辛', '400mm×500m', '珍珠棉', '瓦楞纸箱', '水性胶', '箱装', 'Pantone 165C', 'C:0 M:65 Y:100 K:0', '/files/SC-005.pdf', '已确认样品', 'TCL家电面板标签标准工艺卡', '王强', '陈明', '赵磊', '孙丽', '周杰', '吴芳', 1, 4, 6, '2025-04-07 08:00:00', '2025-04-07 08:00:00', 0),
('SC-20250512-006', '中兴通讯', 'CUST-006', '5G设备标签', 'V1.0', '2025-04-08', 'DOC-ZX-001', '60mm×30mm', '±0.2mm', 'PET透明膜0.1mm', 'PET', '六排', '2mm', '2mm', '400mm', '350mm', '3寸', '纵向', '410mm', '3mm', '0.6m²/千张', '3mm', '印刷→模切→品检→包装', 'UV印刷→模切', 'UV柔印', '3mm', '["K","专色蓝"]', '东莞宏达', 'FM-ZX-001', '400mm×350mm', 'UV固化', '无', 'DIE-20250512-007', '六排矩阵', '左进右出', '3mm', 'PET离型膜', '400mm×0.05mm', '六排', '2mm', 'UV胶', '3M', 'ADH-006', '400mm×500m', 0, '30', '15000', '1500', '300', '150', 'DK-006', 'BM-006', 'RP-006', 'PET离型', '400mm×500m', '防静电袋', '瓦楞纸箱', 'UV胶', '箱装', 'Pantone 3005C', 'C:100 M:30 Y:0 K:12', '/files/SC-006.pdf', '已确认样品', '中兴5G设备标签高密度工艺卡', '张伟', '陈明', '赵磊', '孙丽', '周杰', '吴芳', 1, 2, 6, '2025-04-08 09:00:00', '2025-04-08 09:00:00', 0),
('SC-20250512-007', '广汽集团', 'CUST-007', '汽车内饰标签', 'V1.0', '2025-04-10', 'DOC-GQ-001', '300mm×200mm', '±0.5mm', 'PVC透明膜0.15mm', 'PVC', '单排', '6mm', '6mm', '550mm', '450mm', '6寸', '横向', '560mm', '8mm', '2.5m²/千张', '8mm', '印刷→模切→品检→包装', '溶剂印刷→模切→覆膜', '溶剂凹印', '8mm', '["K","专色银"]', '东莞宏达', 'FM-GQ-001', '550mm×450mm', '溶剂固化', '热烫', 'DIE-20250512-008', '单排居中', '左进右出', '8mm', 'PET离型膜', '550mm×0.1mm', '满版', '6mm', '耐高温胶', '德莎', 'ADH-007', '550mm×300m', 0, '4', '2000', '200', '40', '20', 'DK-007', 'BM-007', 'RP-007', '格拉辛', '550mm×300m', '泡沫板', '木箱', '耐高温胶', '木箱装', 'Pantone 877C', '银色金属墨', '/files/SC-007.pdf', '已确认样品', '广汽汽车内饰标签大尺寸工艺卡', '李娜', '赵磊', '孙丽', '周杰', '吴芳', '张伟', 1, 3, 7, '2025-04-10 08:00:00', '2025-04-10 08:00:00', 0),
('SC-20250512-008', '海信集团', 'CUST-008', '空调面板标签', 'V1.0', '2025-04-12', 'DOC-HX-001', '160mm×90mm', '±0.3mm', 'PET白膜0.125mm', 'PET', '双排', '3mm', '3mm', '380mm', '480mm', '3寸', '纵向', '390mm', '5mm', '1.1m²/千张', '5mm', '印刷→模切→品检→包装', 'UV印刷→模切→UV光油', 'UV柔印', '5mm', '["C","M","Y","K","专色金"]', '东莞宏达', 'FM-HX-001', '380mm×480mm', 'UV固化', '冷烫', 'DIE-20250512-009', '双排对称', '左进右出', '5mm', 'PET离型膜', '380mm×0.075mm', '双排', '3mm', '水性胶', '3M', 'ADH-008', '380mm×500m', 0, '10', '5000', '500', '100', '50', 'DK-008', 'BM-008', 'RP-008', '格拉辛', '380mm×500m', '珍珠棉', '瓦楞纸箱', '水性胶', '箱装', 'Pantone 871C', '金色金属墨', '/files/SC-008.pdf', '已确认样品', '海信空调面板标签金标工艺卡', '王强', '赵磊', '孙丽', '周杰', '吴芳', '张伟', 1, 4, 7, '2025-04-12 09:00:00', '2025-04-12 09:00:00', 0),
('SC-20250512-009', '小米科技', 'CUST-009', '手机标签', 'V1.0', '2025-04-15', 'DOC-XM-001', '75mm×40mm', '±0.2mm', 'PET透明膜0.1mm', 'PET', '四排', '2mm', '2mm', '350mm', '380mm', '3寸', '纵向', '360mm', '3mm', '0.7m²/千张', '3mm', '印刷→模切→品检→包装', 'UV印刷→模切→UV光油', 'UV柔印', '3mm', '["C","M","Y","K","专色橙"]', '东莞宏达', 'FM-XM-001', '350mm×380mm', 'UV固化', '无', 'DIE-20250512-010', '四排矩阵', '左进右出', '3mm', 'PET离型膜', '350mm×0.05mm', '四排', '2mm', 'UV胶', '3M', 'ADH-009', '350mm×500m', 0, '25', '12000', '1200', '240', '120', 'DK-009', 'BM-009', 'RP-009', 'PET离型', '350mm×500m', '防静电袋', '瓦楞纸箱', 'UV胶', '箱装', 'Pantone 151C', 'C:0 M:70 Y:100 K:0', '/files/SC-009.pdf', '已确认样品', '小米手机标签高密度工艺卡', '张伟', '孙丽', '周杰', '吴芳', '张伟', '李娜', 1, 2, 8, '2025-04-15 08:00:00', '2025-04-15 08:00:00', 0),
('SC-20250512-010', 'OPPO', 'CUST-010', '手机标签', 'V1.0', '2025-04-17', 'DOC-OPPO-001', '70mm×35mm', '±0.2mm', 'PET透明膜0.1mm', 'PET', '四排', '2mm', '2mm', '320mm', '350mm', '3寸', '纵向', '330mm', '3mm', '0.6m²/千张', '3mm', '印刷→模切→品检→包装', 'UV印刷→模切', 'UV柔印', '3mm', '["K","专色绿"]', '东莞宏达', 'FM-OPPO-001', '320mm×350mm', 'UV固化', '无', 'DIE-20250512-011', '四排矩阵', '左进右出', '3mm', 'PET离型膜', '320mm×0.05mm', '四排', '2mm', 'UV胶', '3M', 'ADH-010', '320mm×500m', 0, '28', '14000', '1400', '280', '140', 'DK-010', 'BM-010', 'RP-010', 'PET离型', '320mm×500m', '防静电袋', '瓦楞纸箱', 'UV胶', '箱装', 'Pantone 375C', 'C:70 M:0 Y:100 K:0', '/files/SC-010.pdf', '已确认样品', 'OPPO手机标签高密度工艺卡', '李娜', '孙丽', '周杰', '吴芳', '张伟', '李娜', 1, 3, 8, '2025-04-17 09:00:00', '2025-04-17 09:00:00', 0),
('SC-20250512-011', '长虹', 'CUST-011', '烟包标签', 'V1.0', '2025-04-18', 'DOC-CH-001', '220mm×140mm', '±0.3mm', 'PET白膜0.125mm', 'PET', '单排', '4mm', '4mm', '280mm', '200mm', '3寸', '纵向', '290mm', '5mm', '1.4m²/千张', '5mm', '印刷→烫金→模切→品检→包装', 'UV印刷→烫金→模切', 'UV柔印+烫金', '5mm', '["K","专色金"]', '东莞宏达', 'FM-CH-001', '280mm×200mm', 'UV固化', '热烫', 'DIE-20250512-012', '单排居中', '左进右出', '5mm', 'PET离型膜', '280mm×0.075mm', '满版', '4mm', '水性胶', '3M', 'ADH-011', '280mm×500m', 0, '8', '4000', '400', '80', '40', 'DK-011', 'BM-011', 'RP-011', '格拉辛', '280mm×500m', '珍珠棉', '瓦楞纸箱', '水性胶', '箱装', 'Pantone 871C', '金色金属墨', '/files/SC-011.pdf', '已确认样品', '长虹烟包标签烫金工艺卡', '王强', '周杰', '吴芳', '张伟', '李娜', '王强', 1, 4, 9, '2025-04-18 08:00:00', '2025-04-18 08:00:00', 0),
('SC-20250512-012', '创维', 'CUST-012', '日化标签', 'V1.0', '2025-04-20', 'DOC-CW-001', '190mm×110mm', '±0.3mm', 'PVC白膜0.2mm', 'PVC', '双排', '3mm', '3mm', '420mm', '500mm', '3寸', '纵向', '430mm', '5mm', '1.2m²/千张', '5mm', '印刷→模切→品检→包装', '溶剂印刷→模切', '溶剂柔印', '5mm', '["K","专色"]', '东莞宏达', 'FM-CW-001', '420mm×500mm', '溶剂固化', '无', 'DIE-20250512-013', '双排对称', '左进右出', '5mm', 'PET离型膜', '420mm×0.075mm', '双排', '3mm', '溶剂胶', '汉高', 'ADH-012', '420mm×500m', 0, '10', '5000', '500', '100', '50', 'DK-012', 'BM-012', 'RP-012', '格拉辛', '420mm×500m', '珍珠棉', '瓦楞纸箱', '溶剂胶', '箱装', '专色蓝', 'C:100 M:50', '/files/SC-012.pdf', '已确认样品', '创维日化标签标准工艺卡', '张伟', '周杰', '吴芳', '张伟', '李娜', '王强', 1, 2, 9, '2025-04-20 09:00:00', '2025-04-20 09:00:00', 0),
('SC-20250512-013', '联想', 'CUST-013', '不干胶标签', 'V1.0', '2025-04-22', 'DOC-LX-001', '100mm×60mm', '±0.2mm', 'PET透明膜0.1mm', 'PET', '三排', '2mm', '2mm', '350mm', '400mm', '3寸', '纵向', '360mm', '3mm', '0.9m²/千张', '3mm', '印刷→模切→品检→包装', 'UV印刷→模切', 'UV柔印', '3mm', '["C","M","Y","K"]', '东莞宏达', 'FM-LX-001', '350mm×400mm', 'UV固化', '无', 'DIE-20250512-014', '三排矩阵', '左进右出', '3mm', 'PET离型膜', '350mm×0.05mm', '三排', '2mm', 'UV胶', '3M', 'ADH-013', '350mm×500m', 0, '15', '7500', '750', '150', '75', 'DK-013', 'BM-013', 'RP-013', 'PET离型', '350mm×500m', '防静电袋', '瓦楞纸箱', 'UV胶', '箱装', '无', 'CMYK四色', '/files/SC-013.pdf', '已确认样品', '联想不干胶标签标准工艺卡', '李娜', '吴芳', '张伟', '李娜', '王强', '赵磊', 1, 3, 10, '2025-04-22 08:00:00', '2025-04-22 08:00:00', 0),
('SC-20250512-014', '海尔', 'CUST-014', '礼品包装标签', 'V1.0', '2025-04-24', 'DOC-HE-001', '280mm×200mm', '±0.5mm', 'PVC透明膜0.15mm', 'PVC', '单排', '5mm', '5mm', '500mm', '400mm', '6寸', '横向', '510mm', '8mm', '2.2m²/千张', '8mm', '印刷→压纹→模切→品检→包装', 'UV印刷→压纹→模切', 'UV柔印+压纹', '8mm', '["K","专色"]', '东莞宏达', 'FM-HE-001', '500mm×400mm', 'UV固化', '无', 'DIE-20250512-015', '单排居中', '左进右出', '8mm', 'PET离型膜', '500mm×0.1mm', '满版', '5mm', '水性胶', '3M', 'ADH-014', '500mm×300m', 0, '6', '3000', '300', '60', '30', 'DK-014', 'BM-014', 'RP-014', '格拉辛', '500mm×300m', '泡沫板', '木箱', '水性胶', '木箱装', '专色红', 'M:100 Y:100', '/files/SC-014.pdf', '已确认样品', '海尔礼品包装标签压纹工艺卡', '王强', '吴芳', '张伟', '李娜', '王强', '赵磊', 1, 4, 10, '2025-04-24 09:00:00', '2025-04-24 09:00:00', 0),
('SC-20250512-015', '方太', 'CUST-015', '食品标签', 'V1.0', '2025-04-25', 'DOC-FT-001', '170mm×100mm', '±0.3mm', 'PET白膜0.125mm', 'PET', '双排', '3mm', '3mm', '400mm', '450mm', '3寸', '纵向', '410mm', '5mm', '1.0m²/千张', '5mm', '印刷→模切→品检→包装', 'UV印刷→模切', 'UV柔印', '5mm', '["C","M","Y","K"]', '东莞宏达', 'FM-FT-001', '400mm×450mm', 'UV固化', '无', 'DIE-20250512-016', '双排对称', '左进右出', '5mm', 'PET离型膜', '400mm×0.075mm', '双排', '3mm', '食品级胶', '3M', 'ADH-015', '400mm×500m', 0, '12', '6000', '600', '120', '60', 'DK-015', 'BM-015', 'RP-015', '格拉辛', '400mm×500m', '食品级纸', '瓦楞纸箱', '食品级胶', '箱装', '无', 'CMYK四色', '/files/SC-015.pdf', '已确认样品-食品级', '方太食品标签食品级工艺卡', '张伟', '吴芳', '李娜', '王强', '赵磊', '孙丽', 1, 2, 10, '2025-04-25 08:00:00', '2025-04-25 08:00:00', 0),
('SC-20250512-016', '志高', 'CUST-016', '电池标签', 'V1.0', '2025-04-27', 'DOC-ZG-001', '90mm×50mm', '±0.2mm', 'PET透明膜0.1mm', 'PET', '五排', '2mm', '2mm', '500mm', '400mm', '3寸', '纵向', '510mm', '3mm', '0.5m²/千张', '3mm', '印刷→模切→品检→包装', 'UV印刷→模切', 'UV柔印', '3mm', '["K","专色绿"]', '东莞宏达', 'FM-ZG-001', '500mm×400mm', 'UV固化', '无', 'DIE-20250512-017', '五排矩阵', '左进右出', '3mm', 'PET离型膜', '500mm×0.05mm', '五排', '2mm', 'UV胶', '3M', 'ADH-016', '500mm×500m', 0, '20', '10000', '1000', '200', '100', 'DK-016', 'BM-016', 'RP-016', 'PET离型', '500mm×500m', '防静电袋', '瓦楞纸箱', 'UV胶', '箱装', 'Pantone 356C', 'C:100 Y:100 K:50', '/files/SC-016.pdf', '已确认样品', '志高电池标签高密度工艺卡', '李娜', '吴芳', '王强', '赵磊', '孙丽', '周杰', 1, 3, 10, '2025-04-27 09:00:00', '2025-04-27 09:00:00', 0),
('SC-20250512-017', '奥克斯', 'CUST-017', '酒类标签', 'V1.0', '2025-04-28', 'DOC-AKS-001', '130mm×80mm', '±0.3mm', 'PET白膜0.125mm', 'PET', '双排', '3mm', '3mm', '320mm', '400mm', '3寸', '纵向', '330mm', '5mm', '0.9m²/千张', '5mm', '印刷→模切→品检→包装', 'UV印刷→模切', 'UV柔印', '5mm', '["K","专色"]', '东莞宏达', 'FM-AKS-001', '320mm×400mm', 'UV固化', '无', 'DIE-20250512-018', '双排对称', '左进右出', '5mm', 'PET离型膜', '320mm×0.075mm', '双排', '3mm', '水性胶', '3M', 'ADH-017', '320mm×500m', 0, '12', '6000', '600', '120', '60', 'DK-017', 'BM-017', 'RP-017', '格拉辛', '320mm×500m', '珍珠棉', '瓦楞纸箱', '水性胶', '箱装', '专色棕', 'K:60 Y:40', '/files/SC-017.pdf', '已确认样品', '奥克斯酒类标签标准工艺卡', '王强', '张伟', '李娜', '王强', '赵磊', '孙丽', 1, 4, 2, '2025-04-28 08:00:00', '2025-04-28 08:00:00', 0),
('SC-20250512-018', '康佳', 'CUST-018', '贺卡印刷', 'V1.0', '2025-05-01', 'DOC-KJ-001', '200mm×150mm', '±0.3mm', 'PET白膜0.125mm', 'PET', '单排', '4mm', '4mm', '280mm', '250mm', '3寸', '纵向', '290mm', '5mm', '1.0m²/千张', '5mm', '印刷→烫金→模切→品检→包装', 'UV印刷→烫金→模切', 'UV柔印+烫金', '5mm', '["K","专色金"]', '东莞宏达', 'FM-KJ-001', '280mm×250mm', 'UV固化', '热烫', 'DIE-20250512-019', '单排居中', '左进右出', '5mm', 'PET离型膜', '280mm×0.075mm', '满版', '4mm', '水性胶', '3M', 'ADH-018', '280mm×500m', 0, '8', '4000', '400', '80', '40', 'DK-018', 'BM-018', 'RP-018', '格拉辛', '280mm×500m', '珍珠棉', '瓦楞纸箱', '水性胶', '箱装', 'Pantone 871C', '金色金属墨', '/files/SC-018.pdf', '已确认样品', '康佳贺卡印刷烫金工艺卡', '张伟', '张伟', '李娜', '王强', '赵磊', '孙丽', 1, 2, 2, '2025-05-01 08:00:00', '2025-05-01 08:00:00', 0),
('SC-20250512-019', '熊猫电子', 'CUST-019', '饮料标签', 'V1.0', '2025-05-03', 'DOC-XM-002', '180mm×120mm', '±0.3mm', 'PET白膜0.125mm', 'PET', '双排', '3mm', '3mm', '400mm', '500mm', '3寸', '纵向', '410mm', '5mm', '1.1m²/千张', '5mm', '印刷→模切→品检→包装', 'UV印刷→模切', 'UV柔印', '5mm', '["C","M","Y","K"]', '东莞宏达', 'FM-XM-002', '400mm×500mm', 'UV固化', '无', 'DIE-20250512-020', '双排对称', '左进右出', '5mm', 'PET离型膜', '400mm×0.075mm', '双排', '3mm', '水性胶', '3M', 'ADH-019', '400mm×500m', 0, '10', '5000', '500', '100', '50', 'DK-019', 'BM-019', 'RP-019', '格拉辛', '400mm×500m', '珍珠棉', '瓦楞纸箱', '水性胶', '箱装', '无', 'CMYK四色', '/files/SC-019.pdf', '已确认样品', '熊猫饮料标签标准工艺卡', '李娜', '李娜', '王强', '赵磊', '孙丽', '周杰', 1, 3, 3, '2025-05-03 08:00:00', '2025-05-03 08:00:00', 0),
('SC-20250512-020', '苏泊尔', 'CUST-020', '化妆品标签', 'V1.0', '2025-05-05', 'DOC-SBR-001', '160mm×100mm', '±0.3mm', 'PET白膜0.125mm', 'PET', '双排', '3mm', '3mm', '380mm', '450mm', '3寸', '纵向', '390mm', '5mm', '1.0m²/千张', '5mm', '印刷→模切→品检→包装', 'UV印刷→模切', 'UV柔印', '5mm', '["C","M","Y","K","专色"]', '东莞宏达', 'FM-SBR-001', '380mm×450mm', 'UV固化', '无', 'DIE-20250512-001', '双排对称', '左进右出', '5mm', 'PET离型膜', '380mm×0.075mm', '双排', '3mm', '水性胶', '3M', 'ADH-020', '380mm×500m', 0, '12', '6000', '600', '120', '60', 'DK-020', 'BM-020', 'RP-020', '格拉辛', '380mm×500m', '珍珠棉', '瓦楞纸箱', '水性胶', '箱装', '专色粉', 'M:50 Y:10', '/files/SC-020.pdf', '已确认样品', '苏泊尔化妆品标签标准工艺卡', '王强', '王强', '赵磊', '孙丽', '周杰', '吴芳', 1, 4, 4, '2025-05-05 09:00:00', '2025-05-05 09:00:00', 0);

SET FOREIGN_KEY_CHECKS=1;

