SET FOREIGN_KEY_CHECKS=0;
SET NAMES utf8mb4;

-- ============================================================
-- 库存管理模块种子数据 - Part 1
-- 生成日期: 2025-05-12
-- 业务链路: 采购入库→库存→生产入库→销售出库→调拨→盘点→调整
-- 依赖基础数据: 仓库(20个), 物料(30个), 供应商(10个), 客户(10个), 用户(10个)
-- 物料编码对照: 1=PET-001, 2=PET-002, 3=PVC-001, 4=PVC-002, 5=BOPP-001,
--   6=PE-001, 7=PAPER-001, 8=UV-BK, 9=UV-WH, 10=SOL-BK, 11=SOL-WH,
--   12=W-BK, 13=AG-PASTE, 14=SCREEN-300, 15=DIE-001, 16=THINNER,
--   17=UV-VARNISH, 18=BOX-001, 19=LABEL-ELEC, 20=FILM-SHRINK,
--   21=SQUEEGEE, 22=LABEL-AC, 23=LABEL-WASH, 24=LABEL-PHONE,
--   25=LABEL-AUTO, 26=LABEL-TV, 27=LABEL-COMM, 28=LABEL-DRONE,
--   29=LABEL-MED, 30=LABEL-BATT
-- 仓库编码对照: 1=WH-001 ~ 20=WH-020
-- ============================================================


-- ============================================================
-- 1. 入库单 (inv_inbound_order)
-- 依赖: warehouse, supplier, user
-- 说明: 包含采购入库(15条)、退货入库(5条)、调拨入库(3条)、其他入库(2条)
-- ============================================================
INSERT IGNORE INTO inv_inbound_order
(order_no, order_type, warehouse_id, supplier_id, supplier_name, po_id, po_no, grn_type, total_amount, total_quantity, status, qc_status, inbound_date, remark, create_by, deleted)
VALUES
('IN-20250401-001', 'purchase', 1, 1, '东莞鑫达薄膜材料', 1, 'PO-20250328-001', 'po', 25000.00, 1000.000, 'completed', 'pass', '2025-04-01', 'PET透明膜采购入库-第一批', 2, 0),
('IN-20250403-002', 'purchase', 1, 1, '东莞鑫达薄膜材料', 2, 'PO-20250330-002', 'po', 18000.00, 800.000, 'completed', 'pass', '2025-04-03', 'PET白膜采购入库-第一批', 2, 0),
('IN-20250405-003', 'purchase', 2, 2, '佛山顺达PVC材料', 3, 'PO-20250401-003', 'po', 15600.00, 600.000, 'completed', 'pass', '2025-04-05', 'PVC透明膜采购入库-第一批', 3, 0),
('IN-20250407-004', 'purchase', 2, 2, '佛山顺达PVC材料', 4, 'PO-20250403-004', 'po', 22000.00, 750.000, 'completed', 'pass', '2025-04-07', 'PVC白膜采购入库-第一批', 3, 0),
('IN-20250409-005', 'purchase', 9, 3, '深圳精诚油墨化工', 5, 'PO-20250405-005', 'po', 16800.00, 120.000, 'completed', 'pass', '2025-04-09', 'UV油墨-黑色采购入库', 4, 0),
('IN-20250411-006', 'purchase', 9, 6, '上海紫江特种油墨', 6, 'PO-20250407-006', 'po', 13500.00, 100.000, 'completed', 'pass', '2025-04-11', 'UV油墨-白色采购入库', 4, 0),
('IN-20250413-007', 'purchase', 10, 3, '深圳精诚油墨化工', 7, 'PO-20250409-007', 'po', 9600.00, 80.000, 'completed', 'pass', '2025-04-13', '溶剂型油墨-黑色采购入库', 5, 0),
('IN-20250415-008', 'purchase', 11, 4, '广州永盛化工', 8, 'PO-20250411-008', 'po', 9000.00, 300.000, 'completed', 'pass', '2025-04-15', '稀释剂采购入库-第一批', 5, 0),
('IN-20250417-009', 'purchase', 7, 5, '东莞宏达丝网材料', 9, 'PO-20250413-009', 'po', 6800.00, 15.000, 'completed', 'pass', '2025-04-17', '丝印网版采购入库', 6, 0),
('IN-20250419-010', 'purchase', 8, 5, '东莞宏达丝网材料', 10, 'PO-20250415-010', 'po', 5200.00, 10.000, 'completed', 'pass', '2025-04-19', '模切刀模采购入库', 6, 0),
('IN-20250420-011', 'purchase', 13, 6, '上海紫江特种油墨', 11, 'PO-20250416-011', 'po', 28000.00, 40.000, 'completed', 'pass', '2025-04-20', '导电银浆采购入库-需冷藏保存', 4, 0),
('IN-20250422-012', 'purchase', 1, 8, '深圳金太阳保护膜', 12, 'PO-20250418-012', 'po', 12000.00, 600.000, 'completed', 'pass', '2025-04-22', 'BOPP透明膜采购入库', 2, 0),
('IN-20250501-013', 'purchase', 1, 1, '东莞鑫达薄膜材料', 13, 'PO-20250428-013', 'po', 30000.00, 1200.000, 'approved', 'pass', '2025-05-01', 'PET透明膜采购入库-第二批', 2, 0),
('IN-20250503-014', 'purchase', 2, 2, '佛山顺达PVC材料', 14, 'PO-20250430-014', 'po', 20000.00, 700.000, 'approved', 'pending', '2025-05-03', 'PVC白膜采购入库-第二批', 3, 0),
('IN-20250505-015', 'purchase', 9, 3, '深圳精诚油墨化工', 15, 'PO-20250502-015', 'po', 14400.00, 100.000, 'pending', 'pending', '2025-05-05', 'UV油墨-黑色采购入库-第二批', 4, 0),
('IN-20250424-016', 'return', 17, 1, '东莞鑫达薄膜材料', NULL, NULL, 'return', 2500.00, 100.000, 'completed', 'pass', '2025-04-24', 'PET透明膜客户退货入库-美的集团', 2, 0),
('IN-20250425-017', 'return', 17, 2, '佛山顺达PVC材料', NULL, NULL, 'return', 3120.00, 120.000, 'completed', 'partial', '2025-04-25', 'PVC透明膜客户退货-部分不合格', 3, 0),
('IN-20250427-018', 'return', 18, 3, '深圳精诚油墨化工', NULL, NULL, 'return', 4200.00, 30.000, 'completed', 'fail', '2025-04-27', 'UV油墨供应商退货-质量不达标', 4, 0),
('IN-20250507-019', 'return', 17, 1, '东莞鑫达薄膜材料', NULL, NULL, 'return', 3750.00, 150.000, 'pending', 'pending', '2025-05-07', 'PET白膜客户退货-格力电器', 2, 0),
('IN-20250509-020', 'return', 18, 4, '广州永盛化工', NULL, NULL, 'return', 1500.00, 50.000, 'pending', 'pending', '2025-05-09', '稀释剂供应商退货-包装破损', 5, 0),
('IN-20250428-021', 'transfer', 1, NULL, NULL, NULL, NULL, 'po', 7500.00, 300.000, 'completed', 'pass', '2025-04-28', 'PET薄膜从来料待检仓转入原料仓', 5, 0),
('IN-20250429-022', 'transfer', 9, NULL, NULL, NULL, NULL, 'po', 5600.00, 40.000, 'completed', 'pass', '2025-04-29', 'UV油墨从危化品副仓转入主仓', 5, 0),
('IN-20250510-023', 'transfer', 2, NULL, NULL, NULL, NULL, 'po', 10400.00, 400.000, 'approved', 'pass', '2025-05-10', 'PVC薄膜从来料待检仓转入原料仓', 5, 0),
('IN-20250511-024', 'other', 15, NULL, NULL, NULL, NULL, 'blind', 5000.00, 200.000, 'approved', 'pass', '2025-05-11', '来料待检-样品入库检测', 6, 0),
('IN-20250512-025', 'other', 15, 7, '苏州雅特不干胶材料', NULL, NULL, 'blind', 8400.00, 300.000, 'draft', 'pending', '2025-05-12', '不干胶铜版纸盲收入库', 6, 0);


-- ============================================================
-- 2. 入库明细 (inv_inbound_item)
-- 依赖: inv_inbound_order(id=1~25), material(id=1~30)
-- 说明: 每个入库单对应1~2条明细,共28条
-- ============================================================
INSERT IGNORE INTO inv_inbound_item
(order_id, material_id, material_name, material_spec, batch_no, quantity, unit, unit_price, total_price, warehouse_location, produce_date, expire_date, remark)
VALUES
(1, 1, 'PET透明膜0.1mm', '1000mm×500m/卷,厚度0.1mm', 'BH20250401001', 1000.000, 'kg', 25.00, 25000.00, 'A-01-01', '2025-03-25', '2026-03-25', 'PET透明膜第一批'),
(2, 2, 'PET白膜0.125mm', '1200mm×500m/卷,厚度0.125mm', 'BH20250403001', 800.000, 'kg', 22.50, 18000.00, 'A-01-02', '2025-03-28', '2026-03-28', 'PET白膜第一批'),
(3, 3, 'PVC透明膜0.15mm', '1000mm×400m/卷,厚度0.15mm', 'BH20250405001', 600.000, 'kg', 26.00, 15600.00, 'B-02-01', '2025-04-01', '2026-04-01', 'PVC透明膜第一批'),
(4, 4, 'PVC白膜0.2mm', '1200mm×400m/卷,厚度0.2mm', 'BH20250407001', 750.000, 'kg', 29.33, 22000.00, 'B-02-02', '2025-04-03', '2026-04-03', 'PVC白膜第一批'),
(5, 8, 'UV油墨-黑色', 'UV固化型,粘度25-30s', 'BH20250409001', 120.000, 'kg', 140.00, 16800.00, 'C-09-01', '2025-04-05', '2025-10-05', 'UV油墨-黑色第一批'),
(6, 9, 'UV油墨-白色', 'UV固化型,粘度20-25s', 'BH20250411001', 100.000, 'kg', 135.00, 13500.00, 'C-09-02', '2025-04-07', '2025-10-07', 'UV油墨-白色第一批'),
(7, 10, '溶剂型油墨-黑色', '溶剂型,粘度30-35s', 'BH20250413001', 80.000, 'kg', 120.00, 9600.00, 'C-10-01', '2025-04-09', '2025-09-09', '溶剂型油墨-黑色'),
(8, 16, '稀释剂-标准型', '标准型,沸点80-120°C', 'BH20250415001', 300.000, 'kg', 30.00, 9000.00, 'D-11-01', '2025-04-11', '2026-04-11', '稀释剂第一批'),
(9, 14, '丝印网版-300目', '300目,铝合金框架', 'BH20250417001', 15.000, '件', 453.33, 6800.00, 'E-07-01', '2025-04-13', NULL, '丝印网版-300目'),
(10, 15, '模切刀模-平板', '平板式,精度±0.05mm', 'BH20250419001', 10.000, '件', 520.00, 5200.00, 'E-08-01', '2025-04-15', NULL, '模切刀模-平板'),
(11, 13, '导电银浆-高导电', '导电型,固含70%', 'BH20250420001', 40.000, 'kg', 700.00, 28000.00, 'F-13-01', '2025-04-16', '2025-07-16', '导电银浆-需冷藏2-8°C'),
(12, 5, 'BOPP透明膜0.08mm', '800mm×600m/卷,厚度0.08mm', 'BH20250422001', 600.000, 'kg', 20.00, 12000.00, 'A-01-03', '2025-04-18', '2026-04-18', 'BOPP透明膜第一批'),
(13, 1, 'PET透明膜0.1mm', '1000mm×500m/卷,厚度0.1mm', 'BH20250501001', 1200.000, 'kg', 25.00, 30000.00, 'A-01-04', '2025-04-28', '2026-04-28', 'PET透明膜第二批'),
(14, 4, 'PVC白膜0.2mm', '1200mm×400m/卷,厚度0.2mm', 'BH20250503001', 700.000, 'kg', 28.57, 20000.00, 'B-02-03', '2025-04-30', '2026-04-30', 'PVC白膜第二批'),
(15, 8, 'UV油墨-黑色', 'UV固化型,粘度25-30s', 'BH20250505001', 100.000, 'kg', 144.00, 14400.00, 'C-09-03', '2025-05-02', '2025-11-02', 'UV油墨-黑色第二批'),
(16, 1, 'PET透明膜0.1mm', '1000mm×500m/卷,厚度0.1mm', 'BH20250424001', 100.000, 'kg', 25.00, 2500.00, 'G-17-01', '2025-03-25', '2026-03-25', '客户退货-美的集团'),
(17, 3, 'PVC透明膜0.15mm', '1000mm×400m/卷,厚度0.15mm', 'BH20250425001', 120.000, 'kg', 26.00, 3120.00, 'G-17-02', '2025-04-01', '2026-04-01', '客户退货-部分不合格'),
(18, 8, 'UV油墨-黑色', 'UV固化型,粘度25-30s', 'BH20250427001', 30.000, 'kg', 140.00, 4200.00, 'H-18-01', '2025-04-05', '2025-10-05', '供应商退货-质量不达标'),
(19, 2, 'PET白膜0.125mm', '1200mm×500m/卷,厚度0.125mm', 'BH20250507001', 150.000, 'kg', 25.00, 3750.00, 'G-17-03', '2025-03-28', '2026-03-28', '客户退货-格力电器'),
(20, 16, '稀释剂-标准型', '标准型,沸点80-120°C', 'BH20250509001', 50.000, 'kg', 30.00, 1500.00, 'H-18-02', '2025-04-11', '2026-04-11', '供应商退货-包装破损'),
(21, 1, 'PET透明膜0.1mm', '1000mm×500m/卷,厚度0.1mm', 'BH20250401001', 300.000, 'kg', 25.00, 7500.00, 'A-01-01', '2025-03-25', '2026-03-25', '调拨入库-从来料待检仓转入'),
(22, 8, 'UV油墨-黑色', 'UV固化型,粘度25-30s', 'BH20250409001', 40.000, 'kg', 140.00, 5600.00, 'C-09-01', '2025-04-05', '2025-10-05', '调拨入库-从危化品副仓转入'),
(23, 3, 'PVC透明膜0.15mm', '1000mm×400m/卷,厚度0.15mm', 'BH20250405001', 400.000, 'kg', 26.00, 10400.00, 'B-02-01', '2025-04-01', '2026-04-01', '调拨入库-从来料待检仓转入'),
(24, 7, '不干胶铜版纸80g', '1050mm×500m/卷,80g/m²', 'BH20250511001', 200.000, 'kg', 25.00, 5000.00, 'I-15-01', '2025-05-08', '2026-05-08', '样品入库检测'),
(25, 7, '不干胶铜版纸80g', '1050mm×500m/卷,80g/m²', 'BH20250512001', 300.000, 'kg', 28.00, 8400.00, 'I-15-02', '2025-05-10', '2026-05-10', '盲收入库-未关联采购单'),
(1, 6, 'PE保护膜0.05mm', '1200mm×500m/卷,厚度0.05mm', 'BH20250401002', 200.000, 'kg', 12.00, 2400.00, 'A-01-05', '2025-03-25', '2026-03-25', 'PE保护膜随PET膜一同入库'),
(8, 17, 'UV光油-高光', 'UV固化型,光泽度95%', 'BH20250415002', 50.000, 'kg', 60.00, 3000.00, 'D-11-02', '2025-04-11', '2025-10-11', 'UV光油随稀释剂一同入库'),
(13, 6, 'PE保护膜0.05mm', '1200mm×500m/卷,厚度0.05mm', 'BH20250501002', 300.000, 'kg', 12.00, 3600.00, 'A-01-05', '2025-04-28', '2026-04-28', 'PE保护膜随PET膜第二批入库');


-- ============================================================
-- 3. 入库标签 (inv_inbound_label)
-- 依赖: inv_inbound_order(id=1~25), inv_inbound_item(id=1~28)
-- 说明: 每条入库明细生成一张标签,记录物料标签信息
-- ============================================================
INSERT IGNORE INTO inv_inbound_label
(label_id, order_id, order_no, item_id, purchase_order_no, supplier_name, inbound_date, warehouse_code, material_code, material_name, specification, width, batch_no, qty, unit, is_raw_material, package_qty, label_qty, label_status, audit_status, operator_id, operator_name, auditor_id, auditor_name, audit_time, color_code, mixed_material_remark, machine_no, remark, deleted)
VALUES
('LBL-20250401-001', 1, 'IN-20250401-001', 1, 'PO-20250328-001', '东莞鑫达薄膜材料', '2025-04-01', 'WH-001', 'PET-001', 'PET透明膜0.1mm', '1000mm×500m/卷,厚度0.1mm', 1000.00, 'BH20250401001', 1000.000, 'kg', 1, 20.000, 20, 'printed', 1, 2, '张伟', 7, '赵磊', '2025-04-01 10:30:00', NULL, NULL, NULL, 'PET透明膜标签', 0),
('LBL-20250403-002', 2, 'IN-20250403-002', 2, 'PO-20250330-002', '东莞鑫达薄膜材料', '2025-04-03', 'WH-001', 'PET-002', 'PET白膜0.125mm', '1200mm×500m/卷,厚度0.125mm', 1200.00, 'BH20250403001', 800.000, 'kg', 1, 16.000, 16, 'printed', 1, 2, '张伟', 7, '赵磊', '2025-04-03 11:00:00', '#FFFFFF', NULL, NULL, 'PET白膜标签', 0),
('LBL-20250405-003', 3, 'IN-20250405-003', 3, 'PO-20250401-003', '佛山顺达PVC材料', '2025-04-05', 'WH-002', 'PVC-001', 'PVC透明膜0.15mm', '1000mm×400m/卷,厚度0.15mm', 1000.00, 'BH20250405001', 600.000, 'kg', 1, 12.000, 12, 'printed', 1, 3, '李娜', 7, '赵磊', '2025-04-05 09:45:00', NULL, NULL, NULL, 'PVC透明膜标签', 0),
('LBL-20250407-004', 4, 'IN-20250407-004', 4, 'PO-20250403-004', '佛山顺达PVC材料', '2025-04-07', 'WH-002', 'PVC-002', 'PVC白膜0.2mm', '1200mm×400m/卷,厚度0.2mm', 1200.00, 'BH20250407001', 750.000, 'kg', 1, 15.000, 15, 'printed', 1, 3, '李娜', 7, '赵磊', '2025-04-07 14:20:00', '#FFFFFF', NULL, NULL, 'PVC白膜标签', 0),
('LBL-20250409-005', 5, 'IN-20250409-005', 5, 'PO-20250405-005', '深圳精诚油墨化工', '2025-04-09', 'WH-009', 'UV-BK', 'UV油墨-黑色', 'UV固化型,粘度25-30s', NULL, 'BH20250409001', 120.000, 'kg', 1, 6.000, 6, 'printed', 1, 4, '王强', 8, '孙丽', '2025-04-09 10:15:00', '#000000', NULL, 'SCR-001', 'UV油墨-黑色标签', 0),
('LBL-20250411-006', 6, 'IN-20250411-006', 6, 'PO-20250407-006', '上海紫江特种油墨', '2025-04-11', 'WH-009', 'UV-WH', 'UV油墨-白色', 'UV固化型,粘度20-25s', NULL, 'BH20250411001', 100.000, 'kg', 1, 5.000, 5, 'printed', 1, 4, '王强', 8, '孙丽', '2025-04-11 11:30:00', '#FFFFFF', NULL, 'SCR-002', 'UV油墨-白色标签', 0),
('LBL-20250413-007', 7, 'IN-20250413-007', 7, 'PO-20250409-007', '深圳精诚油墨化工', '2025-04-13', 'WH-010', 'SOL-BK', '溶剂型油墨-黑色', '溶剂型,粘度30-35s', NULL, 'BH20250413001', 80.000, 'kg', 1, 4.000, 4, 'printed', 1, 5, '刘洋', 8, '孙丽', '2025-04-13 09:00:00', '#000000', NULL, 'SCR-003', '溶剂型油墨-黑色标签', 0),
('LBL-20250415-008', 8, 'IN-20250415-008', 8, 'PO-20250411-008', '广州永盛化工', '2025-04-15', 'WH-011', 'THINNER', '稀释剂-标准型', '标准型,沸点80-120°C', NULL, 'BH20250415001', 300.000, 'kg', 1, 15.000, 15, 'printed', 1, 5, '刘洋', 8, '孙丽', '2025-04-15 10:45:00', NULL, NULL, NULL, '稀释剂标签', 0),
('LBL-20250417-009', 9, 'IN-20250417-009', 9, 'PO-20250413-009', '东莞宏达丝网材料', '2025-04-17', 'WH-007', 'SCREEN-300', '丝印网版-300目', '300目,铝合金框架', NULL, 'BH20250417001', 15.000, '件', 1, 15.000, 15, 'printed', 1, 6, '陈明', 7, '赵磊', '2025-04-17 13:30:00', NULL, NULL, 'SCR-001', '丝印网版标签', 0),
('LBL-20250419-010', 10, 'IN-20250419-010', 10, 'PO-20250415-010', '东莞宏达丝网材料', '2025-04-19', 'WH-008', 'DIE-001', '模切刀模-平板', '平板式,精度±0.05mm', NULL, 'BH20250419001', 10.000, '件', 1, 10.000, 10, 'printed', 1, 6, '陈明', 7, '赵磊', '2025-04-19 15:00:00', NULL, NULL, 'CUT-001', '模切刀模标签', 0),
('LBL-20250420-011', 11, 'IN-20250420-011', 11, 'PO-20250416-011', '上海紫江特种油墨', '2025-04-20', 'WH-013', 'AG-PASTE', '导电银浆-高导电', '导电型,固含70%', NULL, 'BH20250420001', 40.000, 'kg', 1, 2.000, 2, 'printed', 1, 4, '王强', 8, '孙丽', '2025-04-20 09:20:00', '#C0C0C0', '含银量≥70%', NULL, '导电银浆标签-需冷藏', 0),
('LBL-20250422-012', 12, 'IN-20250422-012', 12, 'PO-20250418-012', '深圳金太阳保护膜', '2025-04-22', 'WH-001', 'BOPP-001', 'BOPP透明膜0.08mm', '800mm×600m/卷,厚度0.08mm', 800.00, 'BH20250422001', 600.000, 'kg', 1, 12.000, 12, 'printed', 1, 2, '张伟', 7, '赵磊', '2025-04-22 10:00:00', NULL, NULL, NULL, 'BOPP透明膜标签', 0),
('LBL-20250501-013', 13, 'IN-20250501-013', 13, 'PO-20250428-013', '东莞鑫达薄膜材料', '2025-05-01', 'WH-001', 'PET-001', 'PET透明膜0.1mm', '1000mm×500m/卷,厚度0.1mm', 1000.00, 'BH20250501001', 1200.000, 'kg', 1, 24.000, 24, 'generated', 1, 2, '张伟', 7, '赵磊', '2025-05-01 11:15:00', NULL, NULL, NULL, 'PET透明膜第二批标签', 0),
('LBL-20250503-014', 14, 'IN-20250503-014', 14, 'PO-20250430-014', '佛山顺达PVC材料', '2025-05-03', 'WH-002', 'PVC-002', 'PVC白膜0.2mm', '1200mm×400m/卷,厚度0.2mm', 1200.00, 'BH20250503001', 700.000, 'kg', 1, 14.000, 14, 'generated', 0, 3, '李娜', NULL, NULL, NULL, '#FFFFFF', NULL, NULL, 'PVC白膜第二批标签-待审核', 0),
('LBL-20250505-015', 15, 'IN-20250505-015', 15, 'PO-20250502-015', '深圳精诚油墨化工', '2025-05-05', 'WH-009', 'UV-BK', 'UV油墨-黑色', 'UV固化型,粘度25-30s', NULL, 'BH20250505001', 100.000, 'kg', 1, 5.000, 5, 'generated', 0, 4, '王强', NULL, NULL, NULL, '#000000', NULL, 'SCR-001', 'UV油墨-黑色第二批标签-待审核', 0),
('LBL-20250424-016', 16, 'IN-20250424-016', 16, NULL, '东莞鑫达薄膜材料', '2025-04-24', 'WH-017', 'PET-001', 'PET透明膜0.1mm', '1000mm×500m/卷,厚度0.1mm', 1000.00, 'BH20250424001', 100.000, 'kg', 1, 2.000, 2, 'printed', 1, 2, '张伟', 7, '赵磊', '2025-04-24 14:00:00', NULL, '客户退货', NULL, '客户退货标签-美的集团', 0),
('LBL-20250425-017', 17, 'IN-20250425-017', 17, NULL, '佛山顺达PVC材料', '2025-04-25', 'WH-017', 'PVC-001', 'PVC透明膜0.15mm', '1000mm×400m/卷,厚度0.15mm', 1000.00, 'BH20250425001', 120.000, 'kg', 1, 3.000, 3, 'printed', 1, 3, '李娜', 8, '孙丽', '2025-04-25 15:30:00', NULL, '部分不合格', NULL, '客户退货标签-部分不合格', 0),
('LBL-20250427-018', 18, 'IN-20250427-018', 18, NULL, '深圳精诚油墨化工', '2025-04-27', 'WH-018', 'UV-BK', 'UV油墨-黑色', 'UV固化型,粘度25-30s', NULL, 'BH20250427001', 30.000, 'kg', 1, 2.000, 2, 'printed', 2, 4, '王强', 8, '孙丽', '2025-04-27 09:45:00', '#000000', '质量不达标-退货', 'SCR-001', '供应商退货标签-质量不达标', 0),
('LBL-20250507-019', 19, 'IN-20250507-019', 19, NULL, '东莞鑫达薄膜材料', '2025-05-07', 'WH-017', 'PET-002', 'PET白膜0.125mm', '1200mm×500m/卷,厚度0.125mm', 1200.00, 'BH20250507001', 150.000, 'kg', 1, 3.000, 3, 'generated', 0, 2, '张伟', NULL, NULL, NULL, '#FFFFFF', '客户退货', NULL, '客户退货标签-格力电器-待审核', 0),
('LBL-20250509-020', 20, 'IN-20250509-020', 20, NULL, '广州永盛化工', '2025-05-09', 'WH-018', 'THINNER', '稀释剂-标准型', '标准型,沸点80-120°C', NULL, 'BH20250509001', 50.000, 'kg', 1, 3.000, 3, 'generated', 0, 5, '刘洋', NULL, NULL, NULL, NULL, '包装破损-退货', NULL, '供应商退货标签-包装破损-待审核', 0),
('LBL-20250428-021', 21, 'IN-20250428-021', 21, NULL, NULL, '2025-04-28', 'WH-001', 'PET-001', 'PET透明膜0.1mm', '1000mm×500m/卷,厚度0.1mm', 1000.00, 'BH20250401001', 300.000, 'kg', 1, 6.000, 6, 'printed', 1, 5, '刘洋', 7, '赵磊', '2025-04-28 10:00:00', NULL, '调拨入库', NULL, '调拨入库标签-从来料待检仓转入', 0),
('LBL-20250429-022', 22, 'IN-20250429-022', 22, NULL, NULL, '2025-04-29', 'WH-009', 'UV-BK', 'UV油墨-黑色', 'UV固化型,粘度25-30s', NULL, 'BH20250409001', 40.000, 'kg', 1, 2.000, 2, 'printed', 1, 5, '刘洋', 8, '孙丽', '2025-04-29 11:30:00', '#000000', '调拨入库', 'SCR-001', '调拨入库标签-从危化品副仓转入', 0),
('LBL-20250510-023', 23, 'IN-20250510-023', 23, NULL, NULL, '2025-05-10', 'WH-002', 'PVC-001', 'PVC透明膜0.15mm', '1000mm×400m/卷,厚度0.15mm', 1000.00, 'BH20250405001', 400.000, 'kg', 1, 8.000, 8, 'generated', 1, 5, '刘洋', 7, '赵磊', '2025-05-10 09:00:00', NULL, '调拨入库', NULL, '调拨入库标签-从来料待检仓转入', 0),
('LBL-20250511-024', 24, 'IN-20250511-024', 24, NULL, NULL, '2025-05-11', 'WH-015', 'PAPER-001', '不干胶铜版纸80g', '1050mm×500m/卷,80g/m²', 1050.00, 'BH20250511001', 200.000, 'kg', 1, 4.000, 4, 'generated', 1, 6, '陈明', 7, '赵磊', '2025-05-11 14:30:00', NULL, '样品入库', NULL, '样品入库标签', 0),
('LBL-20250512-025', 25, 'IN-20250512-025', 25, NULL, '苏州雅特不干胶材料', '2025-05-12', 'WH-015', 'PAPER-001', '不干胶铜版纸80g', '1050mm×500m/卷,80g/m²', 1050.00, 'BH20250512001', 300.000, 'kg', 1, 6.000, 6, 'generated', 0, 6, '陈明', NULL, NULL, NULL, NULL, '盲收入库', NULL, '盲收入库标签-待审核', 0);


-- ============================================================
-- 4. 库存 (inv_inventory)
-- 依赖: material, warehouse
-- 说明: 当前各仓库各物料的库存汇总,反映入库/出库后的净库存
-- ============================================================
INSERT IGNORE INTO inv_inventory
(material_id, material_name, warehouse_id, warehouse_name, quantity, available_qty, batch_no, locked_qty, unit, unit_cost, total_cost, safety_stock, version, deleted)
VALUES
(1, 'PET透明膜0.1mm', 1, 'PET薄膜原料仓', 2500.0000, 2200.0000, 'BH20250401001', 300.0000, 'kg', 25.0000, 62500.0000, 500.0000, 3, 0),
(2, 'PET白膜0.125mm', 1, 'PET薄膜原料仓', 650.0000, 600.0000, 'BH20250403001', 50.0000, 'kg', 22.5000, 14625.0000, 300.0000, 2, 0),
(3, 'PVC透明膜0.15mm', 2, 'PVC薄膜原料仓', 1100.0000, 1000.0000, 'BH20250405001', 100.0000, 'kg', 26.0000, 28600.0000, 400.0000, 2, 0),
(4, 'PVC白膜0.2mm', 2, 'PVC薄膜原料仓', 1450.0000, 1300.0000, 'BH20250407001', 150.0000, 'kg', 29.0000, 42050.0000, 400.0000, 2, 0),
(5, 'BOPP透明膜0.08mm', 1, 'PET薄膜原料仓', 600.0000, 550.0000, 'BH20250422001', 50.0000, 'kg', 20.0000, 12000.0000, 200.0000, 1, 0),
(6, 'PE保护膜0.05mm', 1, 'PET薄膜原料仓', 500.0000, 450.0000, 'BH20250401002', 50.0000, 'kg', 12.0000, 6000.0000, 150.0000, 2, 0),
(7, '不干胶铜版纸80g', 15, '来料待检仓', 500.0000, 500.0000, 'BH20250511001', 0.0000, 'kg', 26.0000, 13000.0000, 200.0000, 1, 0),
(8, 'UV油墨-黑色', 9, 'UV油墨仓', 220.0000, 180.0000, 'BH20250409001', 40.0000, 'kg', 141.0000, 31020.0000, 80.0000, 3, 0),
(9, 'UV油墨-白色', 9, 'UV油墨仓', 100.0000, 80.0000, 'BH20250411001', 20.0000, 'kg', 135.0000, 13500.0000, 50.0000, 1, 0),
(10, '溶剂型油墨-黑色', 10, '溶剂油墨仓', 80.0000, 70.0000, 'BH20250413001', 10.0000, 'kg', 120.0000, 9600.0000, 40.0000, 1, 0),
(13, '导电银浆-高导电', 13, '冷藏主仓', 40.0000, 35.0000, 'BH20250420001', 5.0000, 'kg', 700.0000, 28000.0000, 20.0000, 1, 0),
(14, '丝印网版-300目', 7, '网版存放仓', 15.0000, 12.0000, 'BH20250417001', 3.0000, '件', 453.3300, 6800.0000, 5.0000, 1, 0),
(15, '模切刀模-平板', 8, '刀模存放仓', 10.0000, 8.0000, 'BH20250419001', 2.0000, '件', 520.0000, 5200.0000, 3.0000, 1, 0),
(16, '稀释剂-标准型', 11, '危化品主仓', 300.0000, 250.0000, 'BH20250415001', 50.0000, 'kg', 30.0000, 9000.0000, 100.0000, 1, 0),
(17, 'UV光油-高光', 9, 'UV油墨仓', 50.0000, 40.0000, 'BH20250415002', 10.0000, 'kg', 60.0000, 3000.0000, 30.0000, 1, 0),
(19, '标签成品-电子标签', 5, '标签成品仓', 50000.0000, 45000.0000, 'BH20250419002', 5000.0000, '件', 1.2000, 60000.0000, 10000.0000, 2, 0),
(20, '包装膜成品-热收缩膜', 6, '包装膜成品仓', 2000.0000, 1800.0000, 'BH20250420002', 200.0000, 'kg', 15.0000, 30000.0000, 500.0000, 2, 0),
(22, '空调面板标签', 5, '标签成品仓', 30000.0000, 28000.0000, 'BH20250421001', 2000.0000, '件', 0.8000, 24000.0000, 5000.0000, 2, 0),
(24, '手机后盖标签', 5, '标签成品仓', 80000.0000, 75000.0000, 'BH20250422002', 5000.0000, '件', 0.5000, 40000.0000, 10000.0000, 2, 0),
(25, '汽车内饰标签', 5, '标签成品仓', 20000.0000, 18000.0000, 'BH20250423001', 2000.0000, '件', 1.5000, 30000.0000, 5000.0000, 2, 0),
(26, '电视背板标签', 5, '标签成品仓', 15000.0000, 13000.0000, 'BH20250424001', 2000.0000, '件', 1.0000, 15000.0000, 3000.0000, 1, 0),
(27, '通信设备铭牌', 5, '标签成品仓', 10000.0000, 9000.0000, 'BH20250425001', 1000.0000, '件', 2.5000, 25000.0000, 2000.0000, 1, 0),
(18, '纸箱-标准型', 6, '包装膜成品仓', 5000.0000, 4500.0000, 'BH20250426001', 500.0000, '件', 5.0000, 25000.0000, 1000.0000, 1, 0),
(21, '聚氨酯刮刀', 7, '网版存放仓', 30.0000, 25.0000, 'BH20250427001', 5.0000, '件', 100.0000, 3000.0000, 10.0000, 1, 0),
(1, 'PET透明膜0.1mm', 15, '来料待检仓', 200.0000, 200.0000, 'BH20250501001', 0.0000, 'kg', 25.0000, 5000.0000, 100.0000, 1, 0);


-- ============================================================
-- 5. 库存批次 (inv_inventory_batch)
-- 依赖: material, warehouse
-- 说明: 每个入库批次对应一条记录,跟踪批次级别的库存和有效期
-- ============================================================
INSERT IGNORE INTO inv_inventory_batch
(batch_no, material_id, material_code, material_name, warehouse_id, warehouse_name, quantity, available_qty, locked_qty, unit, unit_price, produce_date, expire_date, inbound_date, opened_at, status, version, deleted)
VALUES
('BH20250401001', 1, 'PET-001', 'PET透明膜0.1mm', 1, 'PET薄膜原料仓', 2500.000, 2200.000, 300.000, 'kg', 25.00, '2025-03-25', '2026-03-25', '2025-04-01', NULL, 'normal', 2, 0),
('BH20250403001', 2, 'PET-002', 'PET白膜0.125mm', 1, 'PET薄膜原料仓', 650.000, 600.000, 50.000, 'kg', 22.50, '2025-03-28', '2026-03-28', '2025-04-03', NULL, 'normal', 1, 0),
('BH20250405001', 3, 'PVC-001', 'PVC透明膜0.15mm', 2, 'PVC薄膜原料仓', 1100.000, 1000.000, 100.000, 'kg', 26.00, '2025-04-01', '2026-04-01', '2025-04-05', NULL, 'normal', 1, 0),
('BH20250407001', 4, 'PVC-002', 'PVC白膜0.2mm', 2, 'PVC薄膜原料仓', 1450.000, 1300.000, 150.000, 'kg', 29.33, '2025-04-03', '2026-04-03', '2025-04-07', NULL, 'normal', 1, 0),
('BH20250409001', 8, 'UV-BK', 'UV油墨-黑色', 9, 'UV油墨仓', 220.000, 180.000, 40.000, 'kg', 140.00, '2025-04-05', '2025-10-05', '2025-04-09', '2025-04-10 08:30:00', 'normal', 2, 0),
('BH20250411001', 9, 'UV-WH', 'UV油墨-白色', 9, 'UV油墨仓', 100.000, 80.000, 20.000, 'kg', 135.00, '2025-04-07', '2025-10-07', '2025-04-11', NULL, 'normal', 1, 0),
('BH20250413001', 10, 'SOL-BK', '溶剂型油墨-黑色', 10, '溶剂油墨仓', 80.000, 70.000, 10.000, 'kg', 120.00, '2025-04-09', '2025-09-09', '2025-04-13', '2025-04-14 09:00:00', 'normal', 1, 0),
('BH20250415001', 16, 'THINNER', '稀释剂-标准型', 11, '危化品主仓', 300.000, 250.000, 50.000, 'kg', 30.00, '2025-04-11', '2026-04-11', '2025-04-15', NULL, 'normal', 1, 0),
('BH20250417001', 14, 'SCREEN-300', '丝印网版-300目', 7, '网版存放仓', 15.000, 12.000, 3.000, '件', 453.33, '2025-04-13', NULL, '2025-04-17', NULL, 'normal', 1, 0),
('BH20250419001', 15, 'DIE-001', '模切刀模-平板', 8, '刀模存放仓', 10.000, 8.000, 2.000, '件', 520.00, '2025-04-15', NULL, '2025-04-19', NULL, 'normal', 1, 0),
('BH20250420001', 13, 'AG-PASTE', '导电银浆-高导电', 13, '冷藏主仓', 40.000, 35.000, 5.000, 'kg', 700.00, '2025-04-16', '2025-07-16', '2025-04-20', NULL, 'normal', 1, 0),
('BH20250422001', 5, 'BOPP-001', 'BOPP透明膜0.08mm', 1, 'PET薄膜原料仓', 600.000, 550.000, 50.000, 'kg', 20.00, '2025-04-18', '2026-04-18', '2025-04-22', NULL, 'normal', 1, 0),
('BH20250401002', 6, 'PE-001', 'PE保护膜0.05mm', 1, 'PET薄膜原料仓', 500.000, 450.000, 50.000, 'kg', 12.00, '2025-03-25', '2026-03-25', '2025-04-01', NULL, 'normal', 1, 0),
('BH20250415002', 17, 'UV-VARNISH', 'UV光油-高光', 9, 'UV油墨仓', 50.000, 40.000, 10.000, 'kg', 60.00, '2025-04-11', '2025-10-11', '2025-04-15', NULL, 'normal', 1, 0),
('BH20250501001', 1, 'PET-001', 'PET透明膜0.1mm', 1, 'PET薄膜原料仓', 1200.000, 1100.000, 100.000, 'kg', 25.00, '2025-04-28', '2026-04-28', '2025-05-01', NULL, 'normal', 1, 0),
('BH20250503001', 4, 'PVC-002', 'PVC白膜0.2mm', 2, 'PVC薄膜原料仓', 700.000, 650.000, 50.000, 'kg', 28.57, '2025-04-30', '2026-04-30', '2025-05-03', NULL, 'normal', 1, 0),
('BH20250505001', 8, 'UV-BK', 'UV油墨-黑色', 9, 'UV油墨仓', 100.000, 90.000, 10.000, 'kg', 144.00, '2025-05-02', '2025-11-02', '2025-05-05', NULL, 'normal', 1, 0),
('BH20250424001', 1, 'PET-001', 'PET透明膜0.1mm', 17, '客户退货仓', 100.000, 100.000, 0.000, 'kg', 25.00, '2025-03-25', '2026-03-25', '2025-04-24', NULL, 'normal', 1, 0),
('BH20250425001', 3, 'PVC-001', 'PVC透明膜0.15mm', 17, '客户退货仓', 120.000, 80.000, 40.000, 'kg', 26.00, '2025-04-01', '2026-04-01', '2025-04-25', NULL, 'frozen', 1, 0),
('BH20250427001', 8, 'UV-BK', 'UV油墨-黑色', 18, '供应商退货仓', 30.000, 0.000, 30.000, 'kg', 140.00, '2025-04-05', '2025-10-05', '2025-04-27', NULL, 'frozen', 1, 0),
('BH20250507001', 2, 'PET-002', 'PET白膜0.125mm', 17, '客户退货仓', 150.000, 150.000, 0.000, 'kg', 25.00, '2025-03-28', '2026-03-28', '2025-05-07', NULL, 'normal', 1, 0),
('BH20250509001', 16, 'THINNER', '稀释剂-标准型', 18, '供应商退货仓', 50.000, 0.000, 50.000, 'kg', 30.00, '2025-04-11', '2026-04-11', '2025-05-09', NULL, 'frozen', 1, 0),
('BH20250511001', 7, 'PAPER-001', '不干胶铜版纸80g', 15, '来料待检仓', 200.000, 200.000, 0.000, 'kg', 25.00, '2025-05-08', '2026-05-08', '2025-05-11', NULL, 'normal', 1, 0),
('BH20250512001', 7, 'PAPER-001', '不干胶铜版纸80g', 15, '来料待检仓', 300.000, 300.000, 0.000, 'kg', 28.00, '2025-05-10', '2026-05-10', '2025-05-12', NULL, 'normal', 1, 0),
('BH20250501002', 6, 'PE-001', 'PE保护膜0.05mm', 1, 'PET薄膜原料仓', 300.000, 280.000, 20.000, 'kg', 12.00, '2025-04-28', '2026-04-28', '2025-05-01', NULL, 'normal', 1, 0);


-- ============================================================
-- 6. 出库单 (inv_outbound_order)
-- 依赖: warehouse, user
-- 说明: 包含销售出库(15条)、生产领料(5条)、其他出库(5条)
-- ============================================================
INSERT IGNORE INTO inv_outbound_order
(order_no, order_date, outbound_type, warehouse_id, warehouse_code, warehouse_name, total_qty, total_amount, currency, status, remark, operator_name, audit_status, auditor_name, audit_time, create_by, deleted)
VALUES
('OUT-20250501-001', '2025-05-01', 'sale', 5, 'WH-005', '标签成品仓', 10000.0000, 12000.0000, 'CNY', 'completed', '空调面板标签销售出库-美的集团', '张伟', 'approved', '赵磊', '2025-05-01 14:00:00', 2, 0),
('OUT-20250501-002', '2025-05-01', 'sale', 5, 'WH-005', '标签成品仓', 8000.0000, 6400.0000, 'CNY', 'completed', '洗衣机面板标签销售出库-格力电器', '张伟', 'approved', '赵磊', '2025-05-01 15:30:00', 2, 0),
('OUT-20250502-003', '2025-05-02', 'sale', 5, 'WH-005', '标签成品仓', 15000.0000, 7500.0000, 'CNY', 'completed', '手机后盖标签销售出库-华为技术', '李娜', 'approved', '赵磊', '2025-05-02 10:00:00', 3, 0),
('OUT-20250502-004', '2025-05-02', 'sale', 6, 'WH-006', '包装膜成品仓', 500.0000, 7500.0000, 'CNY', 'completed', '包装膜成品销售出库-比亚迪', '李娜', 'approved', '赵磊', '2025-05-02 14:20:00', 3, 0),
('OUT-20250503-005', '2025-05-03', 'sale', 5, 'WH-005', '标签成品仓', 5000.0000, 7500.0000, 'CNY', 'completed', '汽车内饰标签销售出库-TCL科技', '王强', 'approved', '赵磊', '2025-05-03 09:30:00', 4, 0),
('OUT-20250503-006', '2025-05-03', 'sale', 5, 'WH-005', '标签成品仓', 3000.0000, 7500.0000, 'CNY', 'completed', '通信设备铭牌销售出库-中兴通讯', '王强', 'approved', '孙丽', '2025-05-03 11:00:00', 4, 0),
('OUT-20250504-007', '2025-05-04', 'sale', 6, 'WH-006', '包装膜成品仓', 300.0000, 4500.0000, 'CNY', 'completed', '包装膜成品销售出库-广汽集团', '刘洋', 'approved', '孙丽', '2025-05-04 10:15:00', 5, 0),
('OUT-20250504-008', '2025-05-04', 'sale', 5, 'WH-005', '标签成品仓', 6000.0000, 6000.0000, 'CNY', 'completed', '电视背板标签销售出库-海信集团', '刘洋', 'approved', '孙丽', '2025-05-04 14:45:00', 5, 0),
('OUT-20250505-009', '2025-05-05', 'sale', 5, 'WH-005', '标签成品仓', 20000.0000, 10000.0000, 'CNY', 'completed', '手机后盖标签销售出库-小米科技', '陈明', 'approved', '赵磊', '2025-05-05 09:00:00', 6, 0),
('OUT-20250505-010', '2025-05-05', 'sale', 5, 'WH-005', '标签成品仓', 10000.0000, 5000.0000, 'CNY', 'completed', '手机后盖标签销售出库-OPPO', '陈明', 'approved', '赵磊', '2025-05-05 11:30:00', 6, 0),
('OUT-20250506-011', '2025-05-06', 'sale', 6, 'WH-006', '包装膜成品仓', 400.0000, 6000.0000, 'CNY', 'approved', '包装膜成品销售出库-美的集团', '张伟', 'approved', '赵磊', '2025-05-06 10:00:00', 2, 0),
('OUT-20250507-012', '2025-05-07', 'sale', 5, 'WH-005', '标签成品仓', 8000.0000, 12000.0000, 'CNY', 'approved', '空调面板标签销售出库-格力电器', '张伟', 'pending', NULL, NULL, 2, 0),
('OUT-20250508-013', '2025-05-08', 'sale', 5, 'WH-005', '标签成品仓', 12000.0000, 6000.0000, 'CNY', 'draft', '电视背板标签销售出库-华为技术', '李娜', 'pending', NULL, NULL, 3, 0),
('OUT-20250509-014', '2025-05-09', 'sale', 6, 'WH-006', '包装膜成品仓', 200.0000, 3000.0000, 'CNY', 'draft', '包装膜成品销售出库-比亚迪', '李娜', 'pending', NULL, NULL, 3, 0),
('OUT-20250510-015', '2025-05-10', 'sale', 5, 'WH-005', '标签成品仓', 5000.0000, 7500.0000, 'CNY', 'draft', '汽车内饰标签销售出库-TCL科技', '王强', 'pending', NULL, NULL, 4, 0),
('OUT-20250420-016', '2025-04-20', 'production', 1, 'WH-001', 'PET薄膜原料仓', 500.0000, 12500.0000, 'CNY', 'completed', 'PET透明膜生产领料-丝印工序', '刘洋', 'approved', '赵磊', '2025-04-20 08:30:00', 5, 0),
('OUT-20250421-017', '2025-04-21', 'production', 2, 'WH-002', 'PVC薄膜原料仓', 300.0000, 7800.0000, 'CNY', 'completed', 'PVC透明膜生产领料-丝印工序', '刘洋', 'approved', '赵磊', '2025-04-21 08:30:00', 5, 0),
('OUT-20250422-018', '2025-04-22', 'production', 9, 'WH-009', 'UV油墨仓', 60.0000, 8400.0000, 'CNY', 'completed', 'UV油墨生产领料-丝印工序', '陈明', 'approved', '孙丽', '2025-04-22 09:00:00', 6, 0),
('OUT-20250423-019', '2025-04-23', 'production', 10, 'WH-010', '溶剂油墨仓', 30.0000, 3600.0000, 'CNY', 'completed', '溶剂型油墨生产领料-丝印工序', '陈明', 'approved', '孙丽', '2025-04-23 09:00:00', 6, 0),
('OUT-20250424-020', '2025-04-24', 'production', 7, 'WH-007', '网版存放仓', 5.0000, 2266.6500, 'CNY', 'completed', '丝印网版生产领料', '陈明', 'approved', '赵磊', '2025-04-24 08:45:00', 6, 0),
('OUT-20250425-021', '2025-04-25', 'other', 20, 'WH-020', '生产废料仓', 100.0000, 500.0000, 'CNY', 'completed', '生产废料处理-废膜回收', '刘洋', 'approved', '赵磊', '2025-04-25 15:00:00', 5, 0),
('OUT-20250426-022', '2025-04-26', 'other', 19, 'WH-019', '不合格品仓', 50.0000, 750.0000, 'CNY', 'completed', '不合格品报废处理', '刘洋', 'approved', '赵磊', '2025-04-26 14:30:00', 5, 0),
('OUT-20250508-023', '2025-05-08', 'other', 11, 'WH-011', '危化品主仓', 20.0000, 600.0000, 'CNY', 'approved', '过期稀释剂处理', '陈明', 'approved', '孙丽', '2025-05-08 10:00:00', 6, 0),
('OUT-20250510-024', '2025-05-10', 'other', 20, 'WH-020', '生产废料仓', 80.0000, 400.0000, 'CNY', 'draft', '生产废料回收处理-第二批', '陈明', 'pending', NULL, NULL, 6, 0),
('OUT-20250512-025', '2025-05-12', 'other', 19, 'WH-019', '不合格品仓', 30.0000, 450.0000, 'CNY', 'draft', '不合格品退货处理', '陈明', 'pending', NULL, NULL, 6, 0);


-- ============================================================
-- 7. 生产入库单 (inv_production_inbound)
-- 依赖: warehouse, user
-- 说明: 生产完工后产品入库,关联工单
-- ============================================================
INSERT IGNORE INTO inv_production_inbound
(inbound_no, work_order_id, work_order_no, warehouse_id, inbound_date, qc_status, status, operator_id, operator_name, remark, create_by, deleted)
VALUES
('PI-20250415-001', 1, 'WO-20250410-001', 3, '2025-04-15', 1, 2, 2, '张伟', '空调面板标签丝印半成品入库', 2, 0),
('PI-20250416-002', 2, 'WO-20250411-002', 3, '2025-04-16', 1, 2, 2, '张伟', '洗衣机面板标签丝印半成品入库', 2, 0),
('PI-20250417-003', 3, 'WO-20250412-003', 4, '2025-04-17', 1, 2, 3, '李娜', '手机后盖标签模切半成品入库', 3, 0),
('PI-20250418-004', 4, 'WO-20250413-004', 4, '2025-04-18', 1, 2, 3, '李娜', '汽车内饰标签模切半成品入库', 3, 0),
('PI-20250419-005', 5, 'WO-20250414-005', 5, '2025-04-19', 1, 2, 4, '王强', '空调面板标签成品入库', 4, 0),
('PI-20250420-006', 6, 'WO-20250415-006', 5, '2025-04-20', 1, 2, 4, '王强', '洗衣机面板标签成品入库', 4, 0),
('PI-20250421-007', 7, 'WO-20250416-007', 5, '2025-04-21', 1, 2, 4, '王强', '手机后盖标签成品入库-第一批', 4, 0),
('PI-20250422-008', 8, 'WO-20250417-008', 6, '2025-04-22', 1, 2, 5, '刘洋', '包装膜成品-热收缩膜入库', 5, 0),
('PI-20250423-009', 9, 'WO-20250418-009', 5, '2025-04-23', 1, 2, 4, '王强', '汽车内饰标签成品入库', 4, 0),
('PI-20250424-010', 10, 'WO-20250419-010', 5, '2025-04-24', 1, 2, 4, '王强', '电视背板标签成品入库', 4, 0),
('PI-20250425-011', 11, 'WO-20250420-011', 6, '2025-04-25', 1, 2, 5, '刘洋', '包装膜成品-热收缩膜入库-第二批', 5, 0),
('PI-20250426-012', 12, 'WO-20250421-012', 5, '2025-04-26', 1, 2, 4, '王强', '通信设备铭牌成品入库', 4, 0),
('PI-20250427-013', 13, 'WO-20250422-013', 5, '2025-04-27', 1, 2, 6, '陈明', '标签成品-电子标签入库', 6, 0),
('PI-20250428-014', 14, 'WO-20250423-014', 6, '2025-04-28', 1, 2, 5, '刘洋', '包装膜成品-热收缩膜入库-第三批', 5, 0),
('PI-20250429-015', 15, 'WO-20250424-015', 5, '2025-04-29', 1, 2, 6, '陈明', '无人机产品标签成品入库', 6, 0),
('PI-20250501-016', 16, 'WO-20250426-016', 5, '2025-05-01', 1, 2, 4, '王强', '手机后盖标签成品入库-第二批', 4, 0),
('PI-20250502-017', 17, 'WO-20250427-017', 5, '2025-05-02', 1, 2, 4, '王强', '医疗设备标签成品入库', 4, 0),
('PI-20250503-018', 18, 'WO-20250428-018', 6, '2025-05-03', 1, 2, 5, '刘洋', '包装膜成品-热收缩膜入库-第四批', 5, 0),
('PI-20250504-019', 19, 'WO-20250429-019', 5, '2025-05-04', 1, 1, 4, '王强', '电池产品标签成品入库-待质检', 4, 0),
('PI-20250505-020', 20, 'WO-20250430-020', 5, '2025-05-05', 1, 2, 6, '陈明', '空调面板标签成品入库-第二批', 6, 0),
('PI-20250506-021', 21, 'WO-20250501-021', 5, '2025-05-06', 1, 2, 6, '陈明', '汽车内饰标签成品入库-第二批', 6, 0),
('PI-20250507-022', 22, 'WO-20250502-022', 6, '2025-05-07', 1, 2, 5, '刘洋', '包装膜成品-热收缩膜入库-第五批', 5, 0),
('PI-20250508-023', 23, 'WO-20250503-023', 5, '2025-05-08', 0, 1, 6, '陈明', '电视背板标签成品入库-质检中', 6, 0),
('PI-20250509-024', 24, 'WO-20250504-024', 5, '2025-05-09', 1, 2, 4, '王强', '手机后盖标签成品入库-第三批', 4, 0),
('PI-20250510-025', 25, 'WO-20250505-025', 5, '2025-05-10', 1, 1, 6, '陈明', '通信设备铭牌成品入库-第二批-待确认', 6, 0);


-- ============================================================
-- 8. 生产入库明细 (inv_production_inbound_item)
-- 依赖: inv_production_inbound(id=1~25), material
-- 说明: 每条生产入库单对应1条明细
-- ============================================================
INSERT IGNORE INTO inv_production_inbound_item
(inbound_id, material_id, material_code, material_name, quantity, unit, batch_no, remark, remaining_qty)
VALUES
(1, 22, 'LABEL-AC', '空调面板标签', 15000.0000, '件', 'BH20250415001', '空调面板标签丝印半成品', 12000.0000),
(2, 23, 'LABEL-WASH', '洗衣机面板标签', 10000.0000, '件', 'BH20250416001', '洗衣机面板标签丝印半成品', 8000.0000),
(3, 24, 'LABEL-PHONE', '手机后盖标签', 20000.0000, '件', 'BH20250417001', '手机后盖标签模切半成品', 15000.0000),
(4, 25, 'LABEL-AUTO', '汽车内饰标签', 8000.0000, '件', 'BH20250418001', '汽车内饰标签模切半成品', 6000.0000),
(5, 22, 'LABEL-AC', '空调面板标签', 30000.0000, '件', 'BH20250419002', '空调面板标签成品', 28000.0000),
(6, 23, 'LABEL-WASH', '洗衣机面板标签', 12000.0000, '件', 'BH20250420001', '洗衣机面板标签成品', 10000.0000),
(7, 24, 'LABEL-PHONE', '手机后盖标签', 50000.0000, '件', 'BH20250421001', '手机后盖标签成品-第一批', 45000.0000),
(8, 20, 'FILM-SHRINK', '包装膜成品-热收缩膜', 800.0000, 'kg', 'BH20250422002', '包装膜成品-热收缩膜', 700.0000),
(9, 25, 'LABEL-AUTO', '汽车内饰标签', 20000.0000, '件', 'BH20250423001', '汽车内饰标签成品', 18000.0000),
(10, 26, 'LABEL-TV', '电视背板标签', 15000.0000, '件', 'BH20250424001', '电视背板标签成品', 13000.0000),
(11, 20, 'FILM-SHRINK', '包装膜成品-热收缩膜', 600.0000, 'kg', 'BH20250425002', '包装膜成品-热收缩膜-第二批', 500.0000),
(12, 27, 'LABEL-COMM', '通信设备铭牌', 10000.0000, '件', 'BH20250426001', '通信设备铭牌成品', 9000.0000),
(13, 19, 'LABEL-ELEC', '标签成品-电子标签', 50000.0000, '件', 'BH20250427002', '标签成品-电子标签', 45000.0000),
(14, 20, 'FILM-SHRINK', '包装膜成品-热收缩膜', 500.0000, 'kg', 'BH20250428001', '包装膜成品-热收缩膜-第三批', 400.0000),
(15, 28, 'LABEL-DRONE', '无人机产品标签', 5000.0000, '件', 'BH20250429001', '无人机产品标签成品', 4500.0000),
(16, 24, 'LABEL-PHONE', '手机后盖标签', 30000.0000, '件', 'BH20250501002', '手机后盖标签成品-第二批', 28000.0000),
(17, 29, 'LABEL-MED', '医疗设备标签', 8000.0000, '件', 'BH20250502001', '医疗设备标签成品', 7000.0000),
(18, 20, 'FILM-SHRINK', '包装膜成品-热收缩膜', 400.0000, 'kg', 'BH20250503002', '包装膜成品-热收缩膜-第四批', 350.0000),
(19, 30, 'LABEL-BATT', '电池产品标签', 12000.0000, '件', 'BH20250504001', '电池产品标签成品-待质检', 12000.0000),
(20, 22, 'LABEL-AC', '空调面板标签', 15000.0000, '件', 'BH20250505001', '空调面板标签成品-第二批', 14000.0000),
(21, 25, 'LABEL-AUTO', '汽车内饰标签', 10000.0000, '件', 'BH20250506001', '汽车内饰标签成品-第二批', 9000.0000),
(22, 20, 'FILM-SHRINK', '包装膜成品-热收缩膜', 300.0000, 'kg', 'BH20250507001', '包装膜成品-热收缩膜-第五批', 250.0000),
(23, 26, 'LABEL-TV', '电视背板标签', 8000.0000, '件', 'BH20250508001', '电视背板标签成品-质检中', 8000.0000),
(24, 24, 'LABEL-PHONE', '手机后盖标签', 25000.0000, '件', 'BH20250509001', '手机后盖标签成品-第三批', 23000.0000),
(25, 27, 'LABEL-COMM', '通信设备铭牌', 6000.0000, '件', 'BH20250510001', '通信设备铭牌成品-第二批-待确认', 6000.0000);


-- ============================================================
-- 9. 销售出库单 (inv_sales_outbound)
-- 依赖: warehouse, customer, user
-- 说明: 关联销售订单,记录销售出库信息
-- ============================================================
INSERT IGNORE INTO inv_sales_outbound
(outbound_no, order_id, order_no, customer_id, customer_name, warehouse_id, outbound_date, delivery_person, status, remark, create_by, deleted)
VALUES
('SO-OUT-20250501-001', 1, 'SO-20250425-001', 1, '美的集团', 5, '2025-05-01', '周杰', 2, '空调面板标签发货-美的集团', 2, 0),
('SO-OUT-20250501-002', 2, 'SO-20250426-002', 2, '格力电器', 5, '2025-05-01', '周杰', 2, '洗衣机面板标签发货-格力电器', 2, 0),
('SO-OUT-20250502-003', 3, 'SO-20250427-003', 3, '华为技术', 5, '2025-05-02', '吴芳', 2, '手机后盖标签发货-华为技术', 3, 0),
('SO-OUT-20250502-004', 4, 'SO-20250428-004', 4, '比亚迪', 6, '2025-05-02', '吴芳', 2, '包装膜成品发货-比亚迪', 3, 0),
('SO-OUT-20250503-005', 5, 'SO-20250429-005', 5, 'TCL科技', 5, '2025-05-03', '周杰', 2, '汽车内饰标签发货-TCL科技', 4, 0),
('SO-OUT-20250503-006', 6, 'SO-20250430-006', 6, '中兴通讯', 5, '2025-05-03', '周杰', 2, '通信设备铭牌发货-中兴通讯', 4, 0),
('SO-OUT-20250504-007', 7, 'SO-20250501-007', 7, '广汽集团', 6, '2025-05-04', '吴芳', 2, '包装膜成品发货-广汽集团', 5, 0),
('SO-OUT-20250504-008', 8, 'SO-20250502-008', 8, '海信集团', 5, '2025-05-04', '吴芳', 2, '电视背板标签发货-海信集团', 5, 0),
('SO-OUT-20250505-009', 9, 'SO-20250503-009', 9, '小米科技', 5, '2025-05-05', '周杰', 2, '手机后盖标签发货-小米科技', 6, 0),
('SO-OUT-20250505-010', 10, 'SO-20250504-010', 10, 'OPPO', 5, '2025-05-05', '周杰', 2, '手机后盖标签发货-OPPO', 6, 0),
('SO-OUT-20250506-011', 11, 'SO-20250505-011', 1, '美的集团', 6, '2025-05-06', '吴芳', 2, '包装膜成品发货-美的集团', 2, 0),
('SO-OUT-20250507-012', 12, 'SO-20250506-012', 2, '格力电器', 5, '2025-05-07', '周杰', 1, '空调面板标签发货-格力电器-出库中', 2, 0),
('SO-OUT-20250508-013', 13, 'SO-20250507-013', 3, '华为技术', 5, '2025-05-08', '吴芳', 1, '电视背板标签发货-华为技术-待确认', 3, 0),
('SO-OUT-20250509-014', 14, 'SO-20250508-014', 4, '比亚迪', 6, '2025-05-09', '周杰', 1, '包装膜成品发货-比亚迪-待确认', 3, 0),
('SO-OUT-20250510-015', 15, 'SO-20250509-015', 5, 'TCL科技', 5, '2025-05-10', '吴芳', 1, '汽车内饰标签发货-TCL科技-待确认', 4, 0),
('SO-OUT-20250506-016', 16, 'SO-20250505-016', 9, '小米科技', 5, '2025-05-06', '周杰', 2, '标签成品-电子标签发货-小米科技', 6, 0),
('SO-OUT-20250507-017', 17, 'SO-20250506-017', 10, 'OPPO', 5, '2025-05-07', '吴芳', 2, '标签成品-电子标签发货-OPPO', 6, 0),
('SO-OUT-20250508-018', 18, 'SO-20250507-018', 7, '广汽集团', 5, '2025-05-08', '周杰', 2, '汽车内饰标签发货-广汽集团', 5, 0),
('SO-OUT-20250509-019', 19, 'SO-20250508-019', 8, '海信集团', 5, '2025-05-09', '吴芳', 2, '空调面板标签发货-海信集团', 5, 0),
('SO-OUT-20250510-020', 20, 'SO-20250509-020', 1, '美的集团', 5, '2025-05-10', '周杰', 2, '手机后盖标签发货-美的集团', 2, 0),
('SO-OUT-20250506-021', 21, 'SO-20250505-021', 6, '中兴通讯', 5, '2025-05-06', '吴芳', 2, '通信设备铭牌发货-中兴通讯-第二批', 4, 0),
('SO-OUT-20250507-022', 22, 'SO-20250506-022', 4, '比亚迪', 5, '2025-05-07', '周杰', 2, '电池产品标签发货-比亚迪', 4, 0),
('SO-OUT-20250508-023', 23, 'SO-20250507-023', 3, '华为技术', 6, '2025-05-08', '吴芳', 2, '包装膜成品发货-华为技术', 3, 0),
('SO-OUT-20250509-024', 24, 'SO-20250508-024', 5, 'TCL科技', 6, '2025-05-09', '周杰', 2, '包装膜成品发货-TCL科技', 4, 0),
('SO-OUT-20250510-025', 25, 'SO-20250509-025', 9, '小米科技', 5, '2025-05-10', '吴芳', 1, '无人机产品标签发货-小米科技-待确认', 6, 0);


-- ============================================================
-- 10. 销售出库明细 (inv_sales_outbound_item)
-- 依赖: inv_sales_outbound(id=1~25), material, inv_inventory_batch(id=1~25)
-- 说明: 每条销售出库单对应1条明细
-- ============================================================
INSERT IGNORE INTO inv_sales_outbound_item
(outbound_id, material_id, material_code, material_name, quantity, unit, batch_no, remark, batch_inventory_id)
VALUES
(1, 22, 'LABEL-AC', '空调面板标签', 10000.0000, '件', 'BH20250419002', '空调面板标签发货-美的集团', 5),
(2, 23, 'LABEL-WASH', '洗衣机面板标签', 8000.0000, '件', 'BH20250420001', '洗衣机面板标签发货-格力电器', 5),
(3, 24, 'LABEL-PHONE', '手机后盖标签', 15000.0000, '件', 'BH20250421001', '手机后盖标签发货-华为技术', 7),
(4, 20, 'FILM-SHRINK', '包装膜成品-热收缩膜', 500.0000, 'kg', 'BH20250422002', '包装膜成品发货-比亚迪', 8),
(5, 25, 'LABEL-AUTO', '汽车内饰标签', 5000.0000, '件', 'BH20250423001', '汽车内饰标签发货-TCL科技', 9),
(6, 27, 'LABEL-COMM', '通信设备铭牌', 3000.0000, '件', 'BH20250426001', '通信设备铭牌发货-中兴通讯', 12),
(7, 20, 'FILM-SHRINK', '包装膜成品-热收缩膜', 300.0000, 'kg', 'BH20250425002', '包装膜成品发货-广汽集团', 11),
(8, 26, 'LABEL-TV', '电视背板标签', 6000.0000, '件', 'BH20250424001', '电视背板标签发货-海信集团', 10),
(9, 24, 'LABEL-PHONE', '手机后盖标签', 20000.0000, '件', 'BH20250421001', '手机后盖标签发货-小米科技', 7),
(10, 24, 'LABEL-PHONE', '手机后盖标签', 10000.0000, '件', 'BH20250421001', '手机后盖标签发货-OPPO', 7),
(11, 20, 'FILM-SHRINK', '包装膜成品-热收缩膜', 400.0000, 'kg', 'BH20250428001', '包装膜成品发货-美的集团', 14),
(12, 22, 'LABEL-AC', '空调面板标签', 8000.0000, '件', 'BH20250505001', '空调面板标签发货-格力电器-出库中', 20),
(13, 26, 'LABEL-TV', '电视背板标签', 12000.0000, '件', 'BH20250508001', '电视背板标签发货-华为技术-待确认', 23),
(14, 20, 'FILM-SHRINK', '包装膜成品-热收缩膜', 200.0000, 'kg', 'BH20250503002', '包装膜成品发货-比亚迪-待确认', 18),
(15, 25, 'LABEL-AUTO', '汽车内饰标签', 5000.0000, '件', 'BH20250506001', '汽车内饰标签发货-TCL科技-待确认', 21),
(16, 19, 'LABEL-ELEC', '标签成品-电子标签', 8000.0000, '件', 'BH20250427002', '标签成品-电子标签发货-小米科技', 13),
(17, 19, 'LABEL-ELEC', '标签成品-电子标签', 5000.0000, '件', 'BH20250427002', '标签成品-电子标签发货-OPPO', 13),
(18, 25, 'LABEL-AUTO', '汽车内饰标签', 6000.0000, '件', 'BH20250423001', '汽车内饰标签发货-广汽集团', 9),
(19, 22, 'LABEL-AC', '空调面板标签', 7000.0000, '件', 'BH20250419002', '空调面板标签发货-海信集团', 5),
(20, 24, 'LABEL-PHONE', '手机后盖标签', 12000.0000, '件', 'BH20250501002', '手机后盖标签发货-美的集团', 16),
(21, 27, 'LABEL-COMM', '通信设备铭牌', 4000.0000, '件', 'BH20250426001', '通信设备铭牌发货-中兴通讯-第二批', 12),
(22, 30, 'LABEL-BATT', '电池产品标签', 8000.0000, '件', 'BH20250504001', '电池产品标签发货-比亚迪', 19),
(23, 20, 'FILM-SHRINK', '包装膜成品-热收缩膜', 350.0000, 'kg', 'BH20250507001', '包装膜成品发货-华为技术', 22),
(24, 20, 'FILM-SHRINK', '包装膜成品-热收缩膜', 250.0000, 'kg', 'BH20250503002', '包装膜成品发货-TCL科技', 18),
(25, 28, 'LABEL-DRONE', '无人机产品标签', 3000.0000, '件', 'BH20250429001', '无人机产品标签发货-小米科技-待确认', 15);


-- ============================================================
-- 11. 调拨单 (inv_transfer_order)
-- 依赖: warehouse, user
-- 说明: 仓库间物料调拨,transfer_type: 1=常规调拨, 2=紧急调拨
-- ============================================================
INSERT IGNORE INTO inv_transfer_order
(transfer_no, from_warehouse_id, to_warehouse_id, transfer_date, transfer_type, status, operator_id, operator_name, remark, create_by, deleted)
VALUES
('TR-20250425-001', 15, 1, '2025-04-25', 1, 2, 5, '刘洋', 'PET薄膜从来料待检仓调拨至原料仓', 5, 0),
('TR-20250426-002', 12, 9, '2025-04-26', 1, 2, 5, '刘洋', 'UV油墨从危化品副仓调拨至UV油墨仓', 5, 0),
('TR-20250427-003', 14, 13, '2025-04-27', 2, 2, 5, '刘洋', '导电银浆紧急调拨-冷藏副仓至主仓', 5, 0),
('TR-20250428-004', 16, 5, '2025-04-28', 1, 2, 5, '刘洋', '标签成品从成品待检仓调拨至成品仓', 5, 0),
('TR-20250429-005', 16, 6, '2025-04-29', 1, 2, 5, '刘洋', '包装膜成品从成品待检仓调拨至成品仓', 5, 0),
('TR-20250430-006', 15, 2, '2025-04-30', 1, 2, 5, '刘洋', 'PVC薄膜从来料待检仓调拨至原料仓', 5, 0),
('TR-20250501-007', 1, 3, '2025-05-01', 1, 2, 6, '陈明', 'PET薄膜调拨至丝印半成品仓-生产用', 6, 0),
('TR-20250502-008', 2, 3, '2025-05-02', 1, 2, 6, '陈明', 'PVC薄膜调拨至丝印半成品仓-生产用', 6, 0),
('TR-20250503-009', 9, 3, '2025-05-03', 1, 2, 6, '陈明', 'UV油墨调拨至丝印半成品仓-生产用', 6, 0),
('TR-20250504-010', 10, 3, '2025-05-04', 1, 2, 6, '陈明', '溶剂型油墨调拨至丝印半成品仓-生产用', 6, 0),
('TR-20250505-011', 7, 3, '2025-05-05', 1, 2, 6, '陈明', '丝印网版调拨至丝印半成品仓-生产用', 6, 0),
('TR-20250506-012', 3, 4, '2025-05-06', 1, 2, 6, '陈明', '丝印半成品调拨至模切半成品仓', 6, 0),
('TR-20250507-013', 4, 5, '2025-05-07', 1, 2, 6, '陈明', '模切半成品调拨至标签成品仓', 6, 0),
('TR-20250508-014', 1, 3, '2025-05-08', 2, 2, 6, '陈明', 'PET薄膜紧急调拨-生产急需', 6, 0),
('TR-20250509-015', 9, 3, '2025-05-09', 2, 1, 6, '陈明', 'UV油墨紧急调拨-生产急需-审批中', 6, 0),
('TR-20250510-016', 15, 1, '2025-05-10', 1, 1, 5, '刘洋', 'PET薄膜从来料待检仓调拨-审批中', 5, 0),
('TR-20250510-017', 11, 12, '2025-05-10', 1, 2, 5, '刘洋', '稀释剂从危化品主仓调拨至副仓', 5, 0),
('TR-20250511-018', 13, 14, '2025-05-11', 1, 1, 5, '刘洋', '导电银浆从冷藏主仓调拨至副仓-审批中', 5, 0),
('TR-20250511-019', 8, 4, '2025-05-11', 1, 2, 6, '陈明', '模切刀模调拨至模切半成品仓-生产用', 6, 0),
('TR-20250512-020', 16, 5, '2025-05-12', 1, 1, 5, '刘洋', '标签成品从成品待检仓调拨-审批中', 5, 0),
('TR-20250512-021', 1, 6, '2025-05-12', 2, 1, 6, '陈明', 'PE保护膜紧急调拨至包装膜成品仓', 6, 0),
('TR-20250512-022', 9, 10, '2025-05-12', 1, 1, 5, '刘洋', 'UV油墨从UV油墨仓调拨至溶剂油墨仓-临时', 5, 0),
('TR-20250512-023', 5, 16, '2025-05-12', 1, 1, 5, '刘洋', '标签成品调拨至成品待检仓-待检', 5, 0),
('TR-20250512-024', 6, 16, '2025-05-12', 1, 1, 5, '刘洋', '包装膜成品调拨至成品待检仓-待检', 5, 0),
('TR-20250512-025', 17, 19, '2025-05-12', 1, 1, 5, '刘洋', '不合格退货品调拨至不合格品仓', 5, 0);


-- ============================================================
-- 12. 调拨明细 (inv_transfer_item)
-- 依赖: inv_transfer_order(id=1~25), material
-- 说明: 每条调拨单对应1条明细
-- ============================================================
INSERT IGNORE INTO inv_transfer_item
(transfer_id, material_id, material_code, material_name, quantity, unit, batch_no, remark)
VALUES
(1, 1, 'PET-001', 'PET透明膜0.1mm', 300.0000, 'kg', 'BH20250401001', 'PET薄膜从来料待检仓调拨至原料仓'),
(2, 8, 'UV-BK', 'UV油墨-黑色', 40.0000, 'kg', 'BH20250409001', 'UV油墨从危化品副仓调拨至UV油墨仓'),
(3, 13, 'AG-PASTE', '导电银浆-高导电', 10.0000, 'kg', 'BH20250420001', '导电银浆紧急调拨-冷藏副仓至主仓'),
(4, 22, 'LABEL-AC', '空调面板标签', 15000.0000, '件', 'BH20250419002', '标签成品从成品待检仓调拨至成品仓'),
(5, 20, 'FILM-SHRINK', '包装膜成品-热收缩膜', 500.0000, 'kg', 'BH20250422002', '包装膜成品从成品待检仓调拨至成品仓'),
(6, 3, 'PVC-001', 'PVC透明膜0.15mm', 400.0000, 'kg', 'BH20250405001', 'PVC薄膜从来料待检仓调拨至原料仓'),
(7, 1, 'PET-001', 'PET透明膜0.1mm', 200.0000, 'kg', 'BH20250401001', 'PET薄膜调拨至丝印半成品仓-生产用'),
(8, 3, 'PVC-001', 'PVC透明膜0.15mm', 150.0000, 'kg', 'BH20250405001', 'PVC薄膜调拨至丝印半成品仓-生产用'),
(9, 8, 'UV-BK', 'UV油墨-黑色', 30.0000, 'kg', 'BH20250409001', 'UV油墨调拨至丝印半成品仓-生产用'),
(10, 10, 'SOL-BK', '溶剂型油墨-黑色', 20.0000, 'kg', 'BH20250413001', '溶剂型油墨调拨至丝印半成品仓-生产用'),
(11, 14, 'SCREEN-300', '丝印网版-300目', 3.0000, '件', 'BH20250417001', '丝印网版调拨至丝印半成品仓-生产用'),
(12, 22, 'LABEL-AC', '空调面板标签', 10000.0000, '件', 'BH20250415001', '丝印半成品调拨至模切半成品仓'),
(13, 24, 'LABEL-PHONE', '手机后盖标签', 15000.0000, '件', 'BH20250417001', '模切半成品调拨至标签成品仓'),
(14, 1, 'PET-001', 'PET透明膜0.1mm', 150.0000, 'kg', 'BH20250501001', 'PET薄膜紧急调拨-生产急需'),
(15, 9, 'UV-WH', 'UV油墨-白色', 20.0000, 'kg', 'BH20250411001', 'UV油墨紧急调拨-生产急需-审批中'),
(16, 1, 'PET-001', 'PET透明膜0.1mm', 200.0000, 'kg', 'BH20250501001', 'PET薄膜从来料待检仓调拨-审批中'),
(17, 16, 'THINNER', '稀释剂-标准型', 100.0000, 'kg', 'BH20250415001', '稀释剂从危化品主仓调拨至副仓'),
(18, 13, 'AG-PASTE', '导电银浆-高导电', 5.0000, 'kg', 'BH20250420001', '导电银浆从冷藏主仓调拨至副仓-审批中'),
(19, 15, 'DIE-001', '模切刀模-平板', 2.0000, '件', 'BH20250419001', '模切刀模调拨至模切半成品仓-生产用'),
(20, 25, 'LABEL-AUTO', '汽车内饰标签', 8000.0000, '件', 'BH20250423001', '标签成品从成品待检仓调拨-审批中'),
(21, 6, 'PE-001', 'PE保护膜0.05mm', 100.0000, 'kg', 'BH20250401002', 'PE保护膜紧急调拨至包装膜成品仓'),
(22, 9, 'UV-WH', 'UV油墨-白色', 15.0000, 'kg', 'BH20250411001', 'UV油墨从UV油墨仓调拨至溶剂油墨仓-临时'),
(23, 26, 'LABEL-TV', '电视背板标签', 5000.0000, '件', 'BH20250424001', '标签成品调拨至成品待检仓-待检'),
(24, 20, 'FILM-SHRINK', '包装膜成品-热收缩膜', 300.0000, 'kg', 'BH20250425002', '包装膜成品调拨至成品待检仓-待检'),
(25, 3, 'PVC-001', 'PVC透明膜0.15mm', 40.0000, 'kg', 'BH20250425001', '不合格退货品调拨至不合格品仓');


-- ============================================================
-- 13. 库存调整单 (inv_stock_adjust)
-- 依赖: warehouse, user
-- 说明: adjust_type: 1=盘盈, 2=盘亏, 3=其他调整
-- ============================================================
INSERT IGNORE INTO inv_stock_adjust
(adjust_no, warehouse_id, adjust_date, adjust_type, status, operator_id, operator_name, remark, create_by, deleted)
VALUES
('ADJ-20250505-001', 1, '2025-05-05', 1, 2, 5, '刘洋', 'PET透明膜盘盈调整-实物多于系统', 5, 0),
('ADJ-20250505-002', 2, '2025-05-05', 2, 2, 5, '刘洋', 'PVC白膜盘亏调整-实物少于系统', 5, 0),
('ADJ-20250505-003', 9, '2025-05-05', 2, 2, 5, '刘洋', 'UV油墨-黑色盘亏调整-挥发损耗', 5, 0),
('ADJ-20250506-004', 5, '2025-05-06', 1, 2, 6, '陈明', '空调面板标签盘盈调整-多产出', 6, 0),
('ADJ-20250506-005', 5, '2025-05-06', 2, 2, 6, '陈明', '手机后盖标签盘亏调整-生产损耗', 6, 0),
('ADJ-20250506-006', 6, '2025-05-06', 2, 2, 6, '陈明', '包装膜成品盘亏调整-裁切损耗', 6, 0),
('ADJ-20250507-007', 1, '2025-05-07', 3, 2, 5, '刘洋', 'PET白膜系统数据修正-录入错误', 5, 0),
('ADJ-20250507-008', 11, '2025-05-07', 2, 2, 5, '刘洋', '稀释剂盘亏调整-自然挥发', 5, 0),
('ADJ-20250507-009', 13, '2025-05-07', 2, 2, 5, '刘洋', '导电银浆盘亏调整-沉淀损耗', 5, 0),
('ADJ-20250508-010', 7, '2025-05-08', 1, 2, 6, '陈明', '丝印网版盘盈调整-归还未登记', 6, 0),
('ADJ-20250508-011', 8, '2025-05-08', 2, 2, 6, '陈明', '模切刀模盘亏调整-磨损报废', 6, 0),
('ADJ-20250508-012', 10, '2025-05-08', 2, 2, 6, '陈明', '溶剂型油墨盘亏调整-挥发损耗', 6, 0),
('ADJ-20250509-013', 5, '2025-05-09', 1, 2, 5, '刘洋', '通信设备铭牌盘盈调整-多产出', 5, 0),
('ADJ-20250509-014', 5, '2025-05-09', 3, 2, 5, '刘洋', '电视背板标签系统数据修正-单位换算', 5, 0),
('ADJ-20250509-015', 6, '2025-05-09', 2, 2, 5, '刘洋', '纸箱盘亏调整-运输破损', 5, 0),
('ADJ-20250510-016', 1, '2025-05-10', 1, 1, 5, '刘洋', 'BOPP透明膜盘盈调整-审批中', 5, 0),
('ADJ-20250510-017', 2, '2025-05-10', 2, 1, 5, '刘洋', 'PVC透明膜盘亏调整-审批中', 5, 0),
('ADJ-20250510-018', 9, '2025-05-10', 3, 1, 6, '陈明', 'UV光油系统数据修正-审批中', 6, 0),
('ADJ-20250511-019', 5, '2025-05-11', 1, 1, 6, '陈明', '标签成品-电子标签盘盈调整-审批中', 6, 0),
('ADJ-20250511-020', 6, '2025-05-11', 2, 1, 6, '陈明', '包装膜成品盘亏调整-审批中', 6, 0),
('ADJ-20250511-021', 1, '2025-05-11', 2, 1, 5, '刘洋', 'PE保护膜盘亏调整-审批中', 5, 0),
('ADJ-20250512-022', 9, '2025-05-12', 1, 1, 5, '刘洋', 'UV油墨-白色盘盈调整-审批中', 5, 0),
('ADJ-20250512-023', 10, '2025-05-12', 2, 1, 6, '陈明', '溶剂型油墨盘亏调整-审批中', 6, 0),
('ADJ-20250512-024', 7, '2025-05-12', 3, 1, 6, '陈明', '聚氨酯刮刀系统数据修正-审批中', 6, 0),
('ADJ-20250512-025', 13, '2025-05-12', 2, 1, 5, '刘洋', '导电银浆盘亏调整-审批中', 5, 0);


-- ============================================================
-- 14. 库存调整明细 (inv_stock_adjust_item)
-- 依赖: inv_stock_adjust(id=1~25), material
-- 说明: 记录调整前/后数量变化
-- ============================================================
INSERT IGNORE INTO inv_stock_adjust_item
(adjust_id, material_id, material_code, material_name, before_qty, adjust_qty, after_qty, unit, batch_no, remark)
VALUES
(1, 1, 'PET-001', 'PET透明膜0.1mm', 2480.0000, 20.0000, 2500.0000, 'kg', 'BH20250401001', '盘盈-实物多于系统20kg'),
(2, 4, 'PVC-002', 'PVC白膜0.2mm', 1470.0000, -20.0000, 1450.0000, 'kg', 'BH20250407001', '盘亏-实物少于系统20kg'),
(3, 8, 'UV-BK', 'UV油墨-黑色', 225.0000, -5.0000, 220.0000, 'kg', 'BH20250409001', '盘亏-挥发损耗5kg'),
(4, 22, 'LABEL-AC', '空调面板标签', 29500.0000, 500.0000, 30000.0000, '件', 'BH20250419002', '盘盈-多产出500件'),
(5, 24, 'LABEL-PHONE', '手机后盖标签', 80500.0000, -500.0000, 80000.0000, '件', 'BH20250421001', '盘亏-生产损耗500件'),
(6, 20, 'FILM-SHRINK', '包装膜成品-热收缩膜', 2050.0000, -50.0000, 2000.0000, 'kg', 'BH20250422002', '盘亏-裁切损耗50kg'),
(7, 2, 'PET-002', 'PET白膜0.125mm', 640.0000, 10.0000, 650.0000, 'kg', 'BH20250403001', '系统数据修正-录入错误+10kg'),
(8, 16, 'THINNER', '稀释剂-标准型', 310.0000, -10.0000, 300.0000, 'kg', 'BH20250415001', '盘亏-自然挥发10kg'),
(9, 13, 'AG-PASTE', '导电银浆-高导电', 42.0000, -2.0000, 40.0000, 'kg', 'BH20250420001', '盘亏-沉淀损耗2kg'),
(10, 14, 'SCREEN-300', '丝印网版-300目', 13.0000, 2.0000, 15.0000, '件', 'BH20250417001', '盘盈-归还未登记2件'),
(11, 15, 'DIE-001', '模切刀模-平板', 11.0000, -1.0000, 10.0000, '件', 'BH20250419001', '盘亏-磨损报废1件'),
(12, 10, 'SOL-BK', '溶剂型油墨-黑色', 83.0000, -3.0000, 80.0000, 'kg', 'BH20250413001', '盘亏-挥发损耗3kg'),
(13, 27, 'LABEL-COMM', '通信设备铭牌', 9500.0000, 500.0000, 10000.0000, '件', 'BH20250426001', '盘盈-多产出500件'),
(14, 26, 'LABEL-TV', '电视背板标签', 15200.0000, -200.0000, 15000.0000, '件', 'BH20250424001', '系统数据修正-单位换算-200件'),
(15, 18, 'BOX-001', '纸箱-标准型', 5080.0000, -80.0000, 5000.0000, '件', 'BH20250426001', '盘亏-运输破损80件'),
(16, 5, 'BOPP-001', 'BOPP透明膜0.08mm', 595.0000, 5.0000, 600.0000, 'kg', 'BH20250422001', '盘盈调整-审批中'),
(17, 3, 'PVC-001', 'PVC透明膜0.15mm', 1110.0000, -10.0000, 1100.0000, 'kg', 'BH20250405001', '盘亏调整-审批中'),
(18, 17, 'UV-VARNISH', 'UV光油-高光', 48.0000, 2.0000, 50.0000, 'kg', 'BH20250415002', '系统数据修正-审批中'),
(19, 19, 'LABEL-ELEC', '标签成品-电子标签', 49500.0000, 500.0000, 50000.0000, '件', 'BH20250427002', '盘盈调整-审批中'),
(20, 20, 'FILM-SHRINK', '包装膜成品-热收缩膜', 2010.0000, -10.0000, 2000.0000, 'kg', 'BH20250422002', '盘亏调整-审批中'),
(21, 6, 'PE-001', 'PE保护膜0.05mm', 505.0000, -5.0000, 500.0000, 'kg', 'BH20250401002', '盘亏调整-审批中'),
(22, 9, 'UV-WH', 'UV油墨-白色', 98.0000, 2.0000, 100.0000, 'kg', 'BH20250411001', '盘盈调整-审批中'),
(23, 10, 'SOL-BK', '溶剂型油墨-黑色', 82.0000, -2.0000, 80.0000, 'kg', 'BH20250413001', '盘亏调整-审批中'),
(24, 21, 'SQUEEGEE', '聚氨酯刮刀', 28.0000, 2.0000, 30.0000, '件', 'BH20250427001', '系统数据修正-审批中'),
(25, 13, 'AG-PASTE', '导电银浆-高导电', 41.0000, -1.0000, 40.0000, 'kg', 'BH20250420001', '盘亏调整-审批中');


-- ============================================================
-- 15. 盘点单 (inv_stocktaking)
-- 依赖: warehouse, user
-- 说明: taking_type: 1=全面盘点, 2=抽样盘点, 3=临时盘点
-- status: 1=进行中, 2=已完成, 3=已关闭
-- ============================================================
INSERT IGNORE INTO inv_stocktaking
(taking_no, warehouse_id, taking_date, taking_type, status, operator_id, operator_name, remark, create_by, deleted)
VALUES
('ST-20250505-001', 1, '2025-05-05', 1, 2, 5, '刘洋', 'PET薄膜原料仓4月全面盘点', 5, 0),
('ST-20250505-002', 2, '2025-05-05', 1, 2, 5, '刘洋', 'PVC薄膜原料仓4月全面盘点', 5, 0),
('ST-20250505-003', 9, '2025-05-05', 2, 2, 5, '刘洋', 'UV油墨仓抽样盘点', 5, 0),
('ST-20250506-004', 5, '2025-05-06', 1, 2, 6, '陈明', '标签成品仓4月全面盘点', 6, 0),
('ST-20250506-005', 6, '2025-05-06', 1, 2, 6, '陈明', '包装膜成品仓4月全面盘点', 6, 0),
('ST-20250507-006', 7, '2025-05-07', 2, 2, 6, '陈明', '网版存放仓抽样盘点', 6, 0),
('ST-20250507-007', 8, '2025-05-07', 2, 2, 6, '陈明', '刀模存放仓抽样盘点', 6, 0),
('ST-20250507-008', 10, '2025-05-07', 2, 2, 5, '刘洋', '溶剂油墨仓抽样盘点', 5, 0),
('ST-20250508-009', 11, '2025-05-08', 1, 2, 5, '刘洋', '危化品主仓全面盘点-月度安全检查', 5, 0),
('ST-20250508-010', 13, '2025-05-08', 1, 2, 5, '刘洋', '冷藏主仓全面盘点-温控核查', 5, 0),
('ST-20250508-011', 17, '2025-05-08', 2, 2, 5, '刘洋', '客户退货仓抽样盘点', 5, 0),
('ST-20250509-012', 18, '2025-05-09', 2, 2, 5, '刘洋', '供应商退货仓抽样盘点', 5, 0),
('ST-20250509-013', 15, '2025-05-09', 3, 2, 6, '陈明', '来料待检仓临时盘点-新物料入库核查', 6, 0),
('ST-20250509-014', 16, '2025-05-09', 3, 2, 6, '陈明', '成品待检仓临时盘点', 6, 0),
('ST-20250510-015', 1, '2025-05-10', 2, 2, 5, '刘洋', 'PET薄膜原料仓5月抽样盘点', 5, 0),
('ST-20250510-016', 2, '2025-05-10', 2, 1, 5, '刘洋', 'PVC薄膜原料仓5月抽样盘点-进行中', 5, 0),
('ST-20250510-017', 5, '2025-05-10', 2, 1, 6, '陈明', '标签成品仓5月抽样盘点-进行中', 6, 0),
('ST-20250511-018', 9, '2025-05-11', 3, 1, 5, '刘洋', 'UV油墨仓临时盘点-库存异常核查', 5, 0),
('ST-20250511-019', 6, '2025-05-11', 2, 1, 6, '陈明', '包装膜成品仓5月抽样盘点-进行中', 6, 0),
('ST-20250511-020', 11, '2025-05-11', 3, 1, 5, '刘洋', '危化品主仓临时盘点-安全核查', 5, 0),
('ST-20250512-021', 13, '2025-05-12', 2, 1, 5, '刘洋', '冷藏主仓5月抽样盘点-进行中', 5, 0),
('ST-20250512-022', 3, '2025-05-12', 1, 1, 6, '陈明', '丝印半成品仓全面盘点-进行中', 6, 0),
('ST-20250512-023', 4, '2025-05-12', 1, 1, 6, '陈明', '模切半成品仓全面盘点-进行中', 6, 0),
('ST-20250512-024', 19, '2025-05-12', 3, 1, 5, '刘洋', '不合格品仓临时盘点-报废核查', 5, 0),
('ST-20250512-025', 20, '2025-05-12', 3, 1, 5, '刘洋', '生产废料仓临时盘点-回收核查', 5, 0);


-- ============================================================
-- 16. 盘点明细 (inv_stocktaking_item)
-- 依赖: inv_stocktaking(id=1~25), material
-- 说明: 记录系统数量、实际数量、差异数量
-- ============================================================
INSERT IGNORE INTO inv_stocktaking_item
(taking_id, material_id, material_code, material_name, system_qty, actual_qty, diff_qty, unit, batch_no, location_id, remark)
VALUES
(1, 1, 'PET-001', 'PET透明膜0.1mm', 2480.0000, 2500.0000, 20.0000, 'kg', 'BH20250401001', 1, '盘盈20kg-可能为入库未登记'),
(1, 2, 'PET-002', 'PET白膜0.125mm', 640.0000, 650.0000, 10.0000, 'kg', 'BH20250403001', 1, '盘盈10kg'),
(1, 5, 'BOPP-001', 'BOPP透明膜0.08mm', 600.0000, 600.0000, 0.0000, 'kg', 'BH20250422001', 1, '账实相符'),
(1, 6, 'PE-001', 'PE保护膜0.05mm', 500.0000, 500.0000, 0.0000, 'kg', 'BH20250401002', 1, '账实相符'),
(2, 3, 'PVC-001', 'PVC透明膜0.15mm', 1100.0000, 1100.0000, 0.0000, 'kg', 'BH20250405001', 2, '账实相符'),
(2, 4, 'PVC-002', 'PVC白膜0.2mm', 1470.0000, 1450.0000, -20.0000, 'kg', 'BH20250407001', 2, '盘亏20kg-可能为出库未登记'),
(3, 8, 'UV-BK', 'UV油墨-黑色', 225.0000, 220.0000, -5.0000, 'kg', 'BH20250409001', 9, '盘亏5kg-挥发损耗'),
(3, 9, 'UV-WH', 'UV油墨-白色', 100.0000, 100.0000, 0.0000, 'kg', 'BH20250411001', 9, '账实相符'),
(4, 22, 'LABEL-AC', '空调面板标签', 29500.0000, 30000.0000, 500.0000, '件', 'BH20250419002', 5, '盘盈500件-多产出'),
(4, 24, 'LABEL-PHONE', '手机后盖标签', 80500.0000, 80000.0000, -500.0000, '件', 'BH20250421001', 5, '盘亏500件-生产损耗'),
(4, 25, 'LABEL-AUTO', '汽车内饰标签', 20000.0000, 20000.0000, 0.0000, '件', 'BH20250423001', 5, '账实相符'),
(5, 20, 'FILM-SHRINK', '包装膜成品-热收缩膜', 2050.0000, 2000.0000, -50.0000, 'kg', 'BH20250422002', 6, '盘亏50kg-裁切损耗'),
(5, 18, 'BOX-001', '纸箱-标准型', 5080.0000, 5000.0000, -80.0000, '件', 'BH20250426001', 6, '盘亏80件-运输破损'),
(6, 14, 'SCREEN-300', '丝印网版-300目', 13.0000, 15.0000, 2.0000, '件', 'BH20250417001', 7, '盘盈2件-归还未登记'),
(6, 21, 'SQUEEGEE', '聚氨酯刮刀', 30.0000, 30.0000, 0.0000, '件', 'BH20250427001', 7, '账实相符'),
(7, 15, 'DIE-001', '模切刀模-平板', 11.0000, 10.0000, -1.0000, '件', 'BH20250419001', 8, '盘亏1件-磨损报废'),
(8, 10, 'SOL-BK', '溶剂型油墨-黑色', 83.0000, 80.0000, -3.0000, 'kg', 'BH20250413001', 10, '盘亏3kg-挥发损耗'),
(9, 16, 'THINNER', '稀释剂-标准型', 310.0000, 300.0000, -10.0000, 'kg', 'BH20250415001', 11, '盘亏10kg-自然挥发'),
(9, 17, 'UV-VARNISH', 'UV光油-高光', 48.0000, 50.0000, 2.0000, 'kg', 'BH20250415002', 11, '盘盈2kg'),
(10, 13, 'AG-PASTE', '导电银浆-高导电', 42.0000, 40.0000, -2.0000, 'kg', 'BH20250420001', 13, '盘亏2kg-沉淀损耗'),
(11, 1, 'PET-001', 'PET透明膜0.1mm', 100.0000, 100.0000, 0.0000, 'kg', 'BH20250424001', 17, '退货仓-账实相符'),
(12, 8, 'UV-BK', 'UV油墨-黑色', 30.0000, 30.0000, 0.0000, 'kg', 'BH20250427001', 18, '供应商退货-账实相符'),
(13, 7, 'PAPER-001', '不干胶铜版纸80g', 200.0000, 200.0000, 0.0000, 'kg', 'BH20250511001', 15, '来料待检-账实相符'),
(14, 22, 'LABEL-AC', '空调面板标签', 15000.0000, 15000.0000, 0.0000, '件', 'BH20250415001', 16, '成品待检-账实相符'),
(15, 1, 'PET-001', 'PET透明膜0.1mm', 2500.0000, 2500.0000, 0.0000, 'kg', 'BH20250401001', 1, '5月抽样-账实相符');


SET FOREIGN_KEY_CHECKS=1;
